DAY,REGION,CUSTOMER_TYPE,BATTERY_ACTION,ACTION_COUNT,TOTAL_IMPORT_KWH,TOTAL_EXPORT_KWH,TOTAL_IMPORT_COST_EUR,TOTAL_EXPORT_REVENUE_EUR,TOTAL_NET_MARGIN_EUR,TOTAL_CUSTOMER_MARGIN_EUR,TOTAL_EPOWER_MARGIN_EUR
2026-04-10,East,Gewerbekunde,DISCHARGE,1232,102.9,3686.5,14.1209,671.6434,657.5225,460.2685,197.2623
2026-04-10,East,Gewerbekunde,SELF_CONSUME,2992,1770.7,1475.5,178.4807,163.8207,-14.66,-10.2651,-4.3976
2026-04-10,East,Kleingewerbe,DISCHARGE,4228,329.9,12925.5,45.3091,2342.9722,2297.6631,1608.3771,689.3209
2026-04-10,East,Kleingewerbe,SELF_CONSUME,10268,5712.9,5459.3,573.3866,604.8413,31.4547,22.0144,9.4479
2026-04-10,East,Privatkunde,DISCHARGE,17164,1480.8,52129.6,203.6196,9437.6729,9234.0533,6463.8914,2770.2883
2026-04-10,East,Privatkunde,SELF_CONSUME,41684,23213.2,21768.8,2330.7609,2408.0043,77.2434,54.0448,23.2099
2026-04-10,North,Gewerbekunde,DISCHARGE,1876,165.8,5765.9,22.8184,1043.8682,1021.0498,714.741,306.3224
2026-04-10,North,Gewerbekunde,SELF_CONSUME,4556,2615.4,2334.5,263.1784,257.8224,-5.356,-3.7548,-1.6053
2026-04-10,North,Kleingewerbe,DISCHARGE,4508,375.7,13814.9,51.6605,2503.8787,2452.2182,1716.5697,735.6852
2026-04-10,North,Kleingewerbe,SELF_CONSUME,10948,5908.3,5762.3,592.3576,637.9054,45.5478,31.8703,13.6758
2026-04-10,North,Privatkunde,DISCHARGE,19208,1571.6,58683.2,216.3914,10660.6204,10444.229,7311.0155,3133.3558
2026-04-10,North,Privatkunde,SELF_CONSUME,46648,25560,24228.8,2562.7732,2685.6081,122.8349,85.9444,36.8878
2026-04-10,South,Gewerbekunde,DISCHARGE,2100,177.5,6347.4,24.3327,1150.8107,1126.478,788.5413,337.9528
2026-04-10,South,Gewerbekunde,SELF_CONSUME,5100,2864.1,2777,287.1701,305.9094,18.7393,13.1144,5.6258
2026-04-10,South,Kleingewerbe,DISCHARGE,5936,516.1,18234.6,71.0134,3316.3027,3245.2893,2271.7207,973.6137
2026-04-10,South,Kleingewerbe,SELF_CONSUME,14416,7796.3,7499,787.178,827.6447,40.4667,28.3059,12.1512
2026-04-10,South,Privatkunde,DISCHARGE,23380,1998.1,71347.4,275.1277,12935.8065,12660.6788,8862.5466,3798.2998
2026-04-10,South,Privatkunde,SELF_CONSUME,56780,31208.3,29751,3131.8769,3290.9511,159.0742,111.317,47.7713
2026-04-10,West,Gewerbekunde,DISCHARGE,2212,178.8,6739.8,24.714,1221.6795,1196.9655,837.8838,359.0994
2026-04-10,West,Gewerbekunde,SELF_CONSUME,5372,2874,2850.6,287.3453,316.4741,29.1288,20.3829,8.7441
2026-04-10,West,Kleingewerbe,DISCHARGE,5992,481.8,18284.6,66.1019,3315.4122,3249.3103,2274.538,974.8129
2026-04-10,West,Kleingewerbe,SELF_CONSUME,14552,8224.2,7517.8,826.9867,833.8993,6.9126,4.8304,2.0899
2026-04-10,West,Privatkunde,DISCHARGE,25340,2152.5,76953.3,296.4082,13973.9917,13677.5835,9574.3818,4103.3859
2026-04-10,West,Privatkunde,SELF_CONSUME,61540,34041.1,31541.9,3415.6363,3498.1494,82.5131,57.7133,24.8074
2026-04-11,East,Gewerbekunde,CHARGE,924,2260.4,101.3,74.4678,6.1882,-68.2796,-47.796,-20.484
2026-04-11,East,Gewerbekunde,MAX_CHARGE,1276,5430.2,0,-204.2404,0,204.2404,142.9681,61.272
2026-04-11,East,Gewerbekunde,SELF_CONSUME,2024,1228.2,749.9,112.6072,69.1878,-43.4194,-30.3946,-13.0276
2026-04-11,East,Kleingewerbe,CHARGE,3171,8125.1,352.5,270.4985,20.9035,-249.595,-174.7121,-74.8819
2026-04-11,East,Kleingewerbe,MAX_CHARGE,4379,18645,0,-697.796,0,697.796,488.4534,209.3418
2026-04-11,East,Kleingewerbe,SELF_CONSUME,6946,4398.7,2257.5,400.3936,209.1618,-191.2318,-133.8634,-57.3781
2026-04-11,East,Privatkunde,CHARGE,12873,31945.2,1379.2,1059.2186,82.348,-976.8706,-683.7934,-293.0661
2026-04-11,East,Privatkunde,MAX_CHARGE,17777,75687,0,-2833.8274,0,2833.8274,1983.6606,850.1644
2026-04-11,East,Privatkunde,SELF_CONSUME,28198,17778.6,9058,1622.5604,843.3763,-779.1841,-545.4234,-233.7597
2026-04-11,North,Gewerbekunde,CHARGE,1407,3604.6,167.5,120.6408,9.9172,-110.7236,-77.5036,-33.2185
2026-04-11,North,Gewerbekunde,MAX_CHARGE,1943,8279.2,0,-309.4042,0,309.4042,216.5813,92.8228
2026-04-11,North,Gewerbekunde,SELF_CONSUME,3082,1936.6,954.9,178.6771,87.0238,-91.6533,-64.1561,-27.4954
2026-04-11,North,Kleingewerbe,CHARGE,3381,8434,343.9,280.3896,20.5248,-259.8648,-181.9018,-77.9618
2026-04-11,North,Kleingewerbe,MAX_CHARGE,4669,19865.6,0,-746.3879,0,746.3879,522.4682,223.9181
2026-04-11,North,Kleingewerbe,SELF_CONSUME,7406,4734,2442.5,427.7136,230.0409,-197.6727,-138.3609,-59.3006
2026-04-11,North,Privatkunde,CHARGE,14406,36089.2,1542.2,1196.0835,92.4643,-1103.6192,-772.5141,-331.0944
2026-04-11,North,Privatkunde,MAX_CHARGE,19894,84592.7,0,-3170.1691,0,3170.1691,2219.1014,951.0617
2026-04-11,North,Privatkunde,SELF_CONSUME,31556,20329.7,10209.8,1852.6734,945.5038,-907.1696,-635.009,-272.1611
2026-04-11,South,Gewerbekunde,CHARGE,1575,3937.2,185.4,130.7195,11.1504,-119.5691,-83.6969,-35.8712
2026-04-11,South,Gewerbekunde,MAX_CHARGE,2175,9280.1,0,-347.1047,0,347.1047,242.9703,104.1317
2026-04-11,South,Gewerbekunde,SELF_CONSUME,3450,2177.9,1257.4,196.6621,118.9211,-77.741,-54.4168,-23.3251
2026-04-11,South,Kleingewerbe,CHARGE,4452,11221.1,504.9,371.2808,30.0607,-341.2201,-238.8474,-102.3685
2026-04-11,South,Kleingewerbe,MAX_CHARGE,6148,26034.3,0,-976.2533,0,976.2533,683.3691,292.8806
2026-04-11,South,Kleingewerbe,SELF_CONSUME,9752,6123.4,3229.1,554.8637,300.7054,-254.1583,-177.9093,-76.2516
2026-04-11,South,Privatkunde,CHARGE,17535,43769.1,1877.1,1457.7572,111.8759,-1345.8813,-942.0913,-403.772
2026-04-11,South,Privatkunde,MAX_CHARGE,24215,103058.2,0,-3870.7713,0,3870.7713,2709.5124,1161.2511
2026-04-11,South,Privatkunde,SELF_CONSUME,38410,24474.3,12665.3,2234.7804,1178.8196,-1055.9608,-739.1578,-316.8026
2026-04-11,West,Gewerbekunde,CHARGE,1659,4139.8,178.5,139.158,10.6596,-128.4984,-89.9484,-38.5493
2026-04-11,West,Gewerbekunde,MAX_CHARGE,2291,9691.4,0,-364.5844,0,364.5844,255.2076,109.377
2026-04-11,West,Gewerbekunde,SELF_CONSUME,3634,2328.4,1175.5,211.8571,109.3534,-102.5037,-71.7541,-30.7505
2026-04-11,West,Kleingewerbe,CHARGE,4494,11319.3,493.4,377.4338,29.3143,-348.1195,-243.6757,-104.4388
2026-04-11,West,Kleingewerbe,MAX_CHARGE,6206,26463.1,0,-993.8041,0,993.8041,695.6528,298.146
2026-04-11,West,Kleingewerbe,SELF_CONSUME,9844,6268.4,3171,570.0071,294.5862,-275.4209,-192.7923,-82.6235
2026-04-11,West,Privatkunde,CHARGE,19005,47631.2,2103.7,1587.7289,124.0065,-1463.7224,-1024.5727,-439.1282
2026-04-11,West,Privatkunde,MAX_CHARGE,26245,111660.9,0,-4192.1149,0,4192.1149,2934.4562,1257.6605
2026-04-11,West,Privatkunde,SELF_CONSUME,41630,26825.1,13641.5,2434.658,1272.4344,-1162.2236,-813.5368,-348.6712
2026-04-12,East,Gewerbekunde,CHARGE,1452,4445.7,32.1,106.5001,1.9404,-104.5597,-73.1892,-31.3692
2026-04-12,East,Gewerbekunde,DISCHARGE,880,126.3,2455.6,17.3665,348.9594,331.5929,232.1145,99.4854
2026-04-12,East,Gewerbekunde,SELF_CONSUME,1892,1166,741.1,117.2588,76.6687,-40.5901,-28.4119,-12.1762
2026-04-12,East,Kleingewerbe,CHARGE,4983,15314.3,94.4,369.997,5.7671,-364.2299,-254.9469,-109.2756
2026-04-12,East,Kleingewerbe,DISCHARGE,3020,463.9,8220.7,63.7445,1166.3489,1102.6044,771.8129,330.8111
2026-04-12,East,Kleingewerbe,SELF_CONSUME,6493,4092.6,2608.5,410.1719,270.2169,-139.955,-97.9668,-41.985
2026-04-12,East,Privatkunde,CHARGE,20229,62677.2,405.5,1515.4096,24.7414,-1490.6682,-1043.4363,-447.2209
2026-04-12,East,Privatkunde,DISCHARGE,12260,1802,32840.8,247.6369,4661.5139,4413.877,3089.6734,1324.2798
2026-04-12,East,Privatkunde,SELF_CONSUME,26359,16593.6,10598.1,1658.5224,1096.1279,-562.3945,-393.6608,-168.7228
2026-04-12,North,Gewerbekunde,CHARGE,2211,6900.7,51.2,167.3495,3.1403,-164.2092,-114.9432,-49.2646
2026-04-12,North,Gewerbekunde,DISCHARGE,1340,202.2,3688.9,27.7813,523.8468,496.0655,347.2427,148.8322
2026-04-12,North,Gewerbekunde,SELF_CONSUME,2881,1818.3,1189.9,182.622,123.6001,-59.0219,-41.3137,-17.7078
2026-04-12,North,Kleingewerbe,CHARGE,5313,16377.4,118.7,395.2596,7.1908,-388.0688,-271.6412,-116.4237
2026-04-12,North,Kleingewerbe,DISCHARGE,3220,487.4,8852,66.9697,1256.7458,1189.7761,832.8332,356.9655
2026-04-12,North,Kleingewerbe,SELF_CONSUME,6923,4448,2616.9,445.2632,270.8258,-174.4374,-122.1045,-52.3316
2026-04-12,North,Privatkunde,CHARGE,22638,69964.2,474.4,1692.2588,28.9201,-1663.3387,-1164.2998,-499.0185
2026-04-12,North,Privatkunde,DISCHARGE,13720,1945.6,36944.5,267.3593,5245.8101,4978.4508,3484.8773,1493.6662
2026-04-12,North,Privatkunde,SELF_CONSUME,29498,18631.4,11518.3,1859.6487,1195.7268,-663.9219,-464.7277,-199.1798
2026-04-12,South,Gewerbekunde,CHARGE,2475,7746.8,45.7,188.635,2.7682,-185.8668,-130.1032,-55.7626
2026-04-12,South,Gewerbekunde,DISCHARGE,1500,203.1,4060.2,27.9472,576.6894,548.7422,384.1171,164.6353
2026-04-12,South,Gewerbekunde,SELF_CONSUME,3225,2067.7,1291.3,206.1808,133.6034,-72.5774,-50.804,-21.7732
2026-04-12,South,Kleingewerbe,CHARGE,6996,21651,148.8,522.6138,9.1508,-513.463,-359.4138,-154.0404
2026-04-12,South,Kleingewerbe,DISCHARGE,4240,616.3,11399.1,84.7125,1618.3985,1533.686,1073.5696,460.1441
2026-04-12,South,Kleingewerbe,SELF_CONSUME,9116,5827.5,3613.7,582.651,375.2522,-207.3988,-145.1767,-62.2182
2026-04-12,South,Privatkunde,CHARGE,27555,84787.2,553.6,2054.9776,33.845,-2021.1326,-1414.7464,-606.3636
2026-04-12,South,Privatkunde,DISCHARGE,16700,2509.3,45067.5,344.8043,6398.474,6053.6697,4237.5193,1816.2646
2026-04-12,South,Privatkunde,SELF_CONSUME,35905,23107.1,13880.1,2315.0147,1444.7646,-870.2501,-609.1635,-261.0797
2026-04-12,West,Gewerbekunde,CHARGE,2607,8088.5,49.8,196.64,3.014,-193.626,-135.5358,-58.0875
2026-04-12,West,Gewerbekunde,DISCHARGE,1580,238.7,4352.4,32.8706,617.8741,585.0035,409.4962,175.5166
2026-04-12,West,Gewerbekunde,SELF_CONSUME,3397,2100.8,1343.4,210.0904,140.0276,-70.0628,-49.041,-21.0173
2026-04-12,West,Kleingewerbe,CHARGE,7062,21769.2,154.1,527.2035,9.3695,-517.834,-362.4723,-155.353
2026-04-12,West,Kleingewerbe,DISCHARGE,4280,610.7,11583,83.9737,1644.3719,1560.3982,1092.2635,468.1617
2026-04-12,West,Kleingewerbe,SELF_CONSUME,9202,5655.3,3746.5,565.3688,387.6483,-177.7205,-124.402,-53.3184
2026-04-12,West,Privatkunde,CHARGE,29865,92227.4,595,2225.2282,36.2519,-2188.9763,-1532.2284,-656.7037
2026-04-12,West,Privatkunde,DISCHARGE,18100,2664.7,49034.2,366.2367,6961.5164,6595.2797,4616.6395,1978.7613
2026-04-12,West,Privatkunde,SELF_CONSUME,38915,24183.1,15936,2420.6336,1654.1833,-766.4503,-536.5108,-229.9551
2026-04-13,East,Gewerbekunde,DISCHARGE,1672,165.1,4995.8,23.0608,772.1004,749.0396,524.3289,224.717
2026-04-13,East,Gewerbekunde,SELF_CONSUME,2552,1508.5,1330.2,165.9965,155.4297,-10.5668,-7.3936,-3.1669
2026-04-13,East,Kleingewerbe,DISCHARGE,5738,544.5,17467.3,76.1399,2701.9075,2625.7676,1838.0462,787.7485
2026-04-13,East,Kleingewerbe,SELF_CONSUME,8758,4823.9,4826.7,530.7889,563.3857,32.5968,22.827,9.7864
2026-04-13,East,Privatkunde,DISCHARGE,23294,2108.6,69483.4,294.3007,10740.0832,10445.7825,7312.0837,3133.7938
2026-04-13,East,Privatkunde,SELF_CONSUME,35554,19170.6,19382.6,2107.5746,2257.5202,149.9456,104.9807,44.9985
2026-04-13,North,Gewerbekunde,DISCHARGE,2546,227.1,7751.1,31.5583,1198.5781,1167.0198,816.9171,350.1125
2026-04-13,North,Gewerbekunde,SELF_CONSUME,3886,2110.1,2120.5,233.176,246.8189,13.6429,9.5531,4.0957
2026-04-13,North,Kleingewerbe,DISCHARGE,6118,643.5,18272.7,89.8444,2824.1098,2734.2654,1913.9953,820.2978
2026-04-13,North,Kleingewerbe,SELF_CONSUME,9338,5388.1,5047.7,593.1171,588.3197,-4.7974,-3.3587,-1.4295
2026-04-13,North,Privatkunde,DISCHARGE,26068,2466.4,78382.7,344.1753,12117.0473,11772.872,8241.0482,3531.9317
2026-04-13,North,Privatkunde,SELF_CONSUME,39788,21618,21892.9,2380.2024,2548.6738,168.4714,117.9509,50.5624
2026-04-13,South,Gewerbekunde,DISCHARGE,2850,258.2,8637,35.9593,1335.5664,1299.6071,909.7264,389.8902
2026-04-13,South,Gewerbekunde,SELF_CONSUME,4350,2324.2,2441.8,255.9553,284.2102,28.2549,19.7831,8.4791
2026-04-13,South,Kleingewerbe,DISCHARGE,8056,672.4,24305.7,93.6937,3756.9834,3663.2897,2564.3165,1099.002
2026-04-13,South,Kleingewerbe,SELF_CONSUME,12296,6607.6,6892.3,727.1286,801.0764,73.9478,51.7682,22.1916
2026-04-13,South,Privatkunde,DISCHARGE,31730,2914.6,94600.4,406.8733,14616.821,14209.9477,9947.0143,4263.0695
2026-04-13,South,Privatkunde,SELF_CONSUME,48430,26211.4,27064.8,2886.1391,3149.2681,263.129,184.2353,78.9713
2026-04-13,West,Gewerbekunde,DISCHARGE,3002,308,9039.8,42.9152,1397.7173,1354.8021,948.3645,406.4497
2026-04-13,West,Gewerbekunde,SELF_CONSUME,4582,2594.4,2458.2,284.9983,286.877,1.8787,1.3195,0.5645
2026-04-13,West,Kleingewerbe,DISCHARGE,8132,751,24536.5,105.0625,3789.2246,3684.1621,2578.9277,1105.2716
2026-04-13,West,Kleingewerbe,SELF_CONSUME,12412,6826.6,6838.7,749.9811,797.3057,47.3246,33.1351,14.202
2026-04-13,West,Privatkunde,DISCHARGE,34390,3229.4,103134.4,450.6921,15937.8051,15487.113,10841.0308,4646.2182
2026-04-13,West,Privatkunde,SELF_CONSUME,52490,28521.4,28984,3141.5956,3374.1224,232.5268,162.7867,69.7897
2026-04-14,East,Gewerbekunde,DISCHARGE,1848,62.4,6130.1,8.6492,1041.5522,1032.903,723.0339,309.8705
2026-04-14,East,Gewerbekunde,SELF_CONSUME,2376,1187.2,1348.3,136.3536,157.937,21.5834,15.1097,6.4764
2026-04-14,East,Kleingewerbe,DISCHARGE,6342,190.3,20861.2,26.4164,3539.6642,3513.2478,2459.2792,1053.9743
2026-04-14,East,Kleingewerbe,SELF_CONSUME,8154,4315.3,4735.2,495.2214,554.1085,58.8871,41.215,17.674
2026-04-14,East,Privatkunde,DISCHARGE,25746,672.9,85941.3,93.495,14578.0992,14484.6042,10139.252,4345.3718
2026-04-14,East,Privatkunde,SELF_CONSUME,33102,17581.1,19009.5,2020.0869,2223.0863,202.9994,142.0892,60.9316
2026-04-14,North,Gewerbekunde,DISCHARGE,2814,75.8,9590.3,10.5053,1629.0988,1618.5935,1133.018,485.5752
2026-04-14,North,Gewerbekunde,SELF_CONSUME,3618,1870.2,2096.1,215.0144,244.4962,29.4818,20.6329,8.8458
2026-04-14,North,Kleingewerbe,DISCHARGE,6762,188.2,22750,26.1213,3856.068,3829.9467,2680.9734,1148.9791
2026-04-14,North,Kleingewerbe,SELF_CONSUME,8694,4649,4930,534.5744,576.4423,41.8679,29.3042,12.5738
2026-04-14,North,Privatkunde,DISCHARGE,28812,798.9,97485.5,110.6581,16529.3208,16418.6627,11493.0916,4925.5817
2026-04-14,North,Privatkunde,SELF_CONSUME,37044,19721.5,21102.5,2266.0773,2470.1864,204.1091,142.8496,61.2548
2026-04-14,South,Gewerbekunde,DISCHARGE,3150,92.6,10471.7,12.8101,1776.4076,1763.5975,1234.5228,529.0784
2026-04-14,South,Gewerbekunde,SELF_CONSUME,4050,2283,2296.3,262.01,268.9345,6.9245,4.8468,2.0798
2026-04-14,South,Kleingewerbe,DISCHARGE,8904,244,29891.1,33.7854,5065.913,5032.1276,3522.5061,1509.6276
2026-04-14,South,Kleingewerbe,SELF_CONSUME,11448,6058,6567.3,696.2421,767.9599,71.7178,50.1945,21.5192
2026-04-14,South,Privatkunde,DISCHARGE,35070,981.2,117768.2,136.0903,19965.8975,19829.8072,13880.9089,5948.9232
2026-04-14,South,Privatkunde,SELF_CONSUME,45090,24836,25518.2,2856.4784,2985.0749,128.5965,90.0144,38.6198
2026-04-14,West,Gewerbekunde,DISCHARGE,3318,93.8,11281.1,12.9931,1909.5483,1896.5552,1327.5947,568.962
2026-04-14,West,Gewerbekunde,SELF_CONSUME,4266,2253,2446.5,258.5759,286.3476,27.7717,19.4408,8.335
2026-04-14,West,Kleingewerbe,DISCHARGE,8988,270.1,30055,37.4849,5090.2561,5052.7712,3536.9503,1515.8269
2026-04-14,West,Kleingewerbe,SELF_CONSUME,11556,6433.9,6497,738.382,761.0897,22.7077,15.891,6.8191
2026-04-14,West,Privatkunde,DISCHARGE,38010,1068.6,126770.5,148.2588,21499.2522,21350.9934,14945.7394,6405.2775
2026-04-14,West,Privatkunde,SELF_CONSUME,48870,26195,27970.3,3011.3729,3271.0151,259.6422,181.7276,77.9178
2026-04-15,East,Gewerbekunde,CHARGE,484,1325.2,26.3,70.2604,1.6057,-68.6547,-48.0581,-20.5975
2026-04-15,East,Gewerbekunde,DISCHARGE,1364,91.5,4279.1,12.2979,678.2101,665.9122,466.1403,199.7778
2026-04-15,East,Gewerbekunde,SELF_CONSUME,2376,1562.1,1440.2,153.28,167.4927,14.2127,9.9485,4.2687
2026-04-15,East,Kleingewerbe,CHARGE,1661,4514.8,97.8,239.7853,5.9256,-233.8597,-163.6938,-70.1584
2026-04-15,East,Kleingewerbe,DISCHARGE,4681,345.3,14249.2,46.3294,2269.1964,2222.867,1556.0186,666.8679
2026-04-15,East,Kleingewerbe,SELF_CONSUME,8154,5343.9,4896.6,521.028,568.0657,47.0377,32.9217,14.1231
2026-04-15,East,Privatkunde,CHARGE,6743,18519.2,420.1,982.6461,25.766,-956.8801,-669.7905,-287.0708
2026-04-15,East,Privatkunde,DISCHARGE,19003,1461.1,58531.9,196.058,9311.209,9115.151,6380.6364,2734.579
2026-04-15,East,Privatkunde,SELF_CONSUME,33102,22212.5,20012,2173.8768,2321.4133,147.5365,103.2594,44.2986
2026-04-15,North,Gewerbekunde,CHARGE,737,2067.1,33.3,109.9018,2.0168,-107.885,-75.517,-32.3658
2026-04-15,North,Gewerbekunde,DISCHARGE,2077,146.3,6299.1,19.64,998.9952,979.3552,685.5525,293.8106
2026-04-15,North,Gewerbekunde,SELF_CONSUME,3618,2395.4,2148,232.9889,250.5314,17.5425,12.2804,5.2674
2026-04-15,North,Kleingewerbe,CHARGE,1771,4975.8,106.6,264.6324,6.4718,-258.1606,-180.7061,-77.4476
2026-04-15,North,Kleingewerbe,DISCHARGE,4991,365.9,15371.5,49.1107,2443.3078,2394.1971,1675.9441,718.2733
2026-04-15,North,Kleingewerbe,SELF_CONSUME,8694,5950.7,5273.5,580.5808,612.2101,31.6293,22.1358,9.4965
2026-04-15,North,Privatkunde,CHARGE,7546,20840.4,477.3,1106.1786,29.4136,-1076.765,-753.7084,-323.0287
2026-04-15,North,Privatkunde,DISCHARGE,21266,1590.4,65878.5,213.3649,10477.9953,10264.6304,7185.2851,3079.4299
2026-04-15,North,Privatkunde,SELF_CONSUME,37044,25065.2,22578.2,2455.7723,2616.5617,160.7894,112.5184,48.2823
2026-04-15,South,Gewerbekunde,CHARGE,825,2287.9,50,121.5267,3.0623,-118.4644,-82.9236,-35.5397
2026-04-15,South,Gewerbekunde,DISCHARGE,2325,172.2,7150.9,23.1112,1137.2406,1114.1294,779.8944,334.2448
2026-04-15,South,Gewerbekunde,SELF_CONSUME,4050,2901.1,2370.7,284.7738,275.9426,-8.8312,-6.1837,-2.6459
2026-04-15,South,Kleingewerbe,CHARGE,2332,6436.6,120.5,341.8143,7.3956,-334.4187,-234.0815,-100.327
2026-04-15,South,Kleingewerbe,DISCHARGE,6572,520.3,20362.9,69.8321,3237.1619,3167.3298,2217.1417,950.213
2026-04-15,South,Kleingewerbe,SELF_CONSUME,11448,7762.3,6816.6,758.6062,793.6204,35.0142,24.4999,10.5187
2026-04-15,South,Privatkunde,CHARGE,9185,25216.5,539.5,1338.8054,33.1412,-1305.6642,-913.9315,-391.7004
2026-04-15,South,Privatkunde,DISCHARGE,25885,1833.8,80446,245.755,12790.9115,12545.1565,8781.6652,3763.606
2026-04-15,South,Privatkunde,SELF_CONSUME,45090,30820.1,27406.1,3021.8473,3183.7179,161.8706,113.2729,48.6149
2026-04-15,West,Gewerbekunde,CHARGE,869,2341.2,60.2,124.0659,3.6978,-120.3681,-84.2544,-36.1101
2026-04-15,West,Gewerbekunde,DISCHARGE,2449,187.7,7472.3,25.1987,1185.8254,1160.6267,812.4426,348.1931
2026-04-15,West,Gewerbekunde,SELF_CONSUME,4266,2741.5,2600.3,269.3414,300.9261,31.5847,22.1044,9.4779
2026-04-15,West,Kleingewerbe,CHARGE,2354,6527.9,153.9,346.2381,9.3398,-336.8983,-235.821,-101.0711
2026-04-15,West,Kleingewerbe,DISCHARGE,6634,533.2,20523.3,71.4665,3268.6961,3197.2296,2238.0742,959.1836
2026-04-15,West,Kleingewerbe,SELF_CONSUME,11556,7891.7,6931.6,777.5552,802.8106,25.2554,17.6691,7.5914
2026-04-15,West,Privatkunde,CHARGE,9955,27605.2,610,1464.997,37.3764,-1427.6206,-999.2949,-428.2862
2026-04-15,West,Privatkunde,DISCHARGE,28055,2144.3,85993.6,287.6511,13669.1718,13381.5207,9367.12,4014.5137
2026-04-15,West,Privatkunde,SELF_CONSUME,48870,32863.7,29840.4,3217.8783,3460.0279,242.1496,169.4712,72.7026
2026-04-16,East,Gewerbekunde,CHARGE,660,1615.6,84,80.7537,5.0796,-75.6741,-52.9736,-22.7014
2026-04-16,East,Gewerbekunde,DISCHARGE,1188,24.5,4072.7,3.3075,638.5154,635.2079,444.6486,190.5625
2026-04-16,East,Gewerbekunde,SELF_CONSUME,2376,1536.3,1634.9,153.3998,186.4823,33.0825,23.1531,9.9266
2026-04-16,East,Kleingewerbe,CHARGE,2265,5366.8,246.5,268.7029,14.9541,-253.7488,-177.6219,-76.1178
2026-04-16,East,Kleingewerbe,DISCHARGE,4077,88.2,13892.1,11.907,2178.6468,2166.7398,1516.7197,650.0245
2026-04-16,East,Kleingewerbe,SELF_CONSUME,8154,4987.4,5495.8,497.6561,624.8872,127.2311,89.0414,38.1708
2026-04-16,East,Privatkunde,CHARGE,9195,21790.2,964.4,1092.4167,58.5384,-1033.8783,-723.703,-310.134
2026-04-16,East,Privatkunde,DISCHARGE,16551,340.9,55789.8,46.0215,8734.4512,8688.4297,6081.9192,2606.54
2026-04-16,East,Privatkunde,SELF_CONSUME,33102,20612.9,21967,2056.7466,2503.1227,446.3761,312.4064,133.9368
2026-04-16,North,Gewerbekunde,CHARGE,1005,2382.8,105.2,119.2342,6.416,-112.8182,-78.9717,-33.8428
2026-04-16,North,Gewerbekunde,DISCHARGE,1809,43.2,6127.5,5.832,962.4006,956.5686,669.6004,286.9723
2026-04-16,North,Gewerbekunde,SELF_CONSUME,3618,2289.2,2374.5,230.2421,269.5296,39.2875,27.4952,11.787
2026-04-16,North,Kleingewerbe,CHARGE,2415,5556.2,257.4,277.9083,15.6171,-262.2912,-183.6031,-78.6799
2026-04-16,North,Kleingewerbe,DISCHARGE,4347,105.5,14701.2,14.2425,2304.74,2290.4975,1603.3534,687.1525
2026-04-16,North,Kleingewerbe,SELF_CONSUME,8694,5508.3,5691,552.9602,648.3636,95.4034,66.77,28.6328
2026-04-16,North,Privatkunde,CHARGE,10290,24464.8,1179.9,1225.2301,71.3126,-1153.9175,-807.7342,-346.1434
2026-04-16,North,Privatkunde,DISCHARGE,18522,440.8,62743.2,59.508,9822.1667,9762.6587,6833.8911,2928.802
2026-04-16,North,Privatkunde,SELF_CONSUME,37044,23227.6,24701.3,2324.4461,2812.6369,488.1908,341.6724,146.4851
2026-04-16,South,Gewerbekunde,CHARGE,1125,2701,114.9,135.2841,6.9378,-128.3463,-89.8432,-38.5016
2026-04-16,South,Gewerbekunde,DISCHARGE,2025,46.4,6738.8,6.264,1053.4878,1047.2238,733.0607,314.1665
2026-04-16,South,Gewerbekunde,SELF_CONSUME,4050,2531.8,2701.5,252.6182,307.8866,55.2684,38.6814,16.5827
2026-04-16,South,Kleingewerbe,CHARGE,3180,7447.8,330,373.482,20.0559,-353.4261,-247.394,-106.0166
2026-04-16,South,Kleingewerbe,DISCHARGE,5724,135.7,19097.2,18.3195,2986.6561,2968.3366,2077.8443,890.5007
2026-04-16,South,Kleingewerbe,SELF_CONSUME,11448,6929.7,7714.4,691.5715,877.7425,186.171,130.3013,55.8572
2026-04-16,South,Privatkunde,CHARGE,12525,29812.6,1382.4,1492.2078,83.7111,-1408.4967,-985.9311,-422.5079
2026-04-16,South,Privatkunde,DISCHARGE,22545,504.8,76617.9,68.148,11996.747,11928.599,8350.0433,3578.5843
2026-04-16,South,Privatkunde,SELF_CONSUME,45090,27774.6,30442.9,2773.6856,3469.6287,695.9431,487.093,208.8079
2026-04-16,West,Gewerbekunde,CHARGE,1185,2829.2,134,141.44,8.1059,-133.3341,-93.3347,-39.9982
2026-04-16,West,Gewerbekunde,DISCHARGE,2133,51.6,7040.5,6.966,1101.7423,1094.7763,766.347,328.433
2026-04-16,West,Gewerbekunde,SELF_CONSUME,4266,2744.8,2785.9,275.4433,317.165,41.7217,29.2,12.5188
2026-04-16,West,Kleingewerbe,CHARGE,3210,7569.1,401.3,378.6065,24.3053,-354.3012,-248.0088,-106.2822
2026-04-16,West,Kleingewerbe,DISCHARGE,5778,123,19423.2,16.605,3043.6067,3027.0017,2118.9066,908.1017
2026-04-16,West,Kleingewerbe,SELF_CONSUME,11556,7217.9,7756.7,721.1224,882.9654,161.843,113.2689,48.5617
2026-04-16,West,Privatkunde,CHARGE,13575,32125.8,1529.8,1608.9517,92.6182,-1516.3335,-1061.4223,-454.8605
2026-04-16,West,Privatkunde,DISCHARGE,24435,547.4,82578,73.899,12929.1221,12855.2231,8998.6862,3856.5752
2026-04-16,West,Privatkunde,SELF_CONSUME,48870,30436.8,33055.4,3043.7934,3758.6551,714.8617,500.3214,214.4961
2026-04-17,East,Gewerbekunde,CHARGE,792,2302.2,37.2,72.9892,2.2059,-70.7833,-49.5472,-21.2365
2026-04-17,East,Gewerbekunde,DISCHARGE,1056,171.2,2890,24.1478,439.0808,414.933,290.4563,124.4888
2026-04-17,East,Gewerbekunde,SELF_CONSUME,2376,1859.8,1034.8,188.0016,117.4365,-70.5651,-49.3942,-21.1704
2026-04-17,East,Kleingewerbe,CHARGE,2718,8094.2,110.9,256.6991,6.5767,-250.1224,-175.0871,-75.0409
2026-04-17,East,Kleingewerbe,DISCHARGE,3624,524,9844,73.5154,1495.3184,1421.803,995.2789,426.572
2026-04-17,East,Kleingewerbe,SELF_CONSUME,8154,6295.8,3351.1,632.9462,381.764,-251.1822,-175.8256,-75.363
2026-04-17,East,Privatkunde,CHARGE,11034,32522.9,424.6,1031.594,25.1799,-1006.4141,-704.4966,-301.948
2026-04-17,East,Privatkunde,DISCHARGE,14712,2081.2,40195.2,292.3615,6101.2405,5808.879,4066.2652,1742.7859
2026-04-17,East,Privatkunde,SELF_CONSUME,33102,25052.7,14097.4,2516.5429,1608.1407,-908.4022,-635.8686,-272.5371
2026-04-17,North,Gewerbekunde,CHARGE,1206,3565.4,48.3,112.9225,2.8602,-110.0623,-77.0428,-33.0218
2026-04-17,North,Gewerbekunde,DISCHARGE,1608,233.9,4380.7,32.8156,665.542,632.7264,442.9145,189.8311
2026-04-17,North,Gewerbekunde,SELF_CONSUME,3618,2732.7,1535.4,275.1903,174.6357,-100.5546,-70.3896,-30.1692
2026-04-17,North,Kleingewerbe,CHARGE,2898,8626.7,98,273.6545,5.8159,-267.8386,-187.49,-80.357
2026-04-17,North,Kleingewerbe,DISCHARGE,3864,575.1,10566.6,80.8088,1603.9643,1523.1555,1066.2276,456.9814
2026-04-17,North,Kleingewerbe,SELF_CONSUME,8694,6601,3637.8,663.8134,416.7554,-247.058,-172.9357,-74.1232
2026-04-17,North,Privatkunde,CHARGE,12348,36404.3,474.8,1156.1857,28.1555,-1128.0302,-789.6376,-338.4392
2026-04-17,North,Privatkunde,DISCHARGE,16464,2499.3,44468.2,351.3005,6748.2356,6396.9351,4477.9159,1919.2149
2026-04-17,North,Privatkunde,SELF_CONSUME,37044,28134.4,15778.6,2824.3123,1798.9125,-1025.3998,-717.7616,-307.644
2026-04-17,South,Gewerbekunde,CHARGE,1350,3998,54.4,126.3168,3.2265,-123.0903,-86.1639,-36.9301
2026-04-17,South,Gewerbekunde,DISCHARGE,1800,245.4,5018.1,34.5675,762.5839,728.0164,509.619,218.4202
2026-04-17,South,Gewerbekunde,SELF_CONSUME,4050,3077.4,1657.5,310.2226,188.9538,-121.2688,-84.8859,-36.3801
2026-04-17,South,Kleingewerbe,CHARGE,3816,11368.6,137.3,360.1717,8.156,-352.0157,-246.4118,-105.6115
2026-04-17,South,Kleingewerbe,DISCHARGE,5088,719.9,13597.6,101.1708,2063.9655,1962.7947,1373.9758,588.8772
2026-04-17,South,Kleingewerbe,SELF_CONSUME,11448,8812.3,4693.9,885.6448,536.9476,-348.6972,-244.0828,-104.6159
2026-04-17,South,Privatkunde,CHARGE,15030,44175.8,575.4,1401.3453,34.1257,-1367.2196,-957.0542,-410.202
2026-04-17,South,Privatkunde,DISCHARGE,20040,2947.8,54154.3,414.4839,8218.3574,7803.8735,5462.791,2341.3192
2026-04-17,South,Privatkunde,SELF_CONSUME,45090,34247.6,19421.1,3441.2984,2215.8435,-1225.4549,-857.7944,-367.6605
2026-04-17,West,Gewerbekunde,CHARGE,1422,4101.5,59.1,129.5493,3.5057,-126.0436,-88.2314,-37.8174
2026-04-17,West,Gewerbekunde,DISCHARGE,1896,289.8,5185.8,40.742,786.738,745.996,522.2013,223.813
2026-04-17,West,Gewerbekunde,SELF_CONSUME,4266,3145.1,1869.5,316.6627,212.7304,-103.9323,-72.7521,-31.1852
2026-04-17,West,Kleingewerbe,CHARGE,3852,11303.2,135.1,358.9583,8.0183,-350.94,-245.6597,-105.2907
2026-04-17,West,Kleingewerbe,DISCHARGE,5136,738.5,13722.6,103.7767,2082.5487,1978.772,1385.156,593.6728
2026-04-17,West,Kleingewerbe,SELF_CONSUME,11556,8699.1,4925.9,872.2935,562.2734,-310.0201,-217.0093,-93.0144
2026-04-17,West,Privatkunde,CHARGE,16290,47970.9,571,1522.6236,33.8826,-1488.741,-1042.1294,-446.6602
2026-04-17,West,Privatkunde,DISCHARGE,21720,3098.8,58929.8,435.319,8945.714,8510.395,5957.3644,2553.2933
2026-04-17,West,Privatkunde,SELF_CONSUME,48870,37254.7,20824,3741.85,2377.8201,-1364.0299,-954.8012,-409.2342
2026-04-18,East,Gewerbekunde,CHARGE,748,2128.6,45.9,43.3765,2.6829,-40.6936,-28.4857,-12.2071
2026-04-18,East,Gewerbekunde,DISCHARGE,572,83.5,1640,11.1726,232.7688,221.5962,155.1162,66.48
2026-04-18,East,Gewerbekunde,MAX_CHARGE,528,2149.4,0,-6.1147,0,6.1147,4.2786,1.8358
2026-04-18,East,Gewerbekunde,SELF_CONSUME,2376,1609.7,985.3,167.9926,111.8571,-56.1355,-39.2949,-16.8407
2026-04-18,East,Kleingewerbe,CHARGE,2567,7523.9,155.1,153.4603,9.0921,-144.3682,-101.058,-43.3113
2026-04-18,East,Kleingewerbe,DISCHARGE,1963,264.9,5357.8,35.4498,760.687,725.2372,507.6662,217.5721
2026-04-18,East,Kleingewerbe,MAX_CHARGE,1812,7471.4,0,-21.2173,0,21.2173,14.8474,6.3686
2026-04-18,East,Kleingewerbe,SELF_CONSUME,8154,5443.4,3566.7,565.0107,403.1132,-161.8975,-113.331,-48.5684
2026-04-18,East,Privatkunde,CHARGE,10421,30251.1,588.8,617.7506,34.4587,-583.2919,-408.3173,-174.9945
2026-04-18,East,Privatkunde,DISCHARGE,7969,1117.5,22065.5,149.564,3133.1045,2983.5405,2088.4801,895.0775
2026-04-18,East,Privatkunde,MAX_CHARGE,7356,30001.8,0,-85.2877,0,85.2877,59.6772,25.597
2026-04-18,East,Privatkunde,SELF_CONSUME,33102,21655.6,14607.3,2242.988,1655.7301,-587.2579,-411.082,-176.1772
2026-04-18,North,Gewerbekunde,CHARGE,1139,3261.6,62.5,66.3223,3.6548,-62.6675,-43.8685,-18.8008
2026-04-18,North,Gewerbekunde,DISCHARGE,871,111,2374.9,14.8535,337.3391,322.4856,225.7409,96.7474
2026-04-18,North,Gewerbekunde,MAX_CHARGE,804,3305.2,0,-9.3972,0,9.3972,6.5758,2.8208
2026-04-18,North,Gewerbekunde,SELF_CONSUME,3618,2428.6,1572.6,252.1742,178.1438,-74.0304,-51.8246,-22.2094
2026-04-18,North,Kleingewerbe,CHARGE,2737,8005,147.6,165.1767,8.6495,-156.5272,-109.567,-46.9606
2026-04-18,North,Kleingewerbe,DISCHARGE,2093,288.9,5876.9,38.6652,834.3763,795.7111,556.9955,238.7155
2026-04-18,North,Kleingewerbe,MAX_CHARGE,1932,7860.6,0,-22.4058,0,22.4058,15.6785,6.7237
2026-04-18,North,Kleingewerbe,SELF_CONSUME,8694,5899.9,3747.5,612.475,424.773,-187.702,-131.3934,-56.3119
2026-04-18,North,Privatkunde,CHARGE,11662,33588.8,705.4,685.1641,41.3026,-643.8615,-450.7103,-193.1639
2026-04-18,North,Privatkunde,DISCHARGE,8918,1187.5,24977.5,158.9362,3545.7303,3386.7941,2370.7533,1016.0565
2026-04-18,North,Privatkunde,MAX_CHARGE,8232,33579.8,0,-95.4465,0,95.4465,66.7892,28.6457
2026-04-18,North,Privatkunde,SELF_CONSUME,37044,24203.9,16498.3,2507.0948,1871.482,-635.6128,-444.9332,-190.6829
2026-04-18,South,Gewerbekunde,CHARGE,1275,3744.3,72.9,76.5647,4.263,-72.3017,-50.613,-21.6905
2026-04-18,South,Gewerbekunde,DISCHARGE,975,150.9,2677.7,20.198,380.1957,359.9977,251.999,108.0011
2026-04-18,South,Gewerbekunde,MAX_CHARGE,900,3709,0,-10.5294,0,10.5294,7.3674,3.1596
2026-04-18,South,Gewerbekunde,SELF_CONSUME,4050,2659.4,1771.4,276.0892,200.4727,-75.6165,-52.9312,-22.6829
2026-04-18,South,Kleingewerbe,CHARGE,3604,10331.9,216.9,210.8243,12.7013,-198.123,-138.6904,-59.4397
2026-04-18,South,Kleingewerbe,DISCHARGE,2756,362.8,7515.2,48.5506,1066.7752,1018.2246,712.7588,305.472
2026-04-18,South,Kleingewerbe,MAX_CHARGE,2544,10359,0,-29.4765,0,29.4765,20.6253,8.8456
2026-04-18,South,Kleingewerbe,SELF_CONSUME,11448,7598.7,5062.3,787.6631,574.4319,-213.2312,-149.2611,-63.97
2026-04-18,South,Privatkunde,CHARGE,14195,41191.5,828.4,841.0263,48.4889,-792.5374,-554.7886,-237.7662
2026-04-18,South,Privatkunde,DISCHARGE,10855,1509.9,30070.5,202.0909,4269.053,4066.9621,2846.8703,1220.1101
2026-04-18,South,Privatkunde,MAX_CHARGE,10020,40927,0,-116.5905,0,116.5905,81.5827,34.9907
2026-04-18,South,Privatkunde,SELF_CONSUME,45090,29783.6,19717.9,3087.1693,2232.8207,-854.3486,-598.0485,-256.3019
2026-04-18,West,Gewerbekunde,CHARGE,1343,3895.3,84.7,79.2778,4.9594,-74.3184,-52.023,-22.2967
2026-04-18,West,Gewerbekunde,DISCHARGE,1027,147.3,2849.9,19.711,404.5393,384.8283,269.3795,115.4501
2026-04-18,West,Gewerbekunde,MAX_CHARGE,948,3899.6,0,-11.0954,0,11.0954,7.7635,3.3303
2026-04-18,West,Gewerbekunde,SELF_CONSUME,4266,2712.2,1933.4,281.3253,217.8744,-63.4509,-44.412,-19.0349
2026-04-18,West,Kleingewerbe,CHARGE,3638,10551.4,235.7,214.5952,13.8192,-200.776,-140.5448,-60.2336
2026-04-18,West,Kleingewerbe,DISCHARGE,2782,369.6,7825,49.4547,1110.8516,1061.3969,742.9768,318.4257
2026-04-18,West,Kleingewerbe,MAX_CHARGE,2568,10472,0,-29.792,0,29.792,20.8473,8.9398
2026-04-18,West,Kleingewerbe,SELF_CONSUME,11556,7535.4,5109.7,780.3376,578.7811,-201.5565,-141.0855,-60.4684
2026-04-18,West,Privatkunde,CHARGE,15385,44455.9,965,904.5215,56.4987,-848.0228,-593.6309,-254.4145
2026-04-18,West,Privatkunde,DISCHARGE,11765,1580.5,32551.7,211.5109,4621.3619,4409.851,3086.8978,1322.9774
2026-04-18,West,Privatkunde,MAX_CHARGE,10860,44233.4,0,-126.0319,0,126.0319,88.1973,37.8316
2026-04-18,West,Privatkunde,SELF_CONSUME,48870,32011,21614.5,3320.0139,2449.5578,-870.4561,-609.3147,-261.1379
2026-04-19,East,Gewerbekunde,CHARGE,616,1610.7,46.2,37.8762,2.4633,-35.4129,-24.7888,-10.6238
2026-04-19,East,Gewerbekunde,MAX_CHARGE,616,2529.9,0,-4.7535,0,4.7535,3.3266,1.4237
2026-04-19,East,Gewerbekunde,SELF_CONSUME,2992,1836.2,999.4,195.9561,107.546,-88.4101,-61.8883,-26.5257
2026-04-19,East,Kleingewerbe,CHARGE,2114,5319.9,211.4,121.5483,11.4156,-110.1327,-77.092,-33.0429
2026-04-19,East,Kleingewerbe,MAX_CHARGE,2114,8532.5,0,-15.9759,0,15.9759,11.1786,4.7858
2026-04-19,East,Kleingewerbe,SELF_CONSUME,10268,5864.8,3349,628.2143,357.1544,-271.0599,-189.743,-81.3201
2026-04-19,East,Privatkunde,CHARGE,8582,22159.1,853,509.7718,45.2973,-464.4745,-325.1296,-139.3532
2026-04-19,East,Privatkunde,MAX_CHARGE,8582,34760.3,0,-64.9446,0,64.9446,45.4398,19.4475
2026-04-19,East,Privatkunde,SELF_CONSUME,41684,24219,14052.2,2592.2778,1506.6767,-1085.6011,-759.9054,-325.6822
2026-04-19,North,Gewerbekunde,CHARGE,938,2343.2,85.2,54.2764,4.5327,-49.7437,-34.8211,-14.9244
2026-04-19,North,Gewerbekunde,MAX_CHARGE,938,3782,0,-7.1371,0,7.1371,4.994,2.1364
2026-04-19,North,Gewerbekunde,SELF_CONSUME,4556,2768,1501.2,295.8785,161.6829,-134.1956,-93.9352,-40.2581
2026-04-19,North,Kleingewerbe,CHARGE,2254,5831.1,187.2,135.5084,9.8361,-125.6723,-87.9702,-37.7047
2026-04-19,North,Kleingewerbe,MAX_CHARGE,2254,9059.1,0,-16.9495,0,16.9495,11.8605,5.0762
2026-04-19,North,Kleingewerbe,SELF_CONSUME,10948,6281.8,3613.2,672.2158,387.7919,-284.4239,-199.0932,-85.3281
2026-04-19,North,Privatkunde,CHARGE,9604,24474.7,862,563.7373,45.849,-517.8883,-362.5194,-155.375
2026-04-19,North,Privatkunde,MAX_CHARGE,9604,38794.5,0,-72.6623,0,72.6623,50.8455,21.7589
2026-04-19,North,Privatkunde,SELF_CONSUME,46648,27085.2,15661.2,2901.5285,1676.1744,-1225.3541,-857.7338,-367.6178
2026-04-19,South,Gewerbekunde,CHARGE,1050,2729,94.6,62.5688,4.9797,-57.5891,-40.3134,-17.276
2026-04-19,South,Gewerbekunde,MAX_CHARGE,1050,4255.2,0,-7.931,0,7.931,5.5499,2.3763
2026-04-19,South,Gewerbekunde,SELF_CONSUME,5100,3204.2,1691.8,342.1378,180.9741,-161.1637,-112.8165,-48.3466
2026-04-19,South,Kleingewerbe,CHARGE,2968,7565.6,323.6,172.2981,16.9839,-155.3142,-108.7181,-46.5961
2026-04-19,South,Kleingewerbe,MAX_CHARGE,2968,11991.4,0,-22.3871,0,22.3871,15.6648,6.7038
2026-04-19,South,Kleingewerbe,SELF_CONSUME,14416,8216.6,4900,878.0067,524.7576,-353.2491,-247.2707,-105.9699
2026-04-19,South,Privatkunde,CHARGE,11690,30140.4,1033.6,698.2491,54.8229,-643.4262,-450.3933,-193.038
2026-04-19,South,Privatkunde,MAX_CHARGE,11690,47125.8,0,-88.2093,0,88.2093,61.7258,26.4119
2026-04-19,South,Privatkunde,SELF_CONSUME,56780,33265.4,18709.2,3561.2883,2003.8222,-1557.4661,-1090.1953,-467.2368
2026-04-19,West,Gewerbekunde,CHARGE,1106,2841.3,91.4,64.5132,5.0298,-59.4834,-41.637,-17.8472
2026-04-19,West,Gewerbekunde,MAX_CHARGE,1106,4489.1,0,-8.3938,0,8.3938,5.8707,2.5125
2026-04-19,West,Gewerbekunde,SELF_CONSUME,5372,3156.4,1690.6,339.2478,180.4771,-158.7707,-111.14,-47.6324
2026-04-19,West,Kleingewerbe,CHARGE,2996,7705.6,305.8,177.0856,16.3101,-160.7755,-112.5406,-48.2364
2026-04-19,West,Kleingewerbe,MAX_CHARGE,2996,12230.8,0,-22.8988,0,22.8988,16.0229,6.859
2026-04-19,West,Kleingewerbe,SELF_CONSUME,14552,8316.8,4873.8,888.8426,521.8543,-366.9883,-256.891,-110.0903
2026-04-19,West,Privatkunde,CHARGE,12670,32441,1169.2,747.2764,62.2998,-684.9766,-479.4757,-205.5086
2026-04-19,West,Privatkunde,MAX_CHARGE,12670,51151.2,0,-95.8225,0,95.8225,67.0607,28.6981
2026-04-19,West,Privatkunde,SELF_CONSUME,61540,35481,20525.2,3797.5451,2197.1106,-1600.4345,-1120.2938,-480.1289
2026-04-20,East,Gewerbekunde,CHARGE,704,2040.3,31.6,73.6275,1.9092,-71.7183,-50.2009,-21.5139
2026-04-20,East,Gewerbekunde,DISCHARGE,352,70.1,805.1,9.7094,118.928,109.2186,76.4524,32.7647
2026-04-20,East,Gewerbekunde,SELF_CONSUME,3168,1988.8,1442.9,199.7198,158.7681,-40.9517,-28.6675,-12.285
2026-04-20,East,Kleingewerbe,CHARGE,2416,7050.6,100.6,253.5967,6.0257,-247.571,-173.2922,-74.265
2026-04-20,East,Kleingewerbe,DISCHARGE,1208,260.2,2830.2,35.8948,418.3977,382.5029,267.747,114.7511
2026-04-20,East,Kleingewerbe,SELF_CONSUME,10872,7050.8,4812,710.2964,532.1105,-178.1859,-124.718,-53.4399
2026-04-20,East,Privatkunde,CHARGE,9808,28545.7,404,1025.7018,24.0905,-1001.6113,-701.1036,-300.467
2026-04-20,East,Privatkunde,DISCHARGE,4904,1126.3,11322.2,155.4646,1673.317,1517.8524,1062.4786,455.3518
2026-04-20,East,Privatkunde,SELF_CONSUME,44136,28138.4,20111.4,2834.0376,2222.998,-611.0396,-427.6954,-183.2855
2026-04-20,North,Gewerbekunde,CHARGE,1072,3153.6,30.6,113.6207,1.8315,-111.7892,-78.2498,-33.5347
2026-04-20,North,Gewerbekunde,DISCHARGE,536,135.4,1255.1,18.6268,185.7178,167.091,116.9624,50.1269
2026-04-20,North,Gewerbekunde,SELF_CONSUME,4824,3087.4,2100.7,311.5433,233.212,-78.3313,-54.8294,-23.4965
2026-04-20,North,Kleingewerbe,CHARGE,2576,7440.2,122,267.7942,7.264,-260.5302,-182.3674,-78.1536
2026-04-20,North,Kleingewerbe,DISCHARGE,1288,252.9,2932,34.9182,433.3681,398.4499,278.9112,119.5342
2026-04-20,North,Kleingewerbe,SELF_CONSUME,11592,7358.9,5241.2,740.9075,578.828,-162.0795,-113.4489,-48.6158
2026-04-20,North,Privatkunde,CHARGE,10976,31869.1,482.2,1145.7174,28.7868,-1116.9306,-781.8206,-335.0579
2026-04-20,North,Privatkunde,DISCHARGE,5488,1211.9,12597.3,167.3126,1862.6415,1695.3289,1186.7097,508.5972
2026-04-20,North,Privatkunde,SELF_CONSUME,49392,31626.2,22485.3,3182.0676,2485.0806,-696.987,-487.8634,-209.0725
2026-04-20,South,Gewerbekunde,CHARGE,1200,3475.5,55.8,124.8525,3.311,-121.5415,-85.0739,-36.4604
2026-04-20,South,Gewerbekunde,DISCHARGE,600,157.1,1381.7,21.6062,204.3497,182.7435,127.9186,54.8226
2026-04-20,South,Gewerbekunde,SELF_CONSUME,5400,3364.6,2468.1,339.9218,272.4981,-67.4237,-47.1946,-20.2257
2026-04-20,South,Kleingewerbe,CHARGE,3392,9872.1,131.5,354.8771,7.8815,-346.9956,-242.8843,-104.0924
2026-04-20,South,Kleingewerbe,DISCHARGE,1696,382.1,3908,52.6562,577.9579,525.3017,367.7043,157.5895
2026-04-20,South,Kleingewerbe,SELF_CONSUME,15264,9794.2,7022.9,986.9139,776.8977,-210.0162,-146.995,-62.9973
2026-04-20,South,Privatkunde,CHARGE,13360,39095.8,597.1,1404.2301,35.6124,-1368.6177,-957.9887,-410.5592
2026-04-20,South,Privatkunde,DISCHARGE,6680,1459.4,15426.2,201.308,2280.6856,2079.3776,1455.5385,623.8122
2026-04-20,South,Privatkunde,SELF_CONSUME,60120,38338,27203.5,3859.6569,3008.523,-851.1339,-595.7414,-255.3067
2026-04-20,West,Gewerbekunde,CHARGE,1264,3611.9,58.1,129.6058,3.4752,-126.1306,-88.2857,-37.8359
2026-04-20,West,Gewerbekunde,DISCHARGE,632,142.7,1479.9,19.7366,218.6572,198.9206,139.2413,59.6763
2026-04-20,West,Gewerbekunde,SELF_CONSUME,5688,3552.6,2669.6,358.327,293.969,-64.358,-45.048,-19.3032
2026-04-20,West,Kleingewerbe,CHARGE,3424,9963,131.9,359.0705,7.8897,-351.1808,-245.8146,-105.3474
2026-04-20,West,Kleingewerbe,DISCHARGE,1712,359.7,4005.7,49.6638,592.0225,542.3587,379.6452,162.7072
2026-04-20,West,Kleingewerbe,SELF_CONSUME,15408,9594.1,7068,963.4674,781.2897,-182.1777,-127.5087,-54.6502
2026-04-20,West,Privatkunde,CHARGE,14480,42140.1,613.2,1513.9389,36.6692,-1477.2697,-1034.0436,-443.1555
2026-04-20,West,Privatkunde,DISCHARGE,7240,1539,16810.6,212.5548,2484.8652,2272.3104,1590.5867,681.6941
2026-04-20,West,Privatkunde,SELF_CONSUME,65160,40861.3,29763,4108.5525,3286.6633,-821.8892,-575.2849,-246.5245
2026-04-21,East,Gewerbekunde,CHARGE,616,1736.5,39.1,33.6872,1.9709,-31.7163,-22.1995,-9.5139
2026-04-21,East,Gewerbekunde,DISCHARGE,616,137.2,1561.4,18.8463,224.1483,205.302,143.7102,61.593
2026-04-21,East,Gewerbekunde,MAX_CHARGE,660,2724.6,0,-5.4904,0,5.4904,3.8416,1.6459
2026-04-21,East,Gewerbekunde,SELF_CONSUME,2332,1618.5,1096.7,167.4093,124.1022,-43.3071,-30.3119,-12.9899
2026-04-21,East,Kleingewerbe,CHARGE,2114,5944.4,143.3,114.711,7.2218,-107.4892,-75.2359,-32.2473
2026-04-21,East,Kleingewerbe,DISCHARGE,2114,450,5060.3,61.8018,725.9915,664.1897,464.9252,199.2648
2026-04-21,East,Kleingewerbe,MAX_CHARGE,2265,9488,0,-19.1287,0,19.1287,13.3882,5.7315
2026-04-21,East,Kleingewerbe,SELF_CONSUME,8003,5278,4128.8,544.174,464.3785,-79.7955,-55.8441,-23.9346
2026-04-21,East,Privatkunde,CHARGE,8582,24193.6,615.2,468.9662,30.582,-438.3842,-306.8499,-131.5126
2026-04-21,East,Privatkunde,DISCHARGE,8582,1764.1,20241.9,241.808,2903.7373,2661.9293,1863.3272,798.6023
2026-04-21,East,Privatkunde,MAX_CHARGE,9195,38477.5,0,-77.7128,0,77.7128,54.3851,23.2914
2026-04-21,East,Privatkunde,SELF_CONSUME,32489,20843.6,16186.5,2139.9986,1822.1762,-317.8224,-222.4078,-95.3546
2026-04-21,North,Gewerbekunde,CHARGE,938,2661.2,65.5,51.8873,3.3979,-48.4894,-33.9411,-14.5458
2026-04-21,North,Gewerbekunde,DISCHARGE,938,191.7,2268.5,26.2562,325.3076,299.0514,209.3328,89.7178
2026-04-21,North,Gewerbekunde,MAX_CHARGE,1005,4161.8,0,-8.4281,0,8.4281,5.899,2.5257
2026-04-21,North,Gewerbekunde,SELF_CONSUME,3551,2312.5,1748.8,237.9013,197.4614,-40.4399,-28.2991,-12.1347
2026-04-21,North,Kleingewerbe,CHARGE,2254,6337.4,168,121.9253,8.4945,-113.4308,-79.3975,-34.0272
2026-04-21,North,Kleingewerbe,DISCHARGE,2254,497.6,5327.1,68.3625,764.2432,695.8807,487.1094,208.7704
2026-04-21,North,Kleingewerbe,MAX_CHARGE,2415,10201.6,0,-20.6297,0,20.6297,14.4362,6.1823
2026-04-21,North,Kleingewerbe,SELF_CONSUME,8533,5560.2,4284.1,573.0559,482.2632,-90.7927,-63.5346,-27.2362
2026-04-21,North,Privatkunde,CHARGE,9604,26995.1,685.9,523.4637,34.2006,-489.2631,-342.4563,-146.7771
2026-04-21,North,Privatkunde,DISCHARGE,9604,2015.7,22585.1,276.2738,3239.3355,2963.0617,2074.1146,888.9429
2026-04-21,North,Privatkunde,MAX_CHARGE,10290,43018.8,0,-86.8748,0,86.8748,60.7948,26.0376
2026-04-21,North,Privatkunde,SELF_CONSUME,36358,23811.2,18243.4,2450.3205,2053.1644,-397.1561,-277.9337,-119.159
2026-04-21,South,Gewerbekunde,CHARGE,1050,2952.6,71.1,57.0932,3.4584,-53.6348,-37.5415,-16.0915
2026-04-21,South,Gewerbekunde,DISCHARGE,1050,230.5,2542.1,31.5739,364.749,333.1751,233.2174,99.9561
2026-04-21,South,Gewerbekunde,MAX_CHARGE,1125,4725.8,0,-9.5345,0,9.5345,6.6725,2.8591
2026-04-21,South,Gewerbekunde,SELF_CONSUME,3975,2664.7,2012,273.7116,227.5276,-46.184,-32.3169,-13.8523
2026-04-21,South,Kleingewerbe,CHARGE,2968,8370.6,173.1,162.4413,8.5484,-153.8929,-107.7176,-46.1696
2026-04-21,South,Kleingewerbe,DISCHARGE,2968,614.6,7023.7,84.2371,1008.0532,923.8161,646.6617,277.1548
2026-04-21,South,Kleingewerbe,MAX_CHARGE,3180,13364.2,0,-26.9802,0,26.9802,18.8819,8.0853
2026-04-21,South,Kleingewerbe,SELF_CONSUME,11236,7281,5542,746.9977,624.2593,-122.7384,-85.8984,-36.8272
2026-04-21,South,Privatkunde,CHARGE,11690,33111,784.6,641.3389,38.9989,-602.34,-421.6007,-180.7048
2026-04-21,South,Privatkunde,DISCHARGE,11690,2473.5,27830.5,339.2252,3992.7399,3653.5147,2557.4175,1096.0919
2026-04-21,South,Privatkunde,MAX_CHARGE,12525,52636.8,0,-106.3105,0,106.3105,74.3951,31.8641
2026-04-21,South,Privatkunde,SELF_CONSUME,44255,28981.5,22116.9,2978.609,2491.403,-487.206,-340.9643,-146.163
2026-04-21,West,Gewerbekunde,CHARGE,1106,3173.1,74,61.1931,3.7395,-57.4536,-40.2138,-17.2352
2026-04-21,West,Gewerbekunde,DISCHARGE,1106,229.1,2633,31.4512,377.6437,346.1925,242.3301,103.8601
2026-04-21,West,Gewerbekunde,MAX_CHARGE,1185,4994.4,0,-10.0891,0,10.0891,7.0607,3.0226
2026-04-21,West,Gewerbekunde,SELF_CONSUME,4187,2913.4,2070.2,299.7274,233.6653,-66.0621,-46.2373,-19.8161
2026-04-21,West,Kleingewerbe,CHARGE,2996,8400.3,208.8,162.7649,10.4382,-152.3267,-106.6213,-45.6978
2026-04-21,West,Kleingewerbe,DISCHARGE,2996,599.6,7082.7,82.2242,1016.0658,933.8416,653.6783,280.1608
2026-04-21,West,Kleingewerbe,MAX_CHARGE,3210,13420.6,0,-27.1502,0,27.1502,18.9987,8.1386
2026-04-21,West,Kleingewerbe,SELF_CONSUME,11342,7467.9,5528.1,766.7442,623.532,-143.2122,-100.2319,-42.966
2026-04-21,West,Privatkunde,CHARGE,12670,35751.8,908.1,691.6885,45.3352,-646.3533,-452.4071,-193.9049
2026-04-21,West,Privatkunde,DISCHARGE,12670,2662.9,29909.2,365.2541,4290.6678,3925.4137,2747.7546,1177.6638
2026-04-21,West,Privatkunde,MAX_CHARGE,13575,56688.6,0,-114.3679,0,114.3679,80.0396,34.282
2026-04-21,West,Privatkunde,SELF_CONSUME,47965,30957.9,23862.7,3181.5538,2685.6292,-495.9246,-347.0635,-148.786
2026-04-22,East,Gewerbekunde,CHARGE,308,907.8,16.7,17.4716,0.444,-17.0276,-11.9185,-5.1075
2026-04-22,East,Gewerbekunde,DISCHARGE,660,92.1,1658.8,12.9659,250.9465,237.9806,166.5906,71.393
2026-04-22,East,Gewerbekunde,MAX_CHARGE,1056,4470.8,0,-43.6537,0,43.6537,30.5525,13.0953
2026-04-22,East,Gewerbekunde,SELF_CONSUME,2200,1390.9,1435.7,145.2022,163.2931,18.0909,12.6651,5.4287
2026-04-22,East,Kleingewerbe,CHARGE,1057,3150.3,47,61.4411,1.2504,-60.1907,-42.1335,-18.0562
2026-04-22,East,Kleingewerbe,DISCHARGE,2265,374.5,6015.1,52.4541,909.695,857.2409,600.0837,257.1697
2026-04-22,East,Kleingewerbe,MAX_CHARGE,3624,15260.6,0,-148.8211,0,148.8211,104.1645,44.6411
2026-04-22,East,Kleingewerbe,SELF_CONSUME,7550,4715,4771.9,491.0594,545.159,54.0996,37.8698,16.2397
2026-04-22,East,Privatkunde,CHARGE,4291,12952.3,202.7,252.1569,5.3918,-246.7651,-172.7342,-74.0259
2026-04-22,East,Privatkunde,DISCHARGE,9195,1439.1,24544.3,202.1118,3711.5542,3509.4424,2456.6718,1052.829
2026-04-22,East,Privatkunde,MAX_CHARGE,14712,62034.9,0,-600.2334,0,600.2334,420.1175,180.0615
2026-04-22,East,Privatkunde,SELF_CONSUME,30650,19328.9,19571.4,2012.859,2236.8065,223.9475,156.7497,67.2155
2026-04-22,North,Gewerbekunde,CHARGE,469,1386.3,21.2,26.7032,0.5638,-26.1394,-18.296,-7.8418
2026-04-22,North,Gewerbekunde,DISCHARGE,1005,159.8,2597.2,22.3902,392.5105,370.1203,259.0915,111.036
2026-04-22,North,Gewerbekunde,MAX_CHARGE,1608,6793.8,0,-65.7571,0,65.7571,46.0235,19.7258
2026-04-22,North,Gewerbekunde,SELF_CONSUME,3350,2088.9,2172.8,217.1956,248.4187,31.2231,21.857,9.3693
2026-04-22,North,Kleingewerbe,CHARGE,1127,3356.1,47.7,65.084,1.2691,-63.8149,-44.6685,-19.1438
2026-04-22,North,Kleingewerbe,DISCHARGE,2415,365.5,6347.2,51.1886,960.4299,909.2413,636.4845,272.77
2026-04-22,North,Kleingewerbe,MAX_CHARGE,3864,16245.9,0,-157.5276,0,157.5276,110.2594,47.2587
2026-04-22,North,Kleingewerbe,SELF_CONSUME,8050,5017.3,5127.1,522.1085,585.5528,63.4443,44.4088,19.0365
2026-04-22,North,Privatkunde,CHARGE,4802,14553.6,235.1,283.0101,6.2537,-276.7564,-193.7253,-83.0179
2026-04-22,North,Privatkunde,DISCHARGE,10290,1632.9,26716.7,229.3211,4040.2476,3810.9265,2667.7192,1143.2655
2026-04-22,North,Privatkunde,MAX_CHARGE,16464,69428.2,0,-673.8084,0,673.8084,471.606,202.1424
2026-04-22,North,Privatkunde,SELF_CONSUME,34300,21851.3,21407,2276.4797,2445.6659,169.1862,118.428,50.7883
2026-04-22,South,Gewerbekunde,CHARGE,525,1591.2,28.5,30.7929,0.7581,-30.0348,-21.0235,-9.0092
2026-04-22,South,Gewerbekunde,DISCHARGE,1125,182.5,2873.6,25.558,434.6787,409.1207,286.39,122.7345
2026-04-22,South,Gewerbekunde,MAX_CHARGE,1800,7663.1,0,-73.8926,0,73.8926,51.7186,22.1671
2026-04-22,South,Gewerbekunde,SELF_CONSUME,3750,2424,2349.9,252.9044,267.8474,14.943,10.4555,4.4837
2026-04-22,South,Kleingewerbe,CHARGE,1484,4478.8,70.2,86.7939,1.8673,-84.9266,-59.4483,-25.4773
2026-04-22,South,Kleingewerbe,DISCHARGE,3180,503.9,8501.6,70.6722,1286.4712,1215.799,851.0812,364.7392
2026-04-22,South,Kleingewerbe,MAX_CHARGE,5088,21351,0,-206.478,0,206.478,144.5177,61.9408
2026-04-22,South,Kleingewerbe,SELF_CONSUME,10600,6657.5,6809.4,692.9578,778.7994,85.8416,60.0845,25.7609
2026-04-22,South,Privatkunde,CHARGE,5845,17726.9,277.9,345.01,7.3917,-337.6183,-236.33,-101.2778
2026-04-22,South,Privatkunde,DISCHARGE,12525,2043,32972.1,286.6406,4987.1826,4700.542,3290.4605,1410.1535
2026-04-22,South,Privatkunde,MAX_CHARGE,20040,84284.8,0,-817.0548,0,817.0548,571.8735,245.1066
2026-04-22,South,Privatkunde,SELF_CONSUME,41750,26552.5,26140.4,2769.6233,2989.0574,219.4341,153.6079,65.8716
2026-04-22,West,Gewerbekunde,CHARGE,553,1642.1,30.9,31.4884,0.8216,-30.6668,-21.4665,-9.1992
2026-04-22,West,Gewerbekunde,DISCHARGE,1185,168.1,3170,23.5777,479.4523,455.8746,319.121,136.7626
2026-04-22,West,Gewerbekunde,MAX_CHARGE,1896,7999.2,0,-77.5024,0,77.5024,54.2435,23.2511
2026-04-22,West,Gewerbekunde,SELF_CONSUME,3950,2460.6,2543.5,255.6646,290.9484,35.2838,24.6976,10.5904
2026-04-22,West,Kleingewerbe,CHARGE,1498,4506.5,60.1,87.3154,1.5987,-85.7167,-60.0007,-25.7126
2026-04-22,West,Kleingewerbe,DISCHARGE,3210,512.4,8457.1,71.9834,1279.5028,1207.5194,845.2837,362.2538
2026-04-22,West,Kleingewerbe,MAX_CHARGE,5136,21587.1,0,-209.0384,0,209.0384,146.3085,62.7111
2026-04-22,West,Kleingewerbe,SELF_CONSUME,10700,6894.4,6699.6,718.5587,766.4536,47.8949,33.5277,14.3776
2026-04-22,West,Privatkunde,CHARGE,6335,19221.8,298.9,374.2898,7.9497,-366.3401,-256.4356,-109.889
2026-04-22,West,Privatkunde,DISCHARGE,13575,2086.1,36062.4,292.7082,5455.262,5162.5538,3613.8802,1548.7602
2026-04-22,West,Privatkunde,MAX_CHARGE,21720,91696.8,0,-888.72,0,888.72,622.0365,266.5978
2026-04-22,West,Privatkunde,SELF_CONSUME,45250,28851.7,28769.1,3006.6495,3291.2918,284.6423,199.2469,85.4295
2026-04-23,East,Gewerbekunde,CHARGE,308,966.3,14.1,10.2848,0.6712,-9.6136,-6.7273,-2.8839
2026-04-23,East,Gewerbekunde,DISCHARGE,264,84.3,521.9,11.2485,73.1402,61.8917,43.3255,18.5685
2026-04-23,East,Gewerbekunde,MAX_CHARGE,1188,5027.6,0,-120.6541,0,120.6541,84.4538,36.1937
2026-04-23,East,Gewerbekunde,SELF_CONSUME,2464,1779.4,947.6,181.9286,103.7425,-78.1861,-54.7293,-23.4556
2026-04-23,East,Kleingewerbe,CHARGE,1057,3347.9,53.5,35.8921,2.5465,-33.3456,-23.3385,-10.0033
2026-04-23,East,Kleingewerbe,DISCHARGE,906,269.4,1685.1,35.8423,235.9264,200.0841,140.0632,60.0289
2026-04-23,East,Kleingewerbe,MAX_CHARGE,4077,17127.7,0,-407.4748,0,407.4748,285.2219,122.2333
2026-04-23,East,Kleingewerbe,SELF_CONSUME,8456,5936.6,3232.2,606.7624,351.5913,-255.1711,-178.6202,-76.5497
2026-04-23,East,Privatkunde,CHARGE,4291,13500.8,210.5,143.8549,10.019,-133.8359,-93.6688,-40.1451
2026-04-23,East,Privatkunde,DISCHARGE,3678,1108.6,7044.6,147.7191,986.3241,838.605,587.0457,251.5984
2026-04-23,East,Privatkunde,MAX_CHARGE,16551,69738.5,0,-1658.5534,0,1658.5534,1160.937,497.5292
2026-04-23,East,Privatkunde,SELF_CONSUME,34328,24620.1,12699.7,2517.6818,1384.1719,-1133.5099,-793.4464,-340.0441
2026-04-23,North,Gewerbekunde,CHARGE,469,1477.9,23.3,15.8298,1.1088,-14.721,-10.3023,-4.4152
2026-04-23,North,Gewerbekunde,DISCHARGE,402,117,721.8,15.587,100.9991,85.4121,59.7899,25.6245
2026-04-23,North,Gewerbekunde,MAX_CHARGE,1809,7601.8,0,-178.9739,0,178.9739,125.2781,53.6889
2026-04-23,North,Gewerbekunde,SELF_CONSUME,3752,2679.3,1325.7,274.6951,144.3297,-130.3654,-91.2591,-39.107
2026-04-23,North,Kleingewerbe,CHARGE,1127,3541.2,60.7,37.4473,2.8891,-34.5582,-24.1871,-10.3657
2026-04-23,North,Kleingewerbe,DISCHARGE,966,268.5,1820.2,35.7273,254.8276,219.1003,153.3734,65.7334
2026-04-23,North,Kleingewerbe,MAX_CHARGE,4347,18370.3,0,-436.2232,0,436.2232,305.3429,130.8553
2026-04-23,North,Kleingewerbe,SELF_CONSUME,9016,6428.8,3439.9,658.7554,373.6451,-285.1103,-199.5761,-85.5339
2026-04-23,North,Privatkunde,CHARGE,4802,15268,226.1,164.1252,10.7626,-153.3626,-107.3355,-46.0004
2026-04-23,North,Privatkunde,DISCHARGE,4116,1244.2,7728.2,165.8271,1082.0806,916.2535,641.3974,274.8948
2026-04-23,North,Privatkunde,MAX_CHARGE,18522,78012.8,0,-1856.6146,0,1856.6146,1299.5668,556.9518
2026-04-23,North,Privatkunde,SELF_CONSUME,38416,27775,13925.3,2842.0794,1515.6681,-1326.4113,-928.4748,-397.9198
2026-04-23,South,Gewerbekunde,CHARGE,525,1654.1,23.5,18.0429,1.1187,-16.9242,-11.8464,-5.0781
2026-04-23,South,Gewerbekunde,DISCHARGE,450,136.7,893.9,18.1911,125.2104,107.0193,74.9162,32.1086
2026-04-23,South,Gewerbekunde,MAX_CHARGE,2025,8490.1,0,-201.4174,0,201.4174,140.984,60.4218
2026-04-23,South,Gewerbekunde,SELF_CONSUME,4200,2979.9,1537.4,303.3037,169.3265,-133.9772,-93.7808,-40.1913
2026-04-23,South,Kleingewerbe,CHARGE,1484,4653.1,76,49.4698,3.6168,-45.853,-32.0911,-13.7541
2026-04-23,South,Kleingewerbe,DISCHARGE,1272,383.6,2421.3,51.1089,339.0075,287.8986,201.5338,86.3748
2026-04-23,South,Kleingewerbe,MAX_CHARGE,5724,24138.2,0,-573.957,0,573.957,401.7482,172.1758
2026-04-23,South,Kleingewerbe,SELF_CONSUME,11872,8618.7,4325.9,883.8776,470.1403,-413.7373,-289.6148,-124.1183
2026-04-23,South,Privatkunde,CHARGE,5845,18415.9,289.1,197.8926,13.7607,-184.1319,-128.868,-55.2346
2026-04-23,South,Privatkunde,DISCHARGE,5010,1477,9691.9,196.8297,1357.016,1160.1863,812.1566,348.0789
2026-04-23,South,Privatkunde,MAX_CHARGE,22545,94989.7,0,-2262.0368,0,2262.0368,1583.3511,678.5662
2026-04-23,South,Privatkunde,SELF_CONSUME,46760,33315,17604.2,3409.8414,1914.6664,-1495.175,-1046.6312,-448.5407
2026-04-23,West,Gewerbekunde,CHARGE,553,1716.5,29.7,17.713,1.4136,-16.2994,-11.4076,-4.8898
2026-04-23,West,Gewerbekunde,DISCHARGE,474,134.9,942.7,18.018,132.0127,113.9947,79.7987,34.2014
2026-04-23,West,Gewerbekunde,MAX_CHARGE,2133,8988.8,0,-213.9995,0,213.9995,149.7919,64.1973
2026-04-23,West,Gewerbekunde,SELF_CONSUME,4424,3136.2,1699.2,321.8755,185.3385,-136.537,-95.569,-40.9597
2026-04-23,West,Kleingewerbe,CHARGE,1498,4751.3,62.1,50.9682,2.9562,-48.012,-33.6036,-14.4028
2026-04-23,West,Kleingewerbe,DISCHARGE,1284,383.7,2470.7,51.1041,346.0953,294.9912,206.4999,88.5052
2026-04-23,West,Kleingewerbe,MAX_CHARGE,5778,24335.3,0,-578.4989,0,578.4989,404.9301,173.5383
2026-04-23,West,Kleingewerbe,SELF_CONSUME,11984,8583.7,4480.4,880.8407,487.3588,-393.4819,-275.4393,-118.043
2026-04-23,West,Privatkunde,CHARGE,6335,19855.5,278.7,213.5976,13.2663,-200.3313,-140.2089,-60.0943
2026-04-23,West,Privatkunde,DISCHARGE,5430,1563.4,10317.9,208.2233,1444.7824,1236.5591,865.6171,370.9894
2026-04-23,West,Privatkunde,MAX_CHARGE,24435,102733.1,0,-2445.7717,0,2445.7717,1711.9709,733.682
2026-04-23,West,Privatkunde,SELF_CONSUME,50680,36315.6,18875,3714.6824,2053.5207,-1661.1617,-1162.8086,-498.3395
2026-04-24,East,Gewerbekunde,CHARGE,528,1506.2,45.2,18.5213,2.5684,-15.9529,-11.1681,-4.7852
2026-04-24,East,Gewerbekunde,DISCHARGE,660,44.9,2009.8,6.7246,285.8888,279.1642,195.414,83.7514
2026-04-24,East,Gewerbekunde,MAX_CHARGE,924,3915.6,0,-61.077,0,61.077,42.7523,18.3205
2026-04-24,East,Gewerbekunde,SELF_CONSUME,2112,1227.3,1721,127.5021,198.0434,70.5413,49.3808,21.1596
2026-04-24,East,Kleingewerbe,CHARGE,1812,5068.4,161.4,60.6668,9.1785,-51.4883,-36.0394,-15.4421
2026-04-24,East,Kleingewerbe,DISCHARGE,2265,165.9,6857.8,24.9626,975.523,950.5604,665.3845,285.18
2026-04-24,East,Kleingewerbe,MAX_CHARGE,3171,13526.6,0,-209.255,0,209.255,146.4681,62.7701
2026-04-24,East,Kleingewerbe,SELF_CONSUME,7248,4419.1,5644,459.0197,652.1393,193.1196,135.1868,57.9336
2026-04-24,East,Privatkunde,CHARGE,7356,20929.7,606.1,254.9874,34.4897,-220.4977,-154.3472,-66.125
2026-04-24,East,Privatkunde,DISCHARGE,9195,722.8,28335.8,108.7666,4028.6768,3919.9102,2743.9081,1176.0171
2026-04-24,East,Privatkunde,MAX_CHARGE,12873,54741.1,0,-848.7034,0,848.7034,594.0641,254.5939
2026-04-24,East,Privatkunde,SELF_CONSUME,29424,17935.2,22741.3,1860.3527,2630.4833,770.1306,539.0967,231.0307
2026-04-24,North,Gewerbekunde,CHARGE,804,2245.8,77.6,26.6445,4.4094,-22.2351,-15.5641,-6.6676
2026-04-24,North,Gewerbekunde,DISCHARGE,1005,62.2,3079.2,9.3404,438.1915,428.8511,300.193,128.6607
2026-04-24,North,Gewerbekunde,MAX_CHARGE,1407,5992.5,0,-93.0185,0,93.0185,65.1115,27.9035
2026-04-24,North,Gewerbekunde,SELF_CONSUME,3216,1855.9,2672.4,192.3372,308.2137,115.8765,81.1167,34.7628
2026-04-24,North,Kleingewerbe,CHARGE,1932,5441.9,174.7,65.2922,9.9401,-55.3521,-38.7456,-16.597
2026-04-24,North,Kleingewerbe,DISCHARGE,2415,176.4,7230.8,26.5178,1028.8997,1002.3819,701.6588,300.7265
2026-04-24,North,Kleingewerbe,MAX_CHARGE,3381,14337.6,0,-222.4839,0,222.4839,155.735,66.74
2026-04-24,North,Kleingewerbe,SELF_CONSUME,7728,4608.9,6036.1,478.7103,696.1386,217.4283,152.203,65.2309
2026-04-24,North,Privatkunde,CHARGE,8232,23522.6,653.2,284.7403,37.1588,-247.5815,-173.3047,-74.2492
2026-04-24,North,Privatkunde,DISCHARGE,10290,825.2,31493.8,124.0189,4477.6596,4353.6407,3047.5123,1306.1448
2026-04-24,North,Privatkunde,MAX_CHARGE,14406,61156.3,0,-947.9102,0,947.9102,663.5059,284.3585
2026-04-24,North,Privatkunde,SELF_CONSUME,32928,20388.7,25444.6,2118.2753,2941.4992,823.2239,576.2741,246.9495
2026-04-24,South,Gewerbekunde,CHARGE,900,2557.9,77.6,30.7064,4.4099,-26.2965,-18.4058,-7.8857
2026-04-24,South,Gewerbekunde,DISCHARGE,1125,79.7,3484.2,12.0255,495.2777,483.2522,338.273,144.9805
2026-04-24,South,Gewerbekunde,MAX_CHARGE,1575,6682.9,0,-103.1396,0,103.1396,72.195,30.9396
2026-04-24,South,Gewerbekunde,SELF_CONSUME,3600,2224.7,2848.2,231.7336,328.6429,96.9093,67.8336,29.0731
2026-04-24,South,Kleingewerbe,CHARGE,2544,7172.1,192.3,87.9194,10.9491,-76.9703,-53.879,-23.0841
2026-04-24,South,Kleingewerbe,DISCHARGE,3180,248.1,9810.9,37.3194,1394.7119,1357.3925,950.1649,407.2327
2026-04-24,South,Kleingewerbe,MAX_CHARGE,4452,18975.9,0,-294.054,0,294.054,205.8305,88.2077
2026-04-24,South,Kleingewerbe,SELF_CONSUME,10176,5959.1,8072.4,618.6888,930.5957,311.9069,218.3418,93.5683
2026-04-24,South,Privatkunde,CHARGE,10020,28278.7,829.4,339.2532,47.1726,-292.0806,-204.4555,-87.5911
2026-04-24,South,Privatkunde,DISCHARGE,12525,980.3,38462,147.8134,5468.6564,5320.843,3724.5468,1596.3148
2026-04-24,South,Privatkunde,MAX_CHARGE,17535,74509.2,0,-1152.8517,0,1152.8517,806.9568,345.8243
2026-04-24,South,Privatkunde,SELF_CONSUME,40080,24018.2,31404.2,2487.5457,3626.7307,1139.185,797.4469,341.7349
2026-04-24,West,Gewerbekunde,CHARGE,948,2726.6,73,32.7423,4.1554,-28.5869,-20.0099,-8.5723
2026-04-24,West,Gewerbekunde,DISCHARGE,1185,92.6,3634.5,14.0036,516.7218,502.7182,351.899,150.8215
2026-04-24,West,Gewerbekunde,MAX_CHARGE,1659,7013.9,0,-108.3101,0,108.3101,75.8131,32.4896
2026-04-24,West,Gewerbekunde,SELF_CONSUME,3792,2386.5,2905.3,247.5817,335.9746,88.3929,61.8754,26.5195
2026-04-24,West,Kleingewerbe,CHARGE,2568,7337.4,222.5,88.4126,12.6377,-75.7749,-53.042,-22.7242
2026-04-24,West,Kleingewerbe,DISCHARGE,3210,269.2,9956.3,40.4524,1415.0437,1374.5913,962.2033,412.3932
2026-04-24,West,Kleingewerbe,MAX_CHARGE,4494,19188,0,-295.9858,0,295.9858,207.1814,88.7876
2026-04-24,West,Kleingewerbe,SELF_CONSUME,10272,6284.6,7971.2,651.1775,919.8221,268.6446,188.0536,80.5939
2026-04-24,West,Privatkunde,CHARGE,10860,30988.7,883,375.1306,50.2087,-324.9219,-227.4458,-97.4402
2026-04-24,West,Privatkunde,DISCHARGE,13575,1034.7,41798.6,155.5049,5944.6765,5789.1716,4052.3745,1736.8179
2026-04-24,West,Privatkunde,MAX_CHARGE,19005,80811.6,0,-1250.2863,0,1250.2863,875.1551,375.0542
2026-04-24,West,Privatkunde,SELF_CONSUME,43440,25961,34210.4,2690.9766,3951.9454,1260.9688,882.6993,378.2758
2026-04-25,East,Gewerbekunde,CHARGE,660,1437.6,92.1,37.1748,5.4062,-31.7686,-22.2366,-9.5304
2026-04-25,East,Gewerbekunde,MAX_CHARGE,1628,6822,0,-531.4443,0,531.4443,372.0074,159.432
2026-04-25,East,Gewerbekunde,SELF_CONSUME,1936,1348,618.7,111.6816,52.3722,-59.3094,-41.5186,-17.7919
2026-04-25,East,Kleingewerbe,CHARGE,2265,5109.6,290,130.6522,17.3545,-113.2977,-79.3058,-33.9881
2026-04-25,East,Kleingewerbe,MAX_CHARGE,5587,23403.6,0,-1818.6163,0,1818.6163,1273.0179,545.5775
2026-04-25,East,Kleingewerbe,SELF_CONSUME,6644,4715.2,2109.2,392.8228,177.6716,-215.1512,-150.6123,-64.5477
2026-04-25,East,Privatkunde,CHARGE,9195,20661.3,1197.1,532.2005,71.6826,-460.5179,-322.3483,-138.1625
2026-04-25,East,Privatkunde,MAX_CHARGE,22681,95166.3,0,-7398.6648,0,7398.6648,5179.0202,2219.5764
2026-04-25,East,Privatkunde,SELF_CONSUME,26972,19340.4,8332.9,1610.0631,702.7442,-907.3189,-635.1453,-272.1874
2026-04-25,North,Gewerbekunde,CHARGE,1005,2217.2,138.5,56.416,8.1605,-48.2555,-33.7774,-14.477
2026-04-25,North,Gewerbekunde,MAX_CHARGE,2479,10360.3,0,-801.1163,0,801.1163,560.7761,240.3335
2026-04-25,North,Gewerbekunde,SELF_CONSUME,2948,2081.3,981.1,173.0345,83.3564,-89.6781,-62.778,-26.9055
2026-04-25,North,Kleingewerbe,CHARGE,2415,5389.3,335.7,137.5159,20.1029,-117.413,-82.1886,-35.2271
2026-04-25,North,Kleingewerbe,MAX_CHARGE,5957,24989.5,0,-1943.8736,0,1943.8736,1360.7008,583.1604
2026-04-25,North,Kleingewerbe,SELF_CONSUME,7084,4884,2291.9,406.9676,192.6386,-214.329,-150.0363,-64.297
2026-04-25,North,Privatkunde,CHARGE,10290,23356.9,1335.8,598.5528,80.0584,-518.4944,-362.9328,-155.5532
2026-04-25,North,Privatkunde,MAX_CHARGE,25382,106701.5,0,-8284.2011,0,8284.2011,5798.8948,2485.2324
2026-04-25,North,Privatkunde,SELF_CONSUME,30184,21449.6,9620.2,1786.9822,810.439,-976.5432,-683.6008,-292.9631
2026-04-25,South,Gewerbekunde,CHARGE,1125,2513.8,149.7,64.7848,8.9747,-55.8101,-39.0656,-16.7439
2026-04-25,South,Gewerbekunde,MAX_CHARGE,2775,11609,0,-910.2735,0,910.2735,637.1864,273.0777
2026-04-25,South,Gewerbekunde,SELF_CONSUME,3300,2326,1018.3,193.5658,86.0014,-107.5644,-75.2981,-32.2686
2026-04-25,South,Kleingewerbe,CHARGE,3180,7113.6,420.3,183.0599,24.8715,-158.1884,-110.7236,-47.4596
2026-04-25,South,Kleingewerbe,MAX_CHARGE,7844,32861.7,0,-2557.2517,0,2557.2517,1790.0578,767.1703
2026-04-25,South,Kleingewerbe,SELF_CONSUME,9328,6567.9,2887.7,543.1976,244.2345,-298.9631,-209.2782,-89.6947
2026-04-25,South,Privatkunde,CHARGE,12525,28153,1630.8,723.2346,97.6725,-625.5621,-437.881,-187.6745
2026-04-25,South,Privatkunde,MAX_CHARGE,30895,129350.8,0,-10093.2713,0,10093.2713,7065.2309,3027.9546
2026-04-25,South,Privatkunde,SELF_CONSUME,36740,25938.6,11614.8,2161.7142,979.7489,-1181.9653,-827.4088,-354.5978
2026-04-25,West,Gewerbekunde,CHARGE,1185,2680.9,163,67.9238,9.7951,-58.1287,-40.6887,-17.4397
2026-04-25,West,Gewerbekunde,MAX_CHARGE,2923,12224.1,0,-956.1006,0,956.1006,669.265,286.8275
2026-04-25,West,Gewerbekunde,SELF_CONSUME,3476,2385,1116.6,198.9293,93.7842,-105.1451,-73.6062,-31.5453
2026-04-25,West,Kleingewerbe,CHARGE,3210,7264.1,439.3,186.711,26.3454,-160.3656,-112.2536,-48.1112
2026-04-25,West,Kleingewerbe,MAX_CHARGE,7918,33098.4,0,-2572.9037,0,2572.9037,1801.0191,771.8607
2026-04-25,West,Kleingewerbe,SELF_CONSUME,9416,6699.5,3004.3,557.4034,253.1556,-304.2478,-212.9907,-91.2731
2026-04-25,West,Privatkunde,CHARGE,13575,30457.4,1790.2,782.228,107.2752,-674.9528,-472.4528,-202.5009
2026-04-25,West,Privatkunde,MAX_CHARGE,33485,140269.9,0,-10911.3793,0,10911.3793,7637.9042,3273.3822
2026-04-25,West,Privatkunde,SELF_CONSUME,39820,28247.1,12458.6,2351.2182,1048.9543,-1302.2639,-911.621,-390.6986
2026-04-26,East,Gewerbekunde,CHARGE,264,796.7,11.9,16.8684,0.5083,-16.3601,-11.4534,-4.9085
2026-04-26,East,Gewerbekunde,DISCHARGE,616,75.7,1750,11.1358,267.3503,256.2145,179.3496,76.8673
2026-04-26,East,Gewerbekunde,MAX_CHARGE,1452,6111,0,-1140.2062,0,1140.2062,798.1396,342.0635
2026-04-26,East,Gewerbekunde,SELF_CONSUME,1892,1417,668.1,138.8671,70.4219,-68.4452,-47.9108,-20.53
2026-04-26,East,Kleingewerbe,CHARGE,906,2691.7,49.5,57.0339,2.114,-54.9199,-38.4457,-16.4742
2026-04-26,East,Kleingewerbe,DISCHARGE,2114,248.5,5863.8,36.8027,894.2811,857.4784,600.2331,257.254
2026-04-26,East,Kleingewerbe,MAX_CHARGE,4983,20850.7,0,-3901.548,0,3901.548,2731.0709,1170.4649
2026-04-26,East,Kleingewerbe,SELF_CONSUME,6493,4201.9,2570.3,409.204,267.6045,-141.5995,-99.1153,-42.4779
2026-04-26,East,Privatkunde,CHARGE,3678,10887.7,212.2,230.969,9.0623,-221.9067,-155.3476,-66.5681
2026-04-26,East,Privatkunde,DISCHARGE,8582,1040.3,24241.8,153.2443,3697.8574,3544.6131,2481.2191,1063.4225
2026-04-26,East,Privatkunde,MAX_CHARGE,20229,84781.6,0,-15863.752,0,15863.752,11104.5674,4759.133
2026-04-26,East,Privatkunde,SELF_CONSUME,26359,18300,10304.4,1782.8154,1080.2786,-702.5368,-491.7603,-210.7368
2026-04-26,North,Gewerbekunde,CHARGE,402,1207.6,20.2,25.6836,0.8627,-24.8209,-17.376,-7.4456
2026-04-26,North,Gewerbekunde,DISCHARGE,938,128.7,2682.7,18.8708,409.3217,390.4509,273.3131,117.1407
2026-04-26,North,Gewerbekunde,MAX_CHARGE,2211,9272,0,-1735.5555,0,1735.5555,1214.8785,520.6677
2026-04-26,North,Gewerbekunde,SELF_CONSUME,2881,2108.5,1082.3,206.4798,113.3201,-93.1597,-65.2092,-27.9456
2026-04-26,North,Kleingewerbe,CHARGE,966,2855.6,58,60.3007,2.4769,-57.8238,-40.4765,-17.345
2026-04-26,North,Kleingewerbe,DISCHARGE,2254,280.1,6495.2,41.1099,990.9311,949.8212,664.8734,284.9553
2026-04-26,North,Kleingewerbe,MAX_CHARGE,5313,22185.8,0,-4138.4013,0,4138.4013,2896.8634,1241.5233
2026-04-26,North,Kleingewerbe,SELF_CONSUME,6923,4792.5,2780,470.0849,290.3117,-179.7732,-125.839,-53.9239
2026-04-26,North,Privatkunde,CHARGE,4116,12237.5,220.8,259.8259,9.4299,-250.396,-175.2908,-75.115
2026-04-26,North,Privatkunde,DISCHARGE,9604,1241.4,27167.3,183.0968,4142.6388,3959.542,2771.6703,1187.9111
2026-04-26,North,Privatkunde,MAX_CHARGE,22638,94747.7,0,-17700.7995,0,17700.7995,12390.4917,5310.2525
2026-04-26,North,Privatkunde,SELF_CONSUME,29498,20344.2,11857.5,1984.7785,1239.4722,-745.3063,-521.706,-223.5577
2026-04-26,South,Gewerbekunde,CHARGE,450,1358.3,25.3,28.957,1.0804,-27.8766,-19.5144,-8.3628
2026-04-26,South,Gewerbekunde,DISCHARGE,1050,143.3,2933,21.0274,447.4693,426.4419,298.5083,127.9385
2026-04-26,South,Gewerbekunde,MAX_CHARGE,2475,10365.8,0,-1931.7839,0,1931.7839,1352.2409,579.5344
2026-04-26,South,Gewerbekunde,SELF_CONSUME,3225,2219.4,1249.3,217.794,130.9322,-86.8618,-60.7991,-26.0543
2026-04-26,South,Kleingewerbe,CHARGE,1272,3814.3,76.6,81.1223,3.2715,-77.8508,-54.5009,-23.3553
2026-04-26,South,Kleingewerbe,DISCHARGE,2968,379.5,8241.3,56.0949,1258.0648,1201.9699,841.3732,360.6054
2026-04-26,South,Kleingewerbe,MAX_CHARGE,6996,29181.7,0,-5457.6393,0,5457.6393,3820.3244,1637.2956
2026-04-26,South,Kleingewerbe,SELF_CONSUME,9116,6316.1,3564.5,613.5969,375.255,-238.3419,-166.8378,-71.4971
2026-04-26,South,Privatkunde,CHARGE,5010,14797.6,284.7,312.0842,12.1599,-299.9243,-209.969,-89.9752
2026-04-26,South,Privatkunde,DISCHARGE,11690,1431.4,32741.5,210.0497,4997.0153,4786.9656,3350.8598,1436.144
2026-04-26,South,Privatkunde,MAX_CHARGE,27555,115349.2,0,-21496.5276,0,21496.5276,15047.4895,6448.9676
2026-04-26,South,Privatkunde,SELF_CONSUME,35905,25169.4,13823,2457.305,1448.2074,-1009.0976,-706.3301,-302.6933
2026-04-26,West,Gewerbekunde,CHARGE,474,1437.4,14.5,30.6643,0.6191,-30.0452,-21.0329,-9.0132
2026-04-26,West,Gewerbekunde,DISCHARGE,1106,162,3149.6,23.9738,480.4801,456.5063,319.5538,136.9572
2026-04-26,West,Gewerbekunde,MAX_CHARGE,2607,10962.9,0,-2036.2876,0,2036.2876,1425.3939,610.8884
2026-04-26,West,Gewerbekunde,SELF_CONSUME,3397,2335.3,1365.1,228.0839,142.0522,-86.0317,-60.2198,-25.806
2026-04-26,West,Kleingewerbe,CHARGE,1284,3871.8,70.8,82.52,3.0239,-79.4961,-55.653,-23.8471
2026-04-26,West,Kleingewerbe,DISCHARGE,2996,396.9,8223.1,58.6756,1254.4086,1195.733,837.0087,358.7349
2026-04-26,West,Kleingewerbe,MAX_CHARGE,7062,29564.9,0,-5513.5769,0,5513.5769,3859.4835,1654.0772
2026-04-26,West,Kleingewerbe,SELF_CONSUME,9202,6460.4,3522.1,628.9135,371.7589,-257.1546,-180.0076,-77.1395
2026-04-26,West,Privatkunde,CHARGE,5430,16124.8,317,341.5646,13.5381,-328.0265,-229.6373,-98.4024
2026-04-26,West,Privatkunde,DISCHARGE,12670,1556.4,35903.2,229.3316,5479.9446,5250.613,3675.4148,1575.244
2026-04-26,West,Privatkunde,MAX_CHARGE,29865,125048.8,0,-23357.2098,0,23357.2098,16349.9676,7007.1884
2026-04-26,West,Privatkunde,SELF_CONSUME,38915,26772.8,15620.6,2607.7905,1640.4546,-967.3359,-677.1144,-290.165
2026-04-27,East,Gewerbekunde,CHARGE,572,1479.1,56.5,32.1776,2.8319,-29.3457,-20.5404,-8.8038
2026-04-27,East,Gewerbekunde,DISCHARGE,1056,169.1,2667.6,24.1886,459.6273,435.4387,304.8071,130.6366
2026-04-27,East,Gewerbekunde,MAX_CHARGE,616,2475.8,0,-0.8167,0,0.8167,0.5694,0.2402
2026-04-27,East,Gewerbekunde,SELF_CONSUME,1980,1211.2,1057.1,133.0602,123.3647,-9.6955,-6.7879,-2.9095
2026-04-27,East,Kleingewerbe,CHARGE,1963,4945.7,215.3,106.576,10.9442,-95.6318,-66.9382,-28.6869
2026-04-27,East,Kleingewerbe,DISCHARGE,3624,586.3,9408.4,83.4749,1619.2716,1535.7967,1075.0539,460.7593
2026-04-27,East,Kleingewerbe,MAX_CHARGE,2114,8557.8,0,-2.8475,0,2.8475,1.9867,0.8363
2026-04-27,East,Kleingewerbe,SELF_CONSUME,6795,3973.8,3790.3,437.5569,440.1143,2.5574,1.7903,0.7719
2026-04-27,East,Privatkunde,CHARGE,7969,19975.8,851.7,432.3744,42.5402,-389.8342,-272.8696,-116.9437
2026-04-27,East,Privatkunde,DISCHARGE,14712,2496.4,38079.2,355.8339,6561.9889,6206.155,4344.2918,1861.9168
2026-04-27,East,Privatkunde,MAX_CHARGE,8582,34680.5,0,-11.5548,0,11.5548,8.0602,3.3924
2026-04-27,East,Privatkunde,SELF_CONSUME,27585,16628.9,14851.1,1832.3039,1727.4172,-104.8867,-73.4107,-31.4538
2026-04-27,North,Gewerbekunde,CHARGE,871,2150.2,92.6,46.705,4.6134,-42.0916,-29.4625,-12.6266
2026-04-27,North,Gewerbekunde,DISCHARGE,1608,268,4143.9,38.2251,713.8754,675.6503,472.9554,202.7039
2026-04-27,North,Gewerbekunde,MAX_CHARGE,938,3767.4,0,-1.265,0,1.265,0.8832,0.3727
2026-04-27,North,Gewerbekunde,SELF_CONSUME,3015,1780.4,1668.3,196.069,194.0217,-2.0473,-1.4321,-0.6091
2026-04-27,North,Kleingewerbe,CHARGE,2093,5305.3,204.5,114.8434,10.1725,-104.6709,-73.2673,-31.3973
2026-04-27,North,Kleingewerbe,DISCHARGE,3864,690,9876,98.0812,1700.7885,1602.7073,1121.8935,480.8291
2026-04-27,North,Kleingewerbe,MAX_CHARGE,2254,9119.2,0,-3.0356,0,3.0356,2.1187,0.8928
2026-04-27,North,Kleingewerbe,SELF_CONSUME,7245,4331.9,3925.5,477.7001,456.3201,-21.38,-14.9615,-6.4121
2026-04-27,North,Privatkunde,CHARGE,8918,22298.9,853.3,483.2786,43.0522,-440.2264,-308.1446,-132.0588
2026-04-27,North,Privatkunde,DISCHARGE,16464,2755.4,42324.6,392.1304,7285.7915,6893.6611,4825.5465,2068.1756
2026-04-27,North,Privatkunde,MAX_CHARGE,9604,38643.9,0,-12.8472,0,12.8472,8.9604,3.7756
2026-04-27,North,Privatkunde,SELF_CONSUME,30870,18439.4,16526.5,2032.0017,1922.7336,-109.2681,-76.4679,-32.77
2026-04-27,South,Gewerbekunde,CHARGE,975,2439.9,109.7,52.2567,5.6689,-46.5878,-32.6115,-13.9764
2026-04-27,South,Gewerbekunde,DISCHARGE,1800,307.4,4545.9,43.9311,784.1709,740.2398,518.1657,222.0773
2026-04-27,South,Gewerbekunde,MAX_CHARGE,1050,4281.5,0,-1.4385,0,1.4385,1.0025,0.4223
2026-04-27,South,Gewerbekunde,SELF_CONSUME,3375,2182,1721.6,240.4739,201.0097,-39.4642,-27.6206,-11.8359
2026-04-27,South,Kleingewerbe,CHARGE,2756,6959.4,304.5,151.0591,14.7134,-136.3457,-95.4355,-40.9001
2026-04-27,South,Kleingewerbe,DISCHARGE,5088,890,13024.4,126.8422,2244.5007,2117.6585,1482.3595,635.3191
2026-04-27,South,Kleingewerbe,MAX_CHARGE,2968,12003.5,0,-3.9735,0,3.9735,2.7713,1.1687
2026-04-27,South,Kleingewerbe,SELF_CONSUME,9540,5744.7,5175.5,633.3739,602.3407,-31.0332,-21.7191,-9.3064
2026-04-27,South,Privatkunde,CHARGE,10855,27338.8,1107.3,598.2216,55.1072,-543.1144,-380.1573,-162.9193
2026-04-27,South,Privatkunde,DISCHARGE,20040,3431.5,51645.9,489.0345,8896.395,8407.3605,5885.1256,2522.3091
2026-04-27,South,Privatkunde,MAX_CHARGE,11690,47231.3,0,-15.7635,0,15.7635,10.9946,4.6292
2026-04-27,South,Privatkunde,SELF_CONSUME,37575,22723.6,20243.2,2503.0652,2357.5136,-145.5516,-101.88,-43.6576
2026-04-27,West,Gewerbekunde,CHARGE,1027,2538.9,114.6,53.8198,5.8962,-47.9236,-33.5453,-14.3773
2026-04-27,West,Gewerbekunde,DISCHARGE,1896,324.1,4833.8,46.1462,833.4935,787.3473,551.1442,236.2141
2026-04-27,West,Gewerbekunde,MAX_CHARGE,1106,4448.2,0,-1.4969,0,1.4969,1.0424,0.4404
2026-04-27,West,Gewerbekunde,SELF_CONSUME,3555,2183.2,1872.4,241.5526,217.5971,-23.9555,-16.7652,-7.1849
2026-04-27,West,Kleingewerbe,CHARGE,2782,7036.9,279.4,152.6114,14.4218,-138.1896,-96.7287,-41.4561
2026-04-27,West,Kleingewerbe,DISCHARGE,5136,884.9,13204.9,126.2232,2273.5976,2147.3744,1503.158,644.2379
2026-04-27,West,Kleingewerbe,MAX_CHARGE,2996,12091.3,0,-4.0349,0,4.0349,2.8171,1.1841
2026-04-27,West,Kleingewerbe,SELF_CONSUME,9630,5890.5,5140.5,649.3086,598.1649,-51.1437,-35.7984,-15.3389
2026-04-27,West,Privatkunde,CHARGE,11765,29635.5,1199,645.7381,60.1718,-585.5663,-409.8777,-175.6547
2026-04-27,West,Privatkunde,DISCHARGE,21720,3706.3,55809.4,528.7331,9616.7944,9088.0613,6361.6218,2726.5182
2026-04-27,West,Privatkunde,MAX_CHARGE,12670,51160.4,0,-17.012,0,17.012,11.8544,4.9956
2026-04-27,West,Privatkunde,SELF_CONSUME,40725,24438.2,21849.2,2691.1374,2543.0101,-148.1273,-103.6708,-44.4324
2026-04-28,East,Gewerbekunde,CHARGE,308,891,25.2,14.6816,1.1346,-13.547,-9.4827,-4.0632
2026-04-28,East,Gewerbekunde,DISCHARGE,44,31.7,14.5,4.2573,1.9475,-2.3098,-1.6168,-0.6929
2026-04-28,East,Gewerbekunde,MAX_CHARGE,1100,4596.5,0,-72.9081,0,72.9081,51.0353,21.8722
2026-04-28,East,Gewerbekunde,SELF_CONSUME,2772,1984,885.5,204.915,96.1528,-108.7622,-76.1362,-32.6295
2026-04-28,East,Kleingewerbe,CHARGE,1057,2911.4,97,44.7032,4.8514,-39.8518,-27.8962,-11.9494
2026-04-28,East,Kleingewerbe,DISCHARGE,151,87.4,51.2,11.7379,6.8764,-4.8615,-3.4028,-1.4588
2026-04-28,East,Kleingewerbe,MAX_CHARGE,3775,15533.4,0,-245.5571,0,245.5571,171.8875,73.6674
2026-04-28,East,Kleingewerbe,SELF_CONSUME,9513,6161,3071.4,635.5676,333.2035,-302.3641,-211.6566,-90.7093
2026-04-28,East,Privatkunde,CHARGE,4291,11928.2,404,184.4269,19.4516,-164.9753,-115.4787,-49.4731
2026-04-28,East,Privatkunde,DISCHARGE,613,356.6,205.1,47.8939,27.5471,-20.3468,-14.241,-6.1059
2026-04-28,East,Privatkunde,MAX_CHARGE,15325,63427.8,0,-1002.5145,0,1002.5145,701.7558,300.7601
2026-04-28,East,Privatkunde,SELF_CONSUME,38619,25225.8,12870.5,2600.1016,1396.0682,-1204.0334,-842.8317,-361.2058
2026-04-28,North,Gewerbekunde,CHARGE,469,1291.6,50.1,19.9892,2.4248,-17.5644,-12.2951,-5.2672
2026-04-28,North,Gewerbekunde,DISCHARGE,67,37.7,31,5.0629,4.1635,-0.8994,-0.6298,-0.2699
2026-04-28,North,Gewerbekunde,MAX_CHARGE,1675,6965.2,0,-111.1005,0,111.1005,77.7661,33.3309
2026-04-28,North,Gewerbekunde,SELF_CONSUME,4221,2876.3,1332.1,297.2072,144.3078,-152.8994,-107.031,-45.8723
2026-04-28,North,Kleingewerbe,CHARGE,1127,3134.6,118,48.3353,5.7219,-42.6134,-29.8288,-12.7804
2026-04-28,North,Kleingewerbe,DISCHARGE,161,100.9,55.8,13.5513,7.4947,-6.0566,-4.2394,-1.8171
2026-04-28,North,Kleingewerbe,MAX_CHARGE,4025,16641.4,0,-262.3897,0,262.3897,183.6713,78.7178
2026-04-28,North,Kleingewerbe,SELF_CONSUME,10143,6855.9,3286.6,708.2659,356.7447,-351.5212,-246.0636,-105.4574
2026-04-28,North,Privatkunde,CHARGE,4802,13368.9,468.6,208.3195,22.8951,-185.4244,-129.794,-55.6112
2026-04-28,North,Privatkunde,DISCHARGE,686,379.9,239.8,51.0228,32.2066,-18.8162,-13.1694,-5.6468
2026-04-28,North,Privatkunde,MAX_CHARGE,17150,70837.3,0,-1120.4852,0,1120.4852,784.3367,336.1441
2026-04-28,North,Privatkunde,SELF_CONSUME,43218,29076.3,14002.8,3002.6386,1514.9282,-1487.7104,-1041.4062,-446.3114
2026-04-28,South,Gewerbekunde,CHARGE,525,1453.1,49.8,22.182,2.4662,-19.7158,-13.8,-5.9138
2026-04-28,South,Gewerbekunde,DISCHARGE,75,42.7,21.9,5.7348,2.9414,-2.7934,-1.9552,-0.8383
2026-04-28,South,Gewerbekunde,MAX_CHARGE,1875,7702.4,0,-121.8029,0,121.8029,85.2619,36.5407
2026-04-28,South,Gewerbekunde,SELF_CONSUME,4725,3226.6,1467.9,333.8126,158.9335,-174.8791,-122.4211,-52.4645
2026-04-28,South,Kleingewerbe,CHARGE,1484,4111.7,152.9,63.579,7.4805,-56.0985,-39.2691,-16.8232
2026-04-28,South,Kleingewerbe,DISCHARGE,212,118.2,73.6,15.875,9.8848,-5.9902,-4.1924,-1.7979
2026-04-28,South,Kleingewerbe,MAX_CHARGE,5300,21935.3,0,-346.938,0,346.938,242.8502,104.0786
2026-04-28,South,Kleingewerbe,SELF_CONSUME,13356,8701.2,4378.7,897.3408,473.8399,-423.5009,-296.4514,-127.0485
2026-04-28,South,Privatkunde,CHARGE,5845,16054.4,559.1,245.8603,27.4885,-218.3718,-152.8569,-65.4876
2026-04-28,South,Privatkunde,DISCHARGE,835,514.6,248,69.1139,33.3079,-35.806,-25.0604,-10.7443
2026-04-28,South,Privatkunde,MAX_CHARGE,20875,86179.2,0,-1362.2968,0,1362.2968,953.5931,408.6886
2026-04-28,South,Privatkunde,SELF_CONSUME,52605,35171.4,16972.1,3636.9593,1839.5555,-1797.4038,-1258.1869,-539.2191
2026-04-28,West,Gewerbekunde,CHARGE,553,1539.7,47.8,23.9134,2.3885,-21.5249,-15.068,-6.4553
2026-04-28,West,Gewerbekunde,DISCHARGE,79,46.2,25.4,6.2048,3.411,-2.7938,-1.9552,-0.8382
2026-04-28,West,Gewerbekunde,MAX_CHARGE,1975,8151.1,0,-128.6767,0,128.6767,90.0733,38.6037
2026-04-28,West,Gewerbekunde,SELF_CONSUME,4977,3301.8,1588.4,340.1152,172.2228,-167.8924,-117.5272,-50.3716
2026-04-28,West,Kleingewerbe,CHARGE,1498,4132.1,132.5,63.2684,6.5744,-56.694,-39.6832,-17.003
2026-04-28,West,Kleingewerbe,DISCHARGE,214,111.7,71.8,15.002,9.6432,-5.3588,-3.7506,-1.6078
2026-04-28,West,Kleingewerbe,MAX_CHARGE,5350,22050.2,0,-348.9676,0,348.9676,244.2751,104.692
2026-04-28,West,Kleingewerbe,SELF_CONSUME,13482,8877.2,4384.1,917.3117,475.0613,-442.2504,-309.5786,-132.6803
2026-04-28,West,Privatkunde,CHARGE,6335,17512,573.4,270.3715,27.6575,-242.714,-169.8893,-72.7861
2026-04-28,West,Privatkunde,DISCHARGE,905,538.6,293.6,72.337,39.4334,-32.9036,-23.03,-9.873
2026-04-28,West,Privatkunde,MAX_CHARGE,22625,93470.4,0,-1477.5367,0,1477.5367,1034.2654,443.2664
2026-04-28,West,Privatkunde,SELF_CONSUME,57015,38300.6,18179.4,3957.3061,1970.5047,-1986.8014,-1390.7699,-596.0302
2026-04-29,East,Gewerbekunde,CHARGE,220,639.4,16.4,11.4785,0.6873,-10.7912,-7.5528,-3.2372
2026-04-29,East,Gewerbekunde,DISCHARGE,528,130.5,1144.8,19.206,167.0254,147.8194,103.4763,44.3467
2026-04-29,East,Gewerbekunde,MAX_CHARGE,1276,5379.3,0,-161.451,0,161.451,113.01,48.4329
2026-04-29,East,Gewerbekunde,SELF_CONSUME,2200,1557.2,835.2,161.4205,90.8414,-70.5791,-49.4047,-21.1725
2026-04-29,East,Kleingewerbe,CHARGE,755,2201,63.9,38.8607,2.6782,-36.1825,-25.3242,-10.8534
2026-04-29,East,Kleingewerbe,DISCHARGE,1812,493.1,3959.7,72.771,577.5393,504.7683,353.3461,151.4361
2026-04-29,East,Kleingewerbe,MAX_CHARGE,4379,18321,0,-548.3341,0,548.3341,383.8113,164.4977
2026-04-29,East,Kleingewerbe,SELF_CONSUME,7550,5401.3,2853.6,559.515,310.2412,-249.2738,-174.4935,-74.7824
2026-04-29,East,Privatkunde,CHARGE,3065,8925.7,208.4,159.5758,8.7366,-150.8392,-105.5777,-45.2457
2026-04-29,East,Privatkunde,DISCHARGE,7356,1842.7,16224.1,272.1858,2366.4574,2094.2716,1466.0188,628.3018
2026-04-29,East,Privatkunde,MAX_CHARGE,17777,74376.5,0,-2224.4444,0,2224.4444,1557.0162,667.3187
2026-04-29,East,Privatkunde,SELF_CONSUME,30650,22354.7,11691.9,2315.8292,1272.4745,-1043.3547,-730.3544,-313.0099
2026-04-29,North,Gewerbekunde,CHARGE,335,983.9,15.7,17.8781,0.6582,-17.2199,-12.0527,-5.1653
2026-04-29,North,Gewerbekunde,DISCHARGE,804,205.5,1754.2,30.5225,255.7361,225.2136,157.6526,67.5652
2026-04-29,North,Gewerbekunde,MAX_CHARGE,1943,8133.9,0,-244.0399,0,244.0399,170.8161,73.2112
2026-04-29,North,Gewerbekunde,SELF_CONSUME,3350,2577.5,1162.1,267.2929,126.5577,-140.7352,-98.5148,-42.2251
2026-04-29,North,Kleingewerbe,CHARGE,805,2341.1,50.4,41.9281,2.1127,-39.8154,-27.8674,-11.943
2026-04-29,North,Kleingewerbe,DISCHARGE,1932,478.6,4157.7,70.9187,606.1583,535.2396,374.6758,160.5775
2026-04-29,North,Kleingewerbe,MAX_CHARGE,4669,19624.1,0,-586.4881,0,586.4881,410.519,175.9468
2026-04-29,North,Kleingewerbe,SELF_CONSUME,8050,5709.8,3026.3,592.6892,327.817,-264.8722,-185.4082,-79.4652
2026-04-29,North,Privatkunde,CHARGE,3430,9983.7,226.8,178.9536,9.507,-169.4466,-118.5992,-50.8265
2026-04-29,North,Privatkunde,DISCHARGE,8232,1995.2,17973.4,294.198,2621.8656,2327.6676,1629.4026,698.323
2026-04-29,North,Privatkunde,MAX_CHARGE,19894,83145.8,0,-2486.2514,0,2486.2514,1740.265,745.8562
2026-04-29,North,Privatkunde,SELF_CONSUME,34300,24780.1,12844.2,2565.6053,1397.1738,-1168.4315,-817.8987,-350.5326
2026-04-29,South,Gewerbekunde,CHARGE,375,1092.2,27.2,19.5715,1.1402,-18.4313,-12.9006,-5.5293
2026-04-29,South,Gewerbekunde,DISCHARGE,900,212.4,1943.3,31.265,283.4544,252.1894,176.537,75.659
2026-04-29,South,Gewerbekunde,MAX_CHARGE,2175,9125.2,0,-272.7325,0,272.7325,190.9003,81.8175
2026-04-29,South,Gewerbekunde,SELF_CONSUME,3750,2783,1431.1,288.2277,155.0874,-133.1403,-93.1981,-39.943
2026-04-29,South,Kleingewerbe,CHARGE,1060,3130.3,69.1,56.4588,2.8967,-53.5621,-37.489,-16.0672
2026-04-29,South,Kleingewerbe,DISCHARGE,2544,596.5,5534.8,88.3932,806.9534,718.5602,503.0029,215.5736
2026-04-29,South,Kleingewerbe,MAX_CHARGE,6148,25690.6,0,-769.4158,0,769.4158,538.5571,230.8168
2026-04-29,South,Kleingewerbe,SELF_CONSUME,10600,7618.2,4030.9,788.2249,438.5157,-349.7092,-244.7946,-104.9168
2026-04-29,South,Privatkunde,CHARGE,4175,12153.1,265.6,217.3771,11.1328,-206.2443,-144.3554,-61.8662
2026-04-29,South,Privatkunde,DISCHARGE,10020,2356.3,21838.5,347.7069,3185.8219,2838.115,1986.7186,851.4605
2026-04-29,South,Privatkunde,MAX_CHARGE,24215,101321.6,0,-3036.638,0,3036.638,2125.51,910.9765
2026-04-29,South,Privatkunde,SELF_CONSUME,41750,30293.4,15663.1,3133.5662,1707.0111,-1426.5551,-998.5888,-427.9539
2026-04-29,West,Gewerbekunde,CHARGE,395,1152.1,23,20.6771,0.964,-19.7131,-13.7969,-5.9128
2026-04-29,West,Gewerbekunde,DISCHARGE,948,200,2117.7,29.4962,309.0392,279.543,195.6826,83.8649
2026-04-29,West,Gewerbekunde,MAX_CHARGE,2291,9575.5,0,-286.259,0,286.259,200.3686,85.8759
2026-04-29,West,Gewerbekunde,SELF_CONSUME,3950,2762,1580.1,285.5875,172.0154,-113.5721,-79.4984,-34.0716
2026-04-29,West,Kleingewerbe,CHARGE,1070,3138,61.8,56.5414,2.5907,-53.9507,-37.7617,-16.1839
2026-04-29,West,Kleingewerbe,DISCHARGE,2568,597.9,5801.8,88.4827,846.2625,757.7798,530.4553,227.3437
2026-04-29,West,Kleingewerbe,MAX_CHARGE,6206,25945.3,0,-775.8194,0,775.8194,543.0375,232.7385
2026-04-29,West,Kleingewerbe,SELF_CONSUME,10700,7908.8,3944.8,818.4638,429.8785,-388.5853,-272.0019,-116.5744
2026-04-29,West,Privatkunde,CHARGE,4525,13209.1,308.5,237.4697,12.931,-224.5387,-157.162,-67.3605
2026-04-29,West,Privatkunde,DISCHARGE,10860,2638.9,23807.2,390.2249,3471.7666,3081.5417,2157.1263,924.4917
2026-04-29,West,Privatkunde,MAX_CHARGE,26245,109567.7,0,-3281.1932,0,3281.1932,2296.6944,984.3392
2026-04-29,West,Privatkunde,SELF_CONSUME,45250,32927.9,17064.3,3408.5535,1856.371,-1552.1825,-1086.5274,-465.6542
2026-04-30,East,Gewerbekunde,CHARGE,352,980.2,26.3,14.597,0.9955,-13.6015,-9.5213,-4.0805
2026-04-30,East,Gewerbekunde,DISCHARGE,704,81.9,1932.4,11.3532,312.2207,300.8675,210.6045,90.2672
2026-04-30,East,Gewerbekunde,MAX_CHARGE,1232,5136.4,0,-72.2743,0,72.2743,50.5863,21.6774
2026-04-30,East,Gewerbekunde,SELF_CONSUME,1936,1186.7,1220.5,121.4516,134.6764,13.2248,9.2587,3.9672
2026-04-30,East,Kleingewerbe,CHARGE,1208,3379.9,94.7,50.4034,3.7422,-46.6612,-32.6616,-13.9975
2026-04-30,East,Kleingewerbe,DISCHARGE,2416,315.2,6470.3,43.8215,1046.9636,1003.1421,702.193,300.9642
2026-04-30,East,Kleingewerbe,MAX_CHARGE,4228,17573.6,0,-245.2616,0,245.2616,171.6665,73.5698
2026-04-30,East,Kleingewerbe,SELF_CONSUME,6644,4180.9,3909.8,427.4656,433.5343,6.0687,4.2532,1.8192
2026-04-30,East,Privatkunde,CHARGE,4904,13992,430.1,210.8071,17.0406,-193.7665,-135.6322,-58.1287
2026-04-30,East,Privatkunde,DISCHARGE,9808,1478.4,26439,205.5987,4279.8298,4074.2311,2851.9319,1222.3583
2026-04-30,East,Privatkunde,MAX_CHARGE,17164,71814.4,0,-1005.033,0,1005.033,703.4559,301.4679
2026-04-30,East,Privatkunde,SELF_CONSUME,26972,17475.2,16353.3,1785.6653,1811.4105,25.7452,18.0455,7.7251
2026-04-30,North,Gewerbekunde,CHARGE,536,1490.1,42.9,22.1457,1.776,-20.3697,-14.2582,-6.112
2026-04-30,North,Gewerbekunde,DISCHARGE,1072,159.8,2813.2,22.1705,455.8756,433.7051,303.5903,130.1211
2026-04-30,North,Gewerbekunde,MAX_CHARGE,1876,7855,0,-109.4631,0,109.4631,76.6174,32.8354
2026-04-30,North,Gewerbekunde,SELF_CONSUME,2948,1886.7,1706.7,193.1479,189.2632,-3.8847,-2.7166,-1.1659
2026-04-30,North,Kleingewerbe,CHARGE,1288,3674.6,112,54.88,4.4549,-50.4251,-35.298,-15.1281
2026-04-30,North,Kleingewerbe,DISCHARGE,2576,365.5,7089.9,50.9198,1146.6934,1095.7736,767.033,328.7555
2026-04-30,North,Kleingewerbe,MAX_CHARGE,4508,18821.8,0,-262.7871,0,262.7871,183.934,78.8274
2026-04-30,North,Kleingewerbe,SELF_CONSUME,7084,4586.1,4412.1,468.2904,488.5263,20.2359,14.1674,6.0724
2026-04-30,North,Privatkunde,CHARGE,5488,15534,447.8,231.7592,18.1616,-213.5976,-149.5184,-64.0775
2026-04-30,North,Privatkunde,DISCHARGE,10976,1594.4,29493.1,221.8067,4769.266,4547.4593,3183.1887,1364.3329
2026-04-30,North,Privatkunde,MAX_CHARGE,19208,80389,0,-1126.8757,0,1126.8757,788.7373,338.0185
2026-04-30,North,Privatkunde,SELF_CONSUME,30184,19745,18086.3,2016.3731,2005.1247,-11.2484,-7.8446,-3.3707
2026-04-30,South,Gewerbekunde,CHARGE,600,1703.3,48.9,25.6567,1.892,-23.7647,-16.6349,-7.1298
2026-04-30,South,Gewerbekunde,DISCHARGE,1200,181.3,3251.5,25.1219,525.4852,500.3633,350.2518,150.121
2026-04-30,South,Gewerbekunde,MAX_CHARGE,2100,8779.4,0,-122.7911,0,122.7911,85.9463,36.8316
2026-04-30,South,Gewerbekunde,SELF_CONSUME,3300,2304.4,1996.8,236.0019,221.3513,-14.6506,-10.2546,-4.3937
2026-04-30,South,Kleingewerbe,CHARGE,1696,4862.1,144.6,73.3908,5.6381,-67.7527,-47.4258,-20.3258
2026-04-30,South,Kleingewerbe,DISCHARGE,3392,515.6,9019.5,71.7172,1457.4288,1385.7116,969.9916,415.7425
2026-04-30,South,Kleingewerbe,MAX_CHARGE,5936,24875.4,0,-348.0435,0,348.0435,243.6111,104.3974
2026-04-30,South,Kleingewerbe,SELF_CONSUME,9328,6245.7,5467.9,639.2624,605.981,-33.2814,-23.2877,-9.9828
2026-04-30,South,Privatkunde,CHARGE,6680,18823.5,549.4,280.567,22.0268,-258.5402,-180.9738,-77.5588
2026-04-30,South,Privatkunde,DISCHARGE,13360,2007.6,36485.9,279.2073,5902.8423,5623.635,3936.5032,1687.2124
2026-04-30,South,Privatkunde,MAX_CHARGE,23380,97829.2,0,-1368.0307,0,1368.0307,957.5353,410.3585
2026-04-30,South,Privatkunde,SELF_CONSUME,36740,24321.3,21981.1,2487.6642,2438.7425,-48.9217,-34.2171,-14.6849
2026-04-30,West,Gewerbekunde,CHARGE,632,1777.5,53.2,26.496,2.1633,-24.3327,-17.0338,-7.3001
2026-04-30,West,Gewerbekunde,DISCHARGE,1264,194.6,3566.8,27.0001,577.5139,550.5138,385.3554,165.1644
2026-04-30,West,Gewerbekunde,MAX_CHARGE,2212,9170.2,0,-128.0569,0,128.0569,89.6321,38.4148
2026-04-30,West,Gewerbekunde,SELF_CONSUME,3476,2309.7,2144.8,236.346,238.2662,1.9202,1.3503,0.5778
2026-04-30,West,Kleingewerbe,CHARGE,1712,4916.3,136.1,73.8682,5.3892,-68.479,-47.935,-20.5425
2026-04-30,West,Kleingewerbe,DISCHARGE,3424,511.9,9342.4,71.0586,1510.9513,1439.8927,1007.915,431.9973
2026-04-30,West,Kleingewerbe,MAX_CHARGE,5992,25138.2,0,-350.6654,0,350.6654,245.4401,105.1851
2026-04-30,West,Kleingewerbe,SELF_CONSUME,9416,6158.4,5885.1,629.483,651.5053,22.0223,15.4194,6.6071
2026-04-30,West,Privatkunde,CHARGE,7240,20567.3,601.7,308.5716,23.7767,-284.7949,-199.3496,-85.4374
2026-04-30,West,Privatkunde,DISCHARGE,14480,2037.8,39178.7,283.048,6341.28,6058.232,4240.7182,1817.5963
2026-04-30,West,Privatkunde,MAX_CHARGE,25340,106065,0,-1484.5736,0,1484.5736,1039.1057,445.3208
2026-04-30,West,Privatkunde,SELF_CONSUME,39820,25954.7,24202,2653.8636,2681.08,27.2164,19.0675,8.1708
2026-05-01,East,Gewerbekunde,CHARGE,396,1115,35.9,10.4257,0.5956,-9.8301,-6.881,-2.951
2026-05-01,East,Gewerbekunde,DISCHARGE,440,39.5,1241.9,6.2248,220.3152,214.0904,149.8637,64.2284
2026-05-01,East,Gewerbekunde,MAX_CHARGE,1408,5879.8,0,-1242.7957,0,1242.7957,869.9588,372.8444
2026-05-01,East,Gewerbekunde,SELF_CONSUME,1980,1101.3,1205.4,111.5907,130.6624,19.0717,13.3535,5.7236
2026-05-01,East,Kleingewerbe,CHARGE,1359,3877.2,97.8,35.9668,1.6208,-34.346,-24.0427,-10.308
2026-05-01,East,Kleingewerbe,DISCHARGE,1510,178.1,4315.1,28.2013,766.3891,738.1878,516.7312,221.459
2026-05-01,East,Kleingewerbe,MAX_CHARGE,4832,20299.8,0,-4247.9134,0,4247.9134,2973.5394,1274.3946
2026-05-01,East,Kleingewerbe,SELF_CONSUME,6795,3973.7,4023.1,402.7577,435.1444,32.3867,22.6749,9.7157
2026-05-01,East,Privatkunde,CHARGE,5517,15832.4,444.2,148.0417,7.5422,-140.4995,-98.3504,-42.1628
2026-05-01,East,Privatkunde,DISCHARGE,6130,666.1,17649.2,103.9192,3132.1427,3028.2235,2119.7589,908.4834
2026-05-01,East,Privatkunde,MAX_CHARGE,19616,82182,0,-17245.9811,0,17245.9811,12072.1988,5173.873
2026-05-01,East,Privatkunde,SELF_CONSUME,27585,16049.9,17104.6,1626.1222,1848.3597,222.2375,155.5908,66.6731
2026-05-01,North,Gewerbekunde,CHARGE,603,1749.2,42.4,16.5271,0.703,-15.8241,-11.0779,-4.7483
2026-05-01,North,Gewerbekunde,DISCHARGE,670,73,1863.8,11.7172,330.9082,319.191,223.4334,95.759
2026-05-01,North,Gewerbekunde,MAX_CHARGE,2144,8971.4,0,-1883.3952,0,1883.3952,1318.379,565.0284
2026-05-01,North,Gewerbekunde,SELF_CONSUME,3015,1759.2,1760.2,177.4733,190.8515,13.3782,9.3702,4.016
2026-05-01,North,Kleingewerbe,CHARGE,1449,4229.7,110,39.4977,1.9974,-37.5003,-26.25,-11.2535
2026-05-01,North,Kleingewerbe,DISCHARGE,1610,197.3,4536.2,30.6942,806.3276,775.6334,542.9438,232.6943
2026-05-01,North,Kleingewerbe,MAX_CHARGE,5152,21643.2,0,-4520.6163,0,4520.6163,3164.4362,1356.2055
2026-05-01,North,Kleingewerbe,SELF_CONSUME,7245,4241,4419.8,430.1267,477.3053,47.1786,33.0354,14.1514
2026-05-01,North,Privatkunde,CHARGE,6174,17770.3,413.1,166.107,7.5612,-158.5458,-110.9827,-47.5795
2026-05-01,North,Privatkunde,DISCHARGE,6860,809.6,19970,128.0733,3544.7251,3416.6518,2391.6593,1025.0128
2026-05-01,North,Privatkunde,MAX_CHARGE,21952,92044.6,0,-19340.0555,0,19340.0555,13538.0513,5802.1033
2026-05-01,North,Privatkunde,SELF_CONSUME,30870,17994.3,19005.7,1823.4034,2054.6243,231.2209,161.89,69.3636
2026-05-01,South,Gewerbekunde,CHARGE,675,1984.2,42.3,18.8945,0.7511,-18.1434,-12.7,-5.4448
2026-05-01,South,Gewerbekunde,DISCHARGE,750,82.6,2164.3,13.0418,384.244,371.2022,259.8415,111.3624
2026-05-01,South,Gewerbekunde,MAX_CHARGE,2400,10099.4,0,-2124.5648,0,2124.5648,1487.1966,637.3806
2026-05-01,South,Gewerbekunde,SELF_CONSUME,3375,2027.8,2014.2,205.4528,218.223,12.7702,8.9441,3.83
2026-05-01,South,Kleingewerbe,CHARGE,1908,5424.6,139.9,50.2689,2.4114,-47.8575,-33.5005,-14.3632
2026-05-01,South,Kleingewerbe,DISCHARGE,2120,256.4,6068.8,40.1138,1077.5362,1037.4224,726.1957,311.232
2026-05-01,South,Kleingewerbe,MAX_CHARGE,6784,28343.4,0,-5976.7637,0,5976.7637,4183.739,1793.0587
2026-05-01,South,Kleingewerbe,SELF_CONSUME,9540,5718,5596.9,580.3423,605.8874,25.5451,17.8965,7.662
2026-05-01,South,Privatkunde,CHARGE,7515,21699.2,544.8,203.4365,9.8155,-193.621,-135.5376,-58.1032
2026-05-01,South,Privatkunde,DISCHARGE,8350,975.3,24060.3,153.4107,4272.2761,4118.8654,2883.2039,1235.6817
2026-05-01,South,Privatkunde,MAX_CHARGE,26720,111792.6,0,-23432.0362,0,23432.0362,16402.437,7029.7217
2026-05-01,South,Privatkunde,SELF_CONSUME,37575,22257.7,22906.5,2253.2662,2478.3082,225.042,157.5735,67.5122
2026-05-01,West,Gewerbekunde,CHARGE,711,2015.9,53.2,18.8147,1.0992,-17.7155,-12.4018,-5.3171
2026-05-01,West,Gewerbekunde,DISCHARGE,790,99.3,2192.1,15.3318,389.6158,374.284,261.9993,112.2865
2026-05-01,West,Gewerbekunde,MAX_CHARGE,2528,10559.6,0,-2210.3445,0,2210.3445,1547.2432,663.1144
2026-05-01,West,Gewerbekunde,SELF_CONSUME,3555,1995.6,2082.3,202.8444,224.6332,21.7888,15.2582,6.5378
2026-05-01,West,Kleingewerbe,CHARGE,1926,5565.2,133.3,52.1945,2.4751,-49.7194,-34.8054,-14.9189
2026-05-01,West,Kleingewerbe,DISCHARGE,2140,256.1,6134.7,40.5434,1089.5957,1049.0523,734.3351,314.7206
2026-05-01,West,Kleingewerbe,MAX_CHARGE,6848,28766.8,0,-6044.7946,0,6044.7946,4231.3579,1813.469
2026-05-01,West,Kleingewerbe,SELF_CONSUME,9630,5868.3,5801.6,594.3082,628.3817,34.0735,23.8596,10.2221
2026-05-01,West,Privatkunde,CHARGE,8145,23381.8,618.2,217.7404,11.27,-206.4704,-144.5373,-61.9636
2026-05-01,West,Privatkunde,DISCHARGE,9050,1079.7,25716,169.8434,4568.4427,4398.5993,3079.0191,1319.6008
2026-05-01,West,Privatkunde,MAX_CHARGE,28960,121354.4,0,-25482.5278,0,25482.5278,17837.7755,7644.8817
2026-05-01,West,Privatkunde,SELF_CONSUME,40725,24032.5,24742.6,2436.1379,2675.6935,239.5556,167.7422,71.8497
2026-05-02,East,Gewerbekunde,CHARGE,528,1627.9,19,12.9465,0.8093,-12.1372,-8.4973,-3.6422
2026-05-02,East,Gewerbekunde,DISCHARGE,704,211.5,1943.6,30.8646,344.3441,313.4795,219.4345,94.0497
2026-05-02,East,Gewerbekunde,MAX_CHARGE,1188,4991.2,0,-255.0479,0,255.0479,178.5327,76.5182
2026-05-02,East,Gewerbekunde,SELF_CONSUME,1804,1019.4,1223.4,98.4737,136.856,38.3823,26.8634,11.5131
2026-05-02,East,Kleingewerbe,CHARGE,1812,5550.5,48.7,46.0697,2.0748,-43.9949,-30.7986,-13.1995
2026-05-02,East,Kleingewerbe,DISCHARGE,2416,732.7,6419.2,107.0494,1134.6101,1027.5607,719.2862,308.2831
2026-05-02,East,Kleingewerbe,MAX_CHARGE,4077,16911.7,0,-863.6609,0,863.6609,604.5573,259.1138
2026-05-02,East,Kleingewerbe,SELF_CONSUME,6191,3785.9,3806.1,368.3329,429.8435,61.5106,43.0571,18.4541
2026-05-02,East,Privatkunde,CHARGE,7356,22226.9,235.3,184.1263,10.0246,-174.1017,-121.8769,-52.236
2026-05-02,East,Privatkunde,DISCHARGE,9808,3025.3,26452.8,443.1549,4682.1193,4238.9644,2967.2559,1271.7522
2026-05-02,East,Privatkunde,MAX_CHARGE,16551,68820.6,0,-3544.6938,0,3544.6938,2481.2645,1063.4687
2026-05-02,East,Privatkunde,SELF_CONSUME,25133,14823.6,16031.1,1440.7302,1802.7837,362.0535,253.4404,108.6319
2026-05-02,North,Gewerbekunde,CHARGE,804,2446.6,22,20.525,0.937,-19.588,-13.7114,-5.8777
2026-05-02,North,Gewerbekunde,DISCHARGE,1072,346.6,2867.1,51.0165,508.5065,457.49,320.2415,137.2534
2026-05-02,North,Gewerbekunde,MAX_CHARGE,1809,7524.4,0,-388.7729,0,388.7729,272.1377,116.6387
2026-05-02,North,Gewerbekunde,SELF_CONSUME,2747,1704,1684.1,164.7727,189.9724,25.1997,17.6435,7.5578
2026-05-02,North,Kleingewerbe,CHARGE,1932,5911.9,55.9,48.6397,2.3817,-46.258,-32.3805,-13.8795
2026-05-02,North,Kleingewerbe,DISCHARGE,2576,759.4,7019.3,110.9789,1242.8774,1131.8985,792.3265,339.5862
2026-05-02,North,Kleingewerbe,MAX_CHARGE,4347,18002.4,0,-928.9968,0,928.9968,650.2902,278.7132
2026-05-02,North,Kleingewerbe,SELF_CONSUME,6601,3791.9,4276.4,368.037,481.7653,113.7283,79.6102,34.1238
2026-05-02,North,Privatkunde,CHARGE,8232,24805.4,219.4,203.7038,9.3468,-194.357,-136.0492,-58.3096
2026-05-02,North,Privatkunde,DISCHARGE,10976,3382.5,29562.4,494.9822,5234.2591,4739.2769,3317.4716,1421.8564
2026-05-02,North,Privatkunde,MAX_CHARGE,18522,76859.3,0,-3957.9037,0,3957.9037,2770.5,1187.4375
2026-05-02,North,Privatkunde,SELF_CONSUME,28126,16660,17597.4,1618.6648,1982.8731,364.2083,254.9557,109.2672
2026-05-02,South,Gewerbekunde,CHARGE,900,2713.5,28.9,23.0159,1.231,-21.7849,-15.2509,-6.538
2026-05-02,South,Gewerbekunde,DISCHARGE,1200,366.5,3248.3,53.7443,573.4545,519.7102,363.7939,155.9216
2026-05-02,South,Gewerbekunde,MAX_CHARGE,2025,8329.9,0,-431.3842,0,431.3842,301.965,129.4231
2026-05-02,South,Gewerbekunde,SELF_CONSUME,3075,1940.5,1955.2,189.384,221.1506,31.7666,22.2367,9.5342
2026-05-02,South,Kleingewerbe,CHARGE,2544,7710.9,67.7,63.815,2.8839,-60.9311,-42.6538,-18.28
2026-05-02,South,Kleingewerbe,DISCHARGE,3392,1090.8,9139.6,160.1991,1618.7709,1458.5718,1020.9942,437.5917
2026-05-02,South,Kleingewerbe,MAX_CHARGE,5724,23693.5,0,-1222.8696,0,1222.8696,856.0034,366.8787
2026-05-02,South,Kleingewerbe,SELF_CONSUME,8692,5384,5445.5,526.0078,613.7756,87.7678,61.4404,26.3349
2026-05-02,South,Privatkunde,CHARGE,10020,30264.5,274.6,252.4432,11.6969,-240.7463,-168.5335,-72.2305
2026-05-02,South,Privatkunde,DISCHARGE,13360,4165.7,35471.8,610.803,6282.9291,5672.1261,3970.4562,1701.7243
2026-05-02,South,Privatkunde,MAX_CHARGE,22545,93407.6,0,-4826.5883,0,4826.5883,3378.5795,1448.0523
2026-05-02,South,Privatkunde,SELF_CONSUME,34235,20510.6,21169.2,1995.795,2385.2735,389.4785,272.635,116.8505
2026-05-02,West,Gewerbekunde,CHARGE,948,2795.1,34.1,23.0727,1.4525,-21.6202,-15.133,-6.4863
2026-05-02,West,Gewerbekunde,DISCHARGE,1264,394.2,3448.2,58.0593,610.2372,552.1779,386.5228,165.6621
2026-05-02,West,Gewerbekunde,MAX_CHARGE,2133,8804.2,0,-453.8969,0,453.8969,317.7231,136.1773
2026-05-02,West,Gewerbekunde,SELF_CONSUME,3239,1851.7,2080.9,178.1522,233.9964,55.8442,39.0895,16.7542
2026-05-02,West,Kleingewerbe,CHARGE,2568,7886.8,69.5,65.6721,2.9606,-62.7115,-43.9027,-18.8172
2026-05-02,West,Kleingewerbe,DISCHARGE,3424,1095.2,9246.2,160.2893,1636.1915,1475.9022,1033.1292,442.7932
2026-05-02,West,Kleingewerbe,MAX_CHARGE,5778,23905.8,0,-1231.4692,0,1231.4692,862.0223,369.4621
2026-05-02,West,Kleingewerbe,SELF_CONSUME,8774,5355.4,5457.9,520.1542,616.0415,95.8873,67.1214,28.7674
2026-05-02,West,Privatkunde,CHARGE,10860,32921.4,310.1,273.0855,13.2099,-259.8756,-181.9185,-77.9705
2026-05-02,West,Privatkunde,DISCHARGE,14480,4460,39138.2,652.7111,6928.6378,6275.9267,4393.1222,1882.877
2026-05-02,West,Privatkunde,MAX_CHARGE,24435,100971.3,0,-5205.5426,0,5205.5426,3643.8481,1561.7445
2026-05-02,West,Privatkunde,SELF_CONSUME,37105,21772.5,23863.3,2119.5811,2681.2395,561.6584,393.154,168.5036
2026-05-03,East,Gewerbekunde,CHARGE,572,1260.9,90.6,31.0773,4.8474,-26.2299,-18.3629,-7.8695
2026-05-03,East,Gewerbekunde,DISCHARGE,616,135.9,1465.6,18.6218,207.1943,188.5725,132.0056,56.5715
2026-05-03,East,Gewerbekunde,MAX_CHARGE,1056,4358.2,0,-28.66,0,28.66,20.0573,8.5966
2026-05-03,East,Gewerbekunde,SELF_CONSUME,1980,1080.6,1137.8,116.6905,131.2081,14.5176,10.1654,4.3561
2026-05-03,East,Kleingewerbe,CHARGE,1963,4359.8,231.5,109.5567,12.8336,-96.7231,-67.7079,-29.0172
2026-05-03,East,Kleingewerbe,DISCHARGE,2114,480.5,4999,65.7193,706.7673,641.048,448.7489,192.3175
2026-05-03,East,Kleingewerbe,MAX_CHARGE,3624,14856,0,-98.3255,0,98.3255,68.8102,29.4936
2026-05-03,East,Kleingewerbe,SELF_CONSUME,6795,3808.5,3693.5,410.3946,426.4154,16.0208,11.2195,4.8035
2026-05-03,East,Privatkunde,CHARGE,7969,17757.6,1021.7,446.0131,55.801,-390.2121,-273.1466,-117.0614
2026-05-03,East,Privatkunde,DISCHARGE,8582,1766.8,20238.6,241.3617,2861.2585,2619.8968,1833.9868,785.9753
2026-05-03,East,Privatkunde,MAX_CHARGE,14712,60025.4,0,-396.8988,0,396.8988,277.7864,119.0531
2026-05-03,East,Privatkunde,SELF_CONSUME,27585,14932.2,15198.1,1607.9706,1753.7237,145.7531,102.0285,43.7158
2026-05-03,North,Gewerbekunde,CHARGE,871,1983.8,98.4,50.6344,5.4048,-45.2296,-31.6608,-13.5675
2026-05-03,North,Gewerbekunde,DISCHARGE,938,190.3,2208.4,25.9456,312.2177,286.2721,200.3976,85.8803
2026-05-03,North,Gewerbekunde,MAX_CHARGE,1608,6543,0,-43.181,0,43.181,30.2224,12.9534
2026-05-03,North,Gewerbekunde,SELF_CONSUME,3015,1671.3,1602,179.5574,184.8315,5.2741,3.6935,1.5822
2026-05-03,North,Kleingewerbe,CHARGE,2093,4685.1,288.1,116.841,15.5953,-101.2457,-70.8719,-30.3733
2026-05-03,North,Kleingewerbe,DISCHARGE,2254,458.7,5319.9,62.6245,752.4092,689.7847,482.8657,206.9372
2026-05-03,North,Kleingewerbe,MAX_CHARGE,3864,15669.8,0,-103.2525,0,103.2525,72.2626,30.9761
2026-05-03,North,Kleingewerbe,SELF_CONSUME,7245,3991.2,3886,430.0884,449.1207,19.0323,13.3246,5.7019
2026-05-03,North,Privatkunde,CHARGE,8918,19800.4,1143.7,502.9786,62.2976,-440.681,-308.4821,-132.1974
2026-05-03,North,Privatkunde,DISCHARGE,9604,2056,22373.9,280.9797,3163.5483,2882.5686,2017.8663,864.7762
2026-05-03,North,Privatkunde,MAX_CHARGE,16464,67066.8,0,-443.2084,0,443.2084,310.1903,132.9504
2026-05-03,North,Privatkunde,SELF_CONSUME,30870,16796,16591.6,1809.2953,1913.8695,104.5742,73.2153,31.3556
2026-05-03,South,Gewerbekunde,CHARGE,975,2202.4,111.8,55.4341,6.0325,-49.4016,-34.5814,-14.8205
2026-05-03,South,Gewerbekunde,DISCHARGE,1050,211.3,2453.3,28.9218,346.7674,317.8456,222.4989,95.355
2026-05-03,South,Gewerbekunde,MAX_CHARGE,1800,7272.2,0,-47.9624,0,47.9624,33.5676,14.3881
2026-05-03,South,Gewerbekunde,SELF_CONSUME,3375,1704.9,1914.1,183.0504,220.4359,37.3855,26.1698,11.2135
2026-05-03,South,Kleingewerbe,CHARGE,2756,6272.5,367,159.8534,19.8872,-139.9662,-97.9779,-41.9896
2026-05-03,South,Kleingewerbe,DISCHARGE,2968,622,7152,84.9432,1010.8995,925.9563,648.1894,277.7908
2026-05-03,South,Kleingewerbe,MAX_CHARGE,5088,20651.6,0,-135.4915,0,135.4915,94.8269,40.6422
2026-05-03,South,Kleingewerbe,SELF_CONSUME,9540,5207.1,5097,560.0065,588.5158,28.5093,19.9661,8.5545
2026-05-03,South,Privatkunde,CHARGE,10855,24145.2,1363.3,610.7905,74.3225,-536.468,-375.5276,-160.931
2026-05-03,South,Privatkunde,DISCHARGE,11690,2404.2,28224.1,328.3384,3990.5521,3662.2137,2563.6352,1098.6776
2026-05-03,South,Privatkunde,MAX_CHARGE,20040,81895.8,0,-540.4305,0,540.4305,378.2328,162.1211
2026-05-03,South,Privatkunde,SELF_CONSUME,37575,20380,20429.4,2190.8853,2360.7111,169.8258,118.8994,50.9449
2026-05-03,West,Gewerbekunde,CHARGE,1027,2305.1,124.1,58.8548,6.6668,-52.188,-36.5294,-15.6553
2026-05-03,West,Gewerbekunde,DISCHARGE,1106,236.6,2555.7,32.2914,361.3074,329.016,230.3191,98.7033
2026-05-03,West,Gewerbekunde,MAX_CHARGE,1896,7720.4,0,-51.1222,0,51.1222,35.7813,15.3347
2026-05-03,West,Gewerbekunde,SELF_CONSUME,3555,2022.7,1821,217.665,210.2076,-7.4574,-5.2193,-2.2376
2026-05-03,West,Kleingewerbe,CHARGE,2782,6103.4,388.2,151.9862,21.1691,-130.8171,-91.5711,-39.2435
2026-05-03,West,Kleingewerbe,DISCHARGE,2996,603.5,7141.4,82.4404,1009.6442,927.2038,649.0655,278.1602
2026-05-03,West,Kleingewerbe,MAX_CHARGE,5136,20984.6,0,-138.6296,0,138.6296,97.0215,41.5858
2026-05-03,West,Kleingewerbe,SELF_CONSUME,9630,5140.1,5258,553.6874,606.0372,52.3498,36.6498,15.698
2026-05-03,West,Privatkunde,CHARGE,11765,26216.5,1512.1,659.1539,82.7154,-576.4385,-403.5036,-172.9257
2026-05-03,West,Privatkunde,DISCHARGE,12670,2717.6,30090,371.2688,4254.833,3883.5642,2718.5855,1165.0856
2026-05-03,West,Privatkunde,MAX_CHARGE,21720,88671.4,0,-583.1171,0,583.1171,408.1052,174.9228
2026-05-03,West,Privatkunde,SELF_CONSUME,40725,22569.7,21968.3,2432.0118,2537.2273,105.2155,73.669,31.5418
2026-05-04,East,Gewerbekunde,CHARGE,88,62.4,19.7,4.0883,1.2745,-2.8138,-1.97,-0.8438
2026-05-04,East,Gewerbekunde,DISCHARGE,1848,121.6,5667.4,16.985,1007.1369,990.1519,693.1117,297.053
2026-05-04,East,Gewerbekunde,SELF_CONSUME,2288,1270.4,1274.1,126.1548,141.3518,15.197,10.6372,4.56
2026-05-04,East,Kleingewerbe,CHARGE,302,173,106.3,11.2879,6.9616,-4.3263,-3.0284,-1.2974
2026-05-04,East,Kleingewerbe,DISCHARGE,6342,545.9,19203.3,77.085,3422.849,3345.764,2342.0596,1003.753
2026-05-04,East,Kleingewerbe,SELF_CONSUME,7852,4234.3,4464.8,424.8154,489.299,64.4836,45.1364,19.3465
2026-05-04,East,Privatkunde,CHARGE,1226,665.7,417.8,43.4514,27.3581,-16.0933,-11.2664,-4.8261
2026-05-04,East,Privatkunde,DISCHARGE,25746,2150.5,77935.9,302.1706,13917.2635,13615.0929,9530.6556,4084.6279
2026-05-04,East,Privatkunde,SELF_CONSUME,31876,17021.4,18105.9,1708.0604,1985.7165,277.6561,194.3626,83.309
2026-05-04,North,Gewerbekunde,CHARGE,134,78.3,48.1,5.1417,3.1177,-2.024,-1.4169,-0.6072
2026-05-04,North,Gewerbekunde,DISCHARGE,2814,244.3,8532.6,34.3478,1527.763,1493.4152,1045.3998,448.037
2026-05-04,North,Gewerbekunde,SELF_CONSUME,3484,1826.2,2098.5,181.6823,230.0337,48.3514,33.8438,14.5042
2026-05-04,North,Kleingewerbe,CHARGE,322,187.8,97.6,12.2618,6.3971,-5.8647,-4.1056,-1.7578
2026-05-04,North,Kleingewerbe,DISCHARGE,6762,564.1,20586.3,79.2945,3662.4349,3583.1404,2508.2204,1074.9735
2026-05-04,North,Kleingewerbe,SELF_CONSUME,8372,4577.7,4725.3,456.9501,520.7133,63.7632,44.6308,19.1275
2026-05-04,North,Privatkunde,CHARGE,1372,781.6,448.5,51.0959,29.2681,-21.8278,-15.2799,-6.5443
2026-05-04,North,Privatkunde,DISCHARGE,28812,2506.3,87572,353.1481,15607.2913,15254.1432,10678.0066,4576.3585
2026-05-04,North,Privatkunde,SELF_CONSUME,35672,19542.9,20439.5,1961.5777,2247.7058,286.1281,200.2923,85.8487
2026-05-04,South,Gewerbekunde,CHARGE,150,91.1,48,5.9402,3.1473,-2.7929,-1.9558,-0.8384
2026-05-04,South,Gewerbekunde,DISCHARGE,3150,263.2,9693.5,37.0834,1726.7043,1689.6209,1182.7488,506.8995
2026-05-04,South,Gewerbekunde,SELF_CONSUME,3900,2132.1,2225.7,213.1165,244.3297,31.2132,21.8523,9.3646
2026-05-04,South,Kleingewerbe,CHARGE,424,270.2,129.5,17.6538,8.4909,-9.1629,-6.4154,-2.7474
2026-05-04,South,Kleingewerbe,DISCHARGE,8904,738.4,27046.6,103.8671,4821.7754,4717.9083,3302.5644,1415.4119
2026-05-04,South,Kleingewerbe,SELF_CONSUME,11024,6097.4,6340.3,610.1541,696.7974,86.6433,60.65,25.9947
2026-05-04,South,Privatkunde,CHARGE,1670,1019.1,538.7,66.5146,35.2367,-31.2779,-21.898,-9.3815
2026-05-04,South,Privatkunde,DISCHARGE,35070,2873,107270.7,404.0612,19104.0258,18699.9646,13090.1097,5610.1426
2026-05-04,South,Privatkunde,SELF_CONSUME,43420,23094.7,25240.2,2309.6102,2773.4114,463.8012,324.654,139.1491
2026-05-04,West,Gewerbekunde,CHARGE,158,80.7,62.2,5.2574,4.0912,-1.1662,-0.8168,-0.3492
2026-05-04,West,Gewerbekunde,DISCHARGE,3318,289.4,10022.7,40.766,1788.7767,1748.0107,1223.6182,524.4166
2026-05-04,West,Gewerbekunde,SELF_CONSUME,4108,2239.1,2412.7,225.1806,263.6573,38.4767,26.9327,11.54
2026-05-04,West,Kleingewerbe,CHARGE,428,243,156.1,15.8494,10.2329,-5.6165,-3.932,-1.6845
2026-05-04,West,Kleingewerbe,DISCHARGE,8988,781.6,27437.1,110.0465,4888.4953,4778.4488,3344.9501,1433.5711
2026-05-04,West,Kleingewerbe,SELF_CONSUME,11128,6049.4,6448.8,606.4032,707.4179,101.0147,70.7066,30.3093
2026-05-04,West,Privatkunde,CHARGE,1810,1091.4,602.7,71.3984,39.3654,-32.033,-22.4241,-9.6076
2026-05-04,West,Privatkunde,DISCHARGE,38010,3230.5,116368.6,454.72,20766.3383,20311.6183,14218.2723,6093.6422
2026-05-04,West,Privatkunde,SELF_CONSUME,47060,25816.5,26961.1,2577.1602,2964.9965,387.8363,271.4809,116.3602
2026-05-05,East,Gewerbekunde,DISCHARGE,1496,82.5,4830,11.4514,745.9062,734.4548,514.1152,220.3408
2026-05-05,East,Gewerbekunde,SELF_CONSUME,2728,1391.1,1665.2,157.3027,198.0034,40.7007,28.494,12.2109
2026-05-05,East,Kleingewerbe,DISCHARGE,5134,258.2,16486.2,35.8333,2546.8776,2511.0443,1757.7196,753.3224
2026-05-05,East,Kleingewerbe,SELF_CONSUME,9362,4902.6,5543,552.7353,660.7501,108.0148,75.6248,32.4043
2026-05-05,East,Privatkunde,DISCHARGE,20842,1059,66729,147.0235,10300.2477,10153.2242,7107.2103,3046.0162
2026-05-05,East,Privatkunde,SELF_CONSUME,38006,20159,22368.6,2272.782,2666.2391,393.4571,275.4421,118.0168
2026-05-05,North,Gewerbekunde,DISCHARGE,2278,133.8,7346.2,18.6127,1134.7233,1116.1106,781.271,334.84
2026-05-05,North,Gewerbekunde,SELF_CONSUME,4154,2335,2417.8,264.1469,287.2144,23.0675,16.1491,6.9133
2026-05-05,North,Kleingewerbe,DISCHARGE,5474,289.2,17837.4,40.1879,2756.0742,2715.8863,1901.106,814.7786
2026-05-05,North,Kleingewerbe,SELF_CONSUME,9982,5536,5812.6,624.0088,691.5076,67.4988,47.2576,20.2428
2026-05-05,North,Privatkunde,DISCHARGE,23324,1179.5,74939.1,163.7368,11571.6736,11407.9368,7985.5018,3422.4344
2026-05-05,North,Privatkunde,SELF_CONSUME,42532,22695.3,25186.9,2559.2934,3001.4574,442.164,309.5617,132.647
2026-05-05,South,Gewerbekunde,DISCHARGE,2550,120.3,8059.4,16.7009,1243.4989,1226.798,858.7542,368.0454
2026-05-05,South,Gewerbekunde,SELF_CONSUME,4650,2403.3,2728.2,271.229,326.1469,54.9179,38.4472,16.4718
2026-05-05,South,Kleingewerbe,DISCHARGE,7208,356.5,23461,49.4765,3620.1874,3570.7109,2499.4802,1071.2315
2026-05-05,South,Kleingewerbe,SELF_CONSUME,13144,7103.5,7863,801.1398,937.4001,136.2603,95.3961,40.8708
2026-05-05,South,Privatkunde,DISCHARGE,28390,1393.8,92147.2,193.6294,14228.9686,14035.3392,9824.6749,4210.6656
2026-05-05,South,Privatkunde,SELF_CONSUME,51770,27513.4,30560.8,3107.0879,3641.6275,534.5396,374.23,160.3432
2026-05-05,West,Gewerbekunde,DISCHARGE,2686,135.9,8769.2,18.8656,1353.5948,1334.7292,934.3034,400.4234
2026-05-05,West,Gewerbekunde,SELF_CONSUME,4898,2609.3,2855.2,294.2634,339.8887,45.6253,31.9408,13.6846
2026-05-05,West,Kleingewerbe,DISCHARGE,7276,367.5,23481,51.0311,3626.272,3575.2409,2502.6516,1072.587
2026-05-05,West,Kleingewerbe,SELF_CONSUME,13268,7375.3,7821,834.5974,931.0344,96.437,67.5244,28.9237
2026-05-05,West,Privatkunde,DISCHARGE,30770,1568.3,99655.7,217.7365,15379.2132,15161.4767,10612.965,4548.5202
2026-05-05,West,Privatkunde,SELF_CONSUME,56110,30492.5,33178.7,3438.2422,3953.9015,515.6593,361.0144,154.6723
2026-05-06,East,Gewerbekunde,DISCHARGE,1320,93.8,3996.9,12.8253,599.1937,586.3684,410.4603,175.9155
2026-05-06,East,Gewerbekunde,SELF_CONSUME,2904,1498.2,1847.1,164.1842,216.9134,52.7292,36.9151,15.822
2026-05-06,East,Kleingewerbe,DISCHARGE,4530,370.2,13977.5,50.5372,2095.6506,2045.1134,1431.5888,613.5543
2026-05-06,East,Kleingewerbe,SELF_CONSUME,9966,5141.4,6278.5,565.9335,734.872,168.9385,118.2761,50.6867
2026-05-06,East,Privatkunde,DISCHARGE,18390,1420.1,56516.1,193.9962,8475.3804,8281.3842,5796.9973,2484.4917
2026-05-06,East,Privatkunde,SELF_CONSUME,40458,21697.1,24963.9,2379.7325,2926.9129,547.1804,383.0922,164.1786
2026-05-06,North,Gewerbekunde,DISCHARGE,2010,161.9,6103.5,22.1215,915.3135,893.192,625.2383,267.9658
2026-05-06,North,Gewerbekunde,SELF_CONSUME,4422,2308.5,2776.1,253.533,324.2591,70.7261,49.5123,21.2196
2026-05-06,North,Kleingewerbe,DISCHARGE,4830,351,14713.2,47.9627,2205.1385,2157.1758,1510.0326,647.1727
2026-05-06,North,Kleingewerbe,SELF_CONSUME,10626,5638.2,6612,619.0315,775.3625,156.331,109.4515,46.9011
2026-05-06,North,Privatkunde,DISCHARGE,20580,1563.6,63256.4,213.616,9486.6505,9273.0345,6491.1563,2782.0029
2026-05-06,North,Privatkunde,SELF_CONSUME,45276,24037.2,28146,2642.7987,3296.0162,653.2175,457.3274,196.0007
2026-05-06,South,Gewerbekunde,DISCHARGE,2250,187.8,6801.8,25.6226,1021.1405,995.5179,696.8677,298.6638
2026-05-06,South,Gewerbekunde,SELF_CONSUME,4950,2807.4,2909.4,307.5324,341.0973,33.5649,23.5041,10.0727
2026-05-06,South,Kleingewerbe,DISCHARGE,6360,506.1,19567.4,69.0371,2935.3029,2866.2658,2006.3963,859.9046
2026-05-06,South,Kleingewerbe,SELF_CONSUME,13992,7633.1,8666.2,837.7137,1015.6696,177.9559,124.5892,53.3985
2026-05-06,South,Privatkunde,DISCHARGE,25050,2004.4,76264.7,273.9033,11439.5675,11165.6642,7816.0026,3349.8023
2026-05-06,South,Privatkunde,SELF_CONSUME,55110,29484,33735.3,3238.2881,3954.3538,716.0657,501.3315,214.8693
2026-05-06,West,Gewerbekunde,DISCHARGE,2370,199.3,7142.7,27.1359,1070.7639,1043.628,730.5436,313.0989
2026-05-06,West,Gewerbekunde,SELF_CONSUME,5214,2711.1,3286.1,299.1491,383.2878,84.1387,58.9039,25.2462
2026-05-06,West,Kleingewerbe,DISCHARGE,6420,473.7,19888.2,64.6138,2983.542,2918.9282,2043.2609,875.7059
2026-05-06,West,Kleingewerbe,SELF_CONSUME,14124,7323.9,8840.2,801.4395,1036.303,234.8635,164.4271,70.4706
2026-05-06,West,Privatkunde,DISCHARGE,27150,2080,83915.4,283.992,12586.8813,12302.8893,8612.0727,3690.9834
2026-05-06,West,Privatkunde,SELF_CONSUME,59730,31608.8,37134.2,3470.1359,4353.0327,882.8968,618.1231,264.912
2026-05-07,East,Gewerbekunde,DISCHARGE,1980,101.5,6383.7,13.76,1044.2836,1030.5236,721.3702,309.1615
2026-05-07,East,Gewerbekunde,SELF_CONSUME,2244,1243.3,1173.1,140.7107,136.2148,-4.4959,-3.1455,-1.3493
2026-05-07,East,Kleingewerbe,DISCHARGE,6795,352.4,21679.1,47.8087,3557.3649,3509.5562,2456.7065,1052.8739
2026-05-07,East,Kleingewerbe,SELF_CONSUME,7701,4320.8,3756.9,489.3488,437.181,-52.1678,-36.5085,-15.6524
2026-05-07,East,Privatkunde,DISCHARGE,27585,1434.2,89138.1,194.5908,14673.038,14478.4472,10134.9773,4343.5644
2026-05-07,East,Privatkunde,SELF_CONSUME,31263,17065.8,16450.3,1934.7987,1909.8264,-24.9723,-17.4808,-7.4962
2026-05-07,North,Gewerbekunde,DISCHARGE,3015,183.2,9826.6,24.868,1616.9417,1592.0737,1114.4598,477.6257
2026-05-07,North,Gewerbekunde,SELF_CONSUME,3417,1964.4,1700.6,224.3172,197.1272,-27.19,-19.033,-8.1561
2026-05-07,North,Kleingewerbe,DISCHARGE,7245,384.3,23378.9,52.1384,3844.0989,3791.9605,2654.3871,1137.5993
2026-05-07,North,Kleingewerbe,SELF_CONSUME,8211,4651.7,4109.9,526.1141,478.5784,-47.5357,-33.2706,-14.2617
2026-05-07,North,Privatkunde,DISCHARGE,30870,1604.8,99332.8,217.7524,16332.503,16114.7506,11280.3906,4834.4642
2026-05-07,North,Privatkunde,SELF_CONSUME,34986,19466.8,17898.4,2205.6184,2080.1828,-125.4356,-87.8034,-37.6365
2026-05-07,South,Gewerbekunde,DISCHARGE,3375,209.4,10749.2,28.4019,1768.9716,1740.5697,1218.4065,522.174
2026-05-07,South,Gewerbekunde,SELF_CONSUME,3825,2131,2091.6,241.8805,242.5224,0.6419,0.4485,0.1917
2026-05-07,South,Kleingewerbe,DISCHARGE,9540,514.4,30829.2,69.7953,5076.4595,5006.6642,3504.6882,1502.0132
2026-05-07,South,Kleingewerbe,SELF_CONSUME,10812,6105.6,5549.2,691.475,644.6027,-46.8723,-32.8053,-14.0689
2026-05-07,South,Privatkunde,DISCHARGE,37575,1997.3,120212.6,271.0096,19772.6634,19501.6538,13651.241,5850.5416
2026-05-07,South,Privatkunde,SELF_CONSUME,42585,23248.7,22311.8,2636.3853,2592.5578,-43.8275,-30.6804,-13.154
2026-05-07,West,Gewerbekunde,DISCHARGE,3555,186.1,11335.3,25.2496,1867.4044,1842.1548,1289.5162,552.6506
2026-05-07,West,Gewerbekunde,SELF_CONSUME,4029,2186.3,2079.5,247.5044,242.1259,-5.3785,-3.7654,-1.6137
2026-05-07,West,Kleingewerbe,DISCHARGE,9630,512.1,31083.8,69.4667,5113.3555,5043.8888,3530.7486,1513.1814
2026-05-07,West,Kleingewerbe,SELF_CONSUME,10914,6092.7,5594.2,691.3862,650.6551,-40.7311,-28.5076,-12.2213
2026-05-07,West,Privatkunde,DISCHARGE,40725,2106.5,130994.1,285.7471,21561.1442,21275.3971,14892.8707,6382.6732
2026-05-07,West,Privatkunde,SELF_CONSUME,46155,25247.5,23835.5,2861.2462,2769.043,-92.2032,-64.5396,-27.6689
2026-05-08,East,Gewerbekunde,CHARGE,484,1351,28.2,80.4469,1.7527,-78.6942,-55.0869,-23.6079
2026-05-08,East,Gewerbekunde,DISCHARGE,1232,144.2,3352.1,19.642,488.3464,468.7044,328.0906,140.6189
2026-05-08,East,Gewerbekunde,SELF_CONSUME,2508,1686.4,1085.7,170.6773,123.7936,-46.8837,-32.8161,-14.0641
2026-05-08,East,Kleingewerbe,CHARGE,1661,4609.7,126,274.5094,7.8312,-266.6782,-186.6741,-80.0045
2026-05-08,East,Kleingewerbe,DISCHARGE,4228,518.4,11894.2,70.65,1734.3586,1663.7086,1164.5861,499.1354
2026-05-08,East,Kleingewerbe,SELF_CONSUME,8607,6080.7,3612.2,620.6215,408.7137,-211.9078,-148.3297,-63.5711
2026-05-08,East,Privatkunde,CHARGE,6743,18596.9,434.4,1107.2383,26.9992,-1080.2391,-756.1625,-324.076
2026-05-08,East,Privatkunde,DISCHARGE,17164,2088.2,47974.3,284.7922,6995.2351,6710.4429,4697.2805,2013.2275
2026-05-08,East,Privatkunde,SELF_CONSUME,34941,24769.7,14833.7,2524.0608,1688.1926,-835.8682,-585.0673,-250.7565
2026-05-08,North,Gewerbekunde,CHARGE,737,2088.9,34.8,124.3635,2.163,-122.2005,-85.539,-36.66
2026-05-08,North,Gewerbekunde,DISCHARGE,1876,219.1,5259.5,29.9199,767.0025,737.0826,515.9564,221.1358
2026-05-08,North,Gewerbekunde,SELF_CONSUME,3819,2794.4,1559.3,284.9176,178.1429,-106.7747,-74.737,-32.0299
2026-05-08,North,Kleingewerbe,CHARGE,1771,4870.3,107.4,289.8593,6.6753,-283.184,-198.228,-84.9565
2026-05-08,North,Kleingewerbe,DISCHARGE,4508,572.4,12983.8,78.2142,1893.7487,1815.5345,1270.8696,544.6866
2026-05-08,North,Kleingewerbe,SELF_CONSUME,9177,6369.7,3920,645.6714,446.8375,-198.8339,-139.1802,-59.6518
2026-05-08,North,Privatkunde,CHARGE,7546,20890.5,447.2,1243.7125,27.7944,-1215.9181,-851.1401,-364.7783
2026-05-08,North,Privatkunde,DISCHARGE,19208,2354.2,54110.4,321.1114,7889.7175,7568.6061,5297.9888,2270.6884
2026-05-08,North,Privatkunde,SELF_CONSUME,39102,27256.5,16993.2,2772.019,1932.2594,-839.7596,-587.8055,-251.9265
2026-05-08,South,Gewerbekunde,CHARGE,825,2223,62.6,132.2389,3.8911,-128.3478,-89.8429,-38.5037
2026-05-08,South,Gewerbekunde,DISCHARGE,2100,255.7,6012.2,34.882,876.4107,841.5287,589.0676,252.4726
2026-05-08,South,Gewerbekunde,SELF_CONSUME,4275,3029.3,1888.4,309.3938,213.9548,-95.439,-66.8025,-28.6295
2026-05-08,South,Kleingewerbe,CHARGE,2332,6457.3,143,384.3639,8.8877,-375.4762,-262.8309,-112.644
2026-05-08,South,Kleingewerbe,DISCHARGE,5936,728.3,16590.5,99.4792,2419.904,2320.4248,1624.285,696.1617
2026-05-08,South,Kleingewerbe,SELF_CONSUME,12084,8203.2,5342.5,831.7989,606.4527,-225.3462,-157.7372,-67.6032
2026-05-08,South,Privatkunde,CHARGE,9185,25402.1,586,1512.2758,36.4221,-1475.8537,-1033.0924,-442.7599
2026-05-08,South,Privatkunde,DISCHARGE,23380,2951.2,65700.9,402.997,9579.2419,9176.2449,6423.334,2753.0063
2026-05-08,South,Privatkunde,SELF_CONSUME,47595,32956.7,20683.5,3356.7661,2348.9608,-1007.8053,-705.43,-302.332
2026-05-08,West,Gewerbekunde,CHARGE,869,2461.7,39.8,146.5326,2.4735,-144.0591,-100.8408,-43.2193
2026-05-08,West,Gewerbekunde,DISCHARGE,2212,292.2,6246.9,39.8935,910.9999,871.1064,609.7731,261.3419
2026-05-08,West,Gewerbekunde,SELF_CONSUME,4503,3212.1,1958.9,326.7679,223.0141,-103.7538,-72.6243,-31.1251
2026-05-08,West,Kleingewerbe,CHARGE,2354,6579.6,134.8,391.6465,8.3786,-383.2679,-268.283,-114.9807
2026-05-08,West,Kleingewerbe,DISCHARGE,5992,713.9,17068.4,97.4362,2488.7566,2391.3204,1673.9148,717.427
2026-05-08,West,Kleingewerbe,SELF_CONSUME,12198,8564.1,5223.6,870.0805,595.81,-274.2705,-191.9828,-82.276
2026-05-08,West,Privatkunde,CHARGE,9955,27468.9,594.4,1635.0465,36.9452,-1598.1013,-1118.6654,-479.4351
2026-05-08,West,Privatkunde,DISCHARGE,25340,3187.7,71788.5,434.8634,10466.0791,10031.2157,7021.8121,3009.5047
2026-05-08,West,Privatkunde,SELF_CONSUME,51585,36733.8,21875.9,3745.6949,2492.253,-1253.4419,-877.3763,-376.0247
2026-05-09,East,Gewerbekunde,CHARGE,660,2084.5,13.8,31.67,0.5095,-31.1605,-21.8115,-9.3479
2026-05-09,East,Gewerbekunde,DISCHARGE,880,151.4,2209.1,20.2579,315.7693,295.5114,206.8615,88.6594
2026-05-09,East,Gewerbekunde,MAX_CHARGE,704,3001.5,0,-0.1186,0,0.1186,0.0806,0.0264
2026-05-09,East,Gewerbekunde,SELF_CONSUME,1980,1325.8,918.7,155.5588,113.5085,-42.0503,-29.4374,-12.6181
2026-05-09,East,Kleingewerbe,CHARGE,2265,7023.1,43.7,106.508,1.6132,-104.8948,-73.4263,-31.4687
2026-05-09,East,Kleingewerbe,DISCHARGE,3020,567.5,7599.1,75.8942,1086.5664,1010.6722,707.4821,303.2246
2026-05-09,East,Kleingewerbe,MAX_CHARGE,2416,10090.7,0,-0.3974,0,0.3974,0.272,0.0906
2026-05-09,East,Kleingewerbe,SELF_CONSUME,6795,4635.1,3123.6,545.3747,384.6535,-160.7212,-112.5042,-48.2216
2026-05-09,East,Privatkunde,CHARGE,9195,29007.3,205.5,438.1949,7.5853,-430.6096,-301.4203,-129.1731
2026-05-09,East,Privatkunde,DISCHARGE,12260,2207.1,30737.7,294.9455,4394.9804,4100.0349,2870.0725,1230.0886
2026-05-09,East,Privatkunde,MAX_CHARGE,9808,41062.3,0,-1.6064,0,1.6064,1.0958,0.3678
2026-05-09,East,Privatkunde,SELF_CONSUME,27585,18877.7,12415.2,2223.7702,1529.3185,-694.4517,-486.1113,-208.3453
2026-05-09,North,Gewerbekunde,CHARGE,1005,3128,24.2,46.8515,0.8933,-45.9582,-32.1684,-13.7858
2026-05-09,North,Gewerbekunde,DISCHARGE,1340,245.3,3321.9,32.7567,474.953,442.1963,309.5419,132.6668
2026-05-09,North,Gewerbekunde,MAX_CHARGE,1072,4504.7,0,-0.1782,0,0.1782,0.1208,0.0402
2026-05-09,North,Gewerbekunde,SELF_CONSUME,3015,2149.6,1338.3,254.2174,164.794,-89.4234,-62.5963,-26.8298
2026-05-09,North,Kleingewerbe,CHARGE,2415,7751.2,62.2,117.8348,2.2962,-115.5386,-80.8776,-34.6616
2026-05-09,North,Kleingewerbe,DISCHARGE,3220,564.1,8391.2,75.3869,1199.8346,1124.4477,787.1286,337.354
2026-05-09,North,Kleingewerbe,MAX_CHARGE,2576,10816.8,0,-0.4266,0,0.4266,0.288,0.0966
2026-05-09,North,Kleingewerbe,SELF_CONSUME,7245,4968.3,3340.6,584.5831,410.7175,-173.8656,-121.6971,-52.1639
2026-05-09,North,Privatkunde,CHARGE,10290,32213.3,226,485.9189,8.3435,-477.5754,-334.2914,-143.2658
2026-05-09,North,Privatkunde,DISCHARGE,13720,2339.9,34722.9,312.7723,4965.1313,4652.359,3256.706,1395.7916
2026-05-09,North,Privatkunde,MAX_CHARGE,10976,45944.4,0,-1.7996,0,1.7996,1.2368,0.4116
2026-05-09,North,Privatkunde,SELF_CONSUME,30870,20399.6,14139.5,2401.6356,1742.7285,-658.9071,-461.2193,-197.6772
2026-05-09,South,Gewerbekunde,CHARGE,1125,3444.6,25.8,52.045,0.9526,-51.0924,-35.7636,-15.3281
2026-05-09,South,Gewerbekunde,DISCHARGE,1500,240.5,4022.2,32.1591,575.1585,542.9994,380.1075,162.9081
2026-05-09,South,Gewerbekunde,MAX_CHARGE,1200,5051.9,0,-0.197,0,0.197,0.1354,0.045
2026-05-09,South,Gewerbekunde,SELF_CONSUME,3375,2297.4,1582.8,271.429,194.5659,-76.8631,-53.8019,-23.0622
2026-05-09,South,Kleingewerbe,CHARGE,3180,9948,80.5,148.5946,2.972,-145.6226,-101.9322,-43.6855
2026-05-09,South,Kleingewerbe,DISCHARGE,4240,739.3,10875.3,98.7377,1554.8321,1456.0944,1019.2846,436.8555
2026-05-09,South,Kleingewerbe,MAX_CHARGE,3392,14263.9,0,-0.56,0,0.56,0.3818,0.1272
2026-05-09,South,Kleingewerbe,SELF_CONSUME,9540,6322.8,4497,745.0446,553.3655,-191.6791,-134.1708,-57.5028
2026-05-09,South,Privatkunde,CHARGE,12525,39532.1,252,595.4186,9.3034,-586.1152,-410.2711,-175.8252
2026-05-09,South,Privatkunde,DISCHARGE,16700,2947.7,42577.2,394.0481,6087.1905,5693.1424,3985.2707,1708.0503
2026-05-09,South,Privatkunde,MAX_CHARGE,13360,55818.9,0,-2.1846,0,2.1846,1.4984,0.501
2026-05-09,South,Privatkunde,SELF_CONSUME,37575,25522.9,17066.8,3006.3001,2103.5596,-902.7405,-631.8976,-270.847
2026-05-09,West,Gewerbekunde,CHARGE,1185,3692,28.3,55.9247,1.045,-54.8797,-38.4151,-16.4636
2026-05-09,West,Gewerbekunde,DISCHARGE,1580,298.5,4160.5,39.8537,595.2162,555.3625,388.76,166.6201
2026-05-09,West,Gewerbekunde,MAX_CHARGE,1264,5314.8,0,-0.2074,0,0.2074,0.1426,0.0474
2026-05-09,West,Gewerbekunde,SELF_CONSUME,3555,2426.7,1604.4,286.1902,197.456,-88.7342,-62.1141,-26.6197
2026-05-09,West,Kleingewerbe,CHARGE,3210,10012.3,77.9,149.5422,2.8757,-146.6665,-102.6678,-44.0006
2026-05-09,West,Kleingewerbe,DISCHARGE,4280,750.3,11182.9,100.3122,1599.3936,1499.0814,1049.3768,449.7568
2026-05-09,West,Kleingewerbe,MAX_CHARGE,3424,14354.1,0,-0.5648,0,0.5648,0.3842,0.1284
2026-05-09,West,Kleingewerbe,SELF_CONSUME,9630,6637.3,4366.4,781.8806,537.2306,-244.65,-171.2517,-73.3972
2026-05-09,West,Privatkunde,CHARGE,13575,42571.2,322.5,642.2185,11.9056,-630.3129,-441.2108,-189.0862
2026-05-09,West,Privatkunde,DISCHARGE,18100,3089.3,46490.5,412.8157,6646.9949,6234.1792,4364.0052,1870.3749
2026-05-09,West,Privatkunde,MAX_CHARGE,14480,60657.5,0,-2.3874,0,2.3874,1.626,0.543
2026-05-09,West,Privatkunde,SELF_CONSUME,40725,27247.6,18827.4,3211.7655,2316.8909,-894.8746,-626.39,-268.4864
2026-05-10,East,Gewerbekunde,CHARGE,528,1265.8,62.8,11.3903,2.2735,-9.1168,-6.3827,-2.7347
2026-05-10,East,Gewerbekunde,DISCHARGE,88,45.8,31.5,6.0024,4.1256,-1.8768,-1.3132,-0.5633
2026-05-10,East,Gewerbekunde,MAX_CHARGE,1056,4322.6,0,-4.8369,0,4.8369,3.3831,1.4495
2026-05-10,East,Gewerbekunde,SELF_CONSUME,2552,1525.8,794.1,181.0033,94.1124,-86.8909,-60.8211,-26.0665
2026-05-10,East,Kleingewerbe,CHARGE,1812,4355.2,211.2,40.0377,7.6175,-32.4202,-22.6961,-9.7248
2026-05-10,East,Kleingewerbe,DISCHARGE,302,175.6,99.3,23.0023,13.011,-9.9913,-6.9936,-2.9971
2026-05-10,East,Kleingewerbe,MAX_CHARGE,3624,14846.2,0,-16.5254,0,16.5254,11.5586,4.9461
2026-05-10,East,Kleingewerbe,SELF_CONSUME,8758,5113.4,2831.1,606.7449,334.7933,-271.9516,-190.3609,-81.5841
2026-05-10,East,Privatkunde,CHARGE,7356,17250,767.8,156.4827,27.8903,-128.5924,-90.0151,-38.5804
2026-05-10,East,Privatkunde,DISCHARGE,1226,675.9,428.5,88.5455,56.1384,-32.4071,-22.6845,-9.7218
2026-05-10,East,Privatkunde,MAX_CHARGE,14712,60012.2,0,-66.9397,0,66.9397,46.8155,20.041
2026-05-10,East,Privatkunde,SELF_CONSUME,35554,21092.3,11711.7,2500.0786,1389.5263,-1110.5523,-777.3798,-333.1577
2026-05-10,North,Gewerbekunde,CHARGE,804,1897.8,77.4,16.9092,2.847,-14.0622,-9.8451,-4.2182
2026-05-10,North,Gewerbekunde,DISCHARGE,134,81.9,46.7,10.731,6.1173,-4.6137,-3.2299,-1.3841
2026-05-10,North,Gewerbekunde,MAX_CHARGE,1608,6568,0,-7.2971,0,7.2971,5.1036,2.1839
2026-05-10,North,Gewerbekunde,SELF_CONSUME,3886,2403.9,1325.9,285.4332,157.5466,-127.8866,-89.5189,-38.3633
2026-05-10,North,Kleingewerbe,CHARGE,1932,4532.6,231.6,40.2285,8.4227,-31.8058,-22.2647,-9.5437
2026-05-10,North,Kleingewerbe,DISCHARGE,322,203.2,104,26.6202,13.6244,-12.9958,-9.0972,-3.8992
2026-05-10,North,Kleingewerbe,MAX_CHARGE,3864,15695.8,0,-17.4847,0,17.4847,12.2261,5.2332
2026-05-10,North,Kleingewerbe,SELF_CONSUME,9338,5374.4,3231.6,638.1137,382.808,-255.3057,-178.7166,-76.5877
2026-05-10,North,Privatkunde,CHARGE,8232,19344.2,901.2,173.9141,32.7282,-141.1859,-98.8354,-42.3562
2026-05-10,North,Privatkunde,DISCHARGE,1372,777.8,469.3,101.8919,61.4932,-40.3987,-28.2765,-12.1202
2026-05-10,North,Privatkunde,MAX_CHARGE,16464,67327.6,0,-74.8633,0,74.8633,52.3605,22.4035
2026-05-10,North,Privatkunde,SELF_CONSUME,39788,22929.2,13507.1,2716.0407,1603.1671,-1112.8736,-779.0091,-333.8543
2026-05-10,South,Gewerbekunde,CHARGE,900,2103.8,91.4,19.6929,3.2951,-16.3978,-11.4775,-4.9213
2026-05-10,South,Gewerbekunde,DISCHARGE,150,94.1,44.4,12.3267,5.816,-6.5107,-4.5579,-1.9534
2026-05-10,South,Gewerbekunde,MAX_CHARGE,1800,7341.8,0,-8.2111,0,8.2111,5.7443,2.4583
2026-05-10,South,Gewerbekunde,SELF_CONSUME,4350,2503.1,1536.2,297.6151,181.6937,-115.9214,-81.144,-34.7755
2026-05-10,South,Kleingewerbe,CHARGE,2544,5938,269.6,53.4998,9.725,-43.7748,-30.6445,-13.1324
2026-05-10,South,Kleingewerbe,DISCHARGE,424,272.4,122.2,35.6764,16.0098,-19.6666,-13.7663,-5.8999
2026-05-10,South,Kleingewerbe,MAX_CHARGE,5088,20735.4,0,-23.0458,0,23.0458,16.1164,6.8988
2026-05-10,South,Kleingewerbe,SELF_CONSUME,12296,6977.8,4145,828.4198,490.7966,-337.6232,-236.3306,-101.2843
2026-05-10,South,Privatkunde,CHARGE,10020,23448.4,1135.6,210.2513,41.3243,-168.927,-118.2518,-50.6774
2026-05-10,South,Privatkunde,DISCHARGE,1670,992.4,528.1,130.0048,69.1774,-60.8274,-42.5775,-18.2478
2026-05-10,South,Privatkunde,MAX_CHARGE,20040,81631.2,0,-91.0109,0,91.0109,63.6496,27.2459
2026-05-10,South,Privatkunde,SELF_CONSUME,48430,28645.2,15919.1,3400.9189,1887.0852,-1513.8337,-1059.6541,-454.1325
2026-05-10,West,Gewerbekunde,CHARGE,948,2268.8,102.4,20.7545,3.7294,-17.0251,-11.9173,-5.1078
2026-05-10,West,Gewerbekunde,DISCHARGE,158,86.9,49.6,11.3837,6.4969,-4.8868,-3.4197,-1.4659
2026-05-10,West,Gewerbekunde,MAX_CHARGE,1896,7731.4,0,-8.6211,0,8.6211,6.0277,2.5794
2026-05-10,West,Gewerbekunde,SELF_CONSUME,4582,2710.9,1550.4,320.6415,184.6545,-135.987,-95.1872,-40.7931
2026-05-10,West,Kleingewerbe,CHARGE,2568,6014,269.2,54.7803,9.7672,-45.0131,-31.5124,-13.5034
2026-05-10,West,Kleingewerbe,DISCHARGE,428,242.7,144.2,31.7942,18.8915,-12.9027,-9.0305,-3.8707
2026-05-10,West,Kleingewerbe,MAX_CHARGE,5136,20851.2,0,-23.3203,0,23.3203,16.3103,6.9799
2026-05-10,West,Kleingewerbe,SELF_CONSUME,12412,7371.3,3991.8,874.1479,473.6357,-400.5122,-280.3561,-120.1495
2026-05-10,West,Privatkunde,CHARGE,10860,25413,1268.8,227.473,46.0761,-181.3969,-126.9854,-54.4241
2026-05-10,West,Privatkunde,DISCHARGE,1810,1036.6,601.5,135.8088,78.802,-57.0068,-39.9001,-17.1017
2026-05-10,West,Privatkunde,MAX_CHARGE,21720,88668.8,0,-98.8261,0,98.8261,69.1128,29.5911
2026-05-10,West,Privatkunde,SELF_CONSUME,52490,30312.4,17899.7,3595.6775,2120.1147,-1475.5628,-1032.8659,-442.6648
2026-05-11,East,Gewerbekunde,DISCHARGE,880,47.9,2690.1,6.571,388.4701,381.8991,267.3302,114.5705
2026-05-11,East,Gewerbekunde,SELF_CONSUME,3344,1902.1,1841.1,208.3918,216.4556,8.0638,5.6489,2.417
2026-05-11,East,Kleingewerbe,DISCHARGE,3020,179.6,9698.4,24.6989,1398.4913,1373.7924,961.662,412.1376
2026-05-11,East,Kleingewerbe,SELF_CONSUME,11476,6020.8,6682.8,660.3164,785.5895,125.2731,87.6989,37.5792
2026-05-11,East,Privatkunde,DISCHARGE,12260,711.4,39298,97.7518,5668.9525,5571.2007,3899.8543,1671.3574
2026-05-11,East,Privatkunde,SELF_CONSUME,46588,24867,27174,2724.993,3195.5658,470.5728,329.445,141.1671
2026-05-11,North,Gewerbekunde,DISCHARGE,1340,72.6,4366.1,9.9956,630.7034,620.7078,434.5002,186.2097
2026-05-11,North,Gewerbekunde,SELF_CONSUME,5092,2727,3056.7,298.289,358.3595,60.0705,42.055,18.0257
2026-05-11,North,Kleingewerbe,DISCHARGE,3220,206.5,10130.9,28.3925,1460.3221,1431.9296,1002.3571,429.5785
2026-05-11,North,Kleingewerbe,SELF_CONSUME,12236,6429.9,7132.7,703.6061,840.0565,136.4504,95.5231,40.9346
2026-05-11,North,Privatkunde,DISCHARGE,13720,838.8,43374,115.3359,6257.8335,6142.4976,4299.7744,1842.7427
2026-05-11,North,Privatkunde,SELF_CONSUME,52136,28022.4,30186.4,3074.0162,3546.0947,472.0785,330.4978,141.6103
2026-05-11,South,Gewerbekunde,DISCHARGE,1500,84.5,4791.6,11.5956,691.129,679.5334,475.676,203.8587
2026-05-11,South,Gewerbekunde,SELF_CONSUME,5700,3081.1,3258.4,336.8956,383.5228,46.6272,32.6424,13.989
2026-05-11,South,Kleingewerbe,DISCHARGE,4240,212.2,13577.9,29.1788,1959.8986,1930.7198,1351.5104,579.2135
2026-05-11,South,Kleingewerbe,SELF_CONSUME,16112,8729,9390.1,956.4381,1102.6748,146.2367,102.3757,43.8693
2026-05-11,South,Privatkunde,DISCHARGE,16700,1005.7,53130.7,138.2502,7664.8613,7526.6111,5268.6555,2257.983
2026-05-11,South,Privatkunde,SELF_CONSUME,63460,34133.5,36924.9,3741.0352,4341.0183,599.9831,420.0489,179.9997
2026-05-11,West,Gewerbekunde,DISCHARGE,1580,90.5,4887.9,12.4688,705.5884,693.1196,485.1878,207.9348
2026-05-11,West,Gewerbekunde,SELF_CONSUME,6004,3263.9,3384.5,359.0793,397.1875,38.1082,26.685,11.4321
2026-05-11,West,Kleingewerbe,DISCHARGE,4280,217.5,13737.7,29.8331,1981.2814,1951.4483,1366.0228,585.434
2026-05-11,West,Kleingewerbe,SELF_CONSUME,16264,8331.3,9707.9,913.3568,1141.6438,228.287,159.8151,68.4849
2026-05-11,West,Privatkunde,DISCHARGE,18100,1084.3,58292.7,149.0935,8412.2676,8263.1741,5784.2494,2478.9481
2026-05-11,West,Privatkunde,SELF_CONSUME,68780,36728.5,40447.7,4027.9227,4752.4296,724.5069,507.223,217.3559
2026-05-12,East,Gewerbekunde,CHARGE,968,2694.7,53.8,105.5711,3.1146,-102.4565,-71.7194,-30.7363
2026-05-12,East,Gewerbekunde,DISCHARGE,528,0,1880,0,267.483,267.483,187.2372,80.2494
2026-05-12,East,Gewerbekunde,SELF_CONSUME,2728,1690.1,1392.2,170.5593,156.9365,-13.6228,-9.5319,-4.0863
2026-05-12,East,Kleingewerbe,CHARGE,3322,9622.5,157.8,375.0995,9.177,-365.9225,-256.1375,-109.7749
2026-05-12,East,Kleingewerbe,DISCHARGE,1812,0,6274,0,892.7653,892.7653,624.9345,267.8444
2026-05-12,East,Kleingewerbe,SELF_CONSUME,9362,5410.3,5145.8,539.6955,581.6511,41.9556,29.3836,12.5851
2026-05-12,East,Privatkunde,CHARGE,13486,39123.1,621.7,1533.6757,36.0354,-1497.6403,-1048.3318,-449.2877
2026-05-12,East,Privatkunde,DISCHARGE,7356,0,25634,0,3647.7153,3647.7153,2553.3918,1094.3721
2026-05-12,East,Privatkunde,SELF_CONSUME,38006,22302.9,20105.1,2238.9678,2270.7018,31.734,22.2393,9.5187
2026-05-12,North,Gewerbekunde,CHARGE,1474,4293.1,73.9,167.433,4.3062,-163.1268,-114.1853,-48.9377
2026-05-12,North,Gewerbekunde,DISCHARGE,804,0,2774,0,394.6743,394.6743,276.27,118.4083
2026-05-12,North,Gewerbekunde,SELF_CONSUME,4154,2498.1,2211.7,251.7634,248.5554,-3.208,-2.2379,-0.9657
2026-05-12,North,Kleingewerbe,CHARGE,3542,10152.2,142.5,397.791,8.2944,-389.4966,-272.6362,-116.8477
2026-05-12,North,Kleingewerbe,DISCHARGE,1932,0,6704,0,954.0298,954.0298,667.8173,286.2259
2026-05-12,North,Kleingewerbe,SELF_CONSUME,9982,5863.8,5273.1,589.369,593.8898,4.5208,3.1712,1.3593
2026-05-12,North,Privatkunde,CHARGE,15092,43808.3,669.7,1711.4957,38.814,-1672.6817,-1170.8412,-501.7963
2026-05-12,North,Privatkunde,DISCHARGE,8232,0,29168,0,4151.3258,4151.3258,2905.9165,1245.4643
2026-05-12,North,Privatkunde,SELF_CONSUME,42532,25048.1,22715.1,2511.7419,2567.0175,55.2756,38.733,16.5757
2026-05-12,South,Gewerbekunde,CHARGE,1650,4705.8,82.4,184.7401,4.7682,-179.9719,-125.9748,-53.992
2026-05-12,South,Gewerbekunde,DISCHARGE,900,0,3194,0,454.5105,454.5105,318.1557,136.3603
2026-05-12,South,Gewerbekunde,SELF_CONSUME,4650,2662.6,2504.8,266.4108,283.0273,16.6165,11.6388,4.9863
2026-05-12,South,Kleingewerbe,CHARGE,4664,13303.7,211.3,519.8725,12.2304,-507.6421,-355.3439,-152.2934
2026-05-12,South,Kleingewerbe,DISCHARGE,2544,0,8670,0,1233.7237,1233.7237,863.6027,370.1381
2026-05-12,South,Kleingewerbe,SELF_CONSUME,13144,7798.3,6927.9,785.7231,780.5807,-5.1424,-3.5851,-1.5444
2026-05-12,South,Privatkunde,CHARGE,18370,52990.8,884.9,2075.5453,51.2622,-2024.2831,-1416.9662,-607.2831
2026-05-12,South,Privatkunde,DISCHARGE,10020,0,34914,0,4967.4005,4967.4005,3477.1643,1490.2994
2026-05-12,South,Privatkunde,SELF_CONSUME,51770,30116.8,27849.5,3013.3025,3145.9183,132.6158,92.8767,39.7832
2026-05-12,West,Gewerbekunde,CHARGE,1738,5033.8,65.5,196.1423,3.792,-192.3503,-134.6422,-57.7038
2026-05-12,West,Gewerbekunde,DISCHARGE,948,0,3258,0,463.6149,463.6149,324.5278,139.0942
2026-05-12,West,Gewerbekunde,SELF_CONSUME,4898,2879,2421.3,289.0909,274.9676,-14.1233,-9.8842,-4.2374
2026-05-12,West,Kleingewerbe,CHARGE,4708,13486.2,198.5,526.5377,11.5104,-515.0273,-360.5114,-154.5065
2026-05-12,West,Kleingewerbe,DISCHARGE,2568,0,9126,0,1298.4049,1298.4049,908.8791,389.5427
2026-05-12,West,Kleingewerbe,SELF_CONSUME,13268,7805.8,7233.1,785.7345,816.0126,30.2781,21.2064,9.0874
2026-05-12,West,Privatkunde,CHARGE,19910,57125,940.8,2235.0032,54.5448,-2180.4584,-1526.2832,-654.1274
2026-05-12,West,Privatkunde,DISCHARGE,10860,0,37932,0,5397.4812,5397.4812,3778.2199,1619.3279
2026-05-12,West,Privatkunde,SELF_CONSUME,56110,32549.4,29980.8,3262.557,3381.7703,119.2133,83.5101,35.7602
2026-05-13,East,Gewerbekunde,CHARGE,176,98.6,55.1,6.5106,3.659,-2.8516,-1.9959,-0.856
2026-05-13,East,Gewerbekunde,DISCHARGE,1364,163.8,3884,22.1977,584.4954,562.2977,393.6085,168.6938
2026-05-13,East,Gewerbekunde,SELF_CONSUME,2684,1387.6,1416.9,139.6683,154.143,14.4747,10.1327,4.3428
2026-05-13,East,Kleingewerbe,CHARGE,604,373.2,190.4,24.7312,12.614,-12.1172,-8.4808,-3.635
2026-05-13,East,Kleingewerbe,DISCHARGE,4681,524.7,13501.3,71.033,2028.8529,1957.8199,1370.4737,587.3582
2026-05-13,East,Kleingewerbe,SELF_CONSUME,9211,5125.7,4453.5,511.9837,485.2961,-26.6876,-18.6763,-8.0049
2026-05-13,East,Privatkunde,CHARGE,2452,1477.3,776.7,97.8816,51.447,-46.4346,-32.5009,-13.9275
2026-05-13,East,Privatkunde,DISCHARGE,19003,2201.1,54912.8,297.885,8251.4993,7953.6143,5567.5264,2386.1314
2026-05-13,East,Privatkunde,SELF_CONSUME,37393,21023.2,18194.5,2105.1937,1984.3788,-120.8149,-84.5603,-36.2422
2026-05-13,North,Gewerbekunde,CHARGE,268,145.8,93.9,9.6579,6.2084,-3.4495,-2.4142,-1.0343
2026-05-13,North,Gewerbekunde,DISCHARGE,2077,225.1,5988.5,30.4783,900.2386,869.7603,608.8327,260.9338
2026-05-13,North,Gewerbekunde,SELF_CONSUME,4087,2198.7,1994.4,221.792,216.9274,-4.8646,-3.406,-1.4601
2026-05-13,North,Kleingewerbe,CHARGE,644,386.8,215.9,25.608,14.316,-11.292,-7.9024,-3.3863
2026-05-13,North,Kleingewerbe,DISCHARGE,4991,550.4,14514.6,74.5621,2180.723,2106.1609,1474.3145,631.8611
2026-05-13,North,Kleingewerbe,SELF_CONSUME,9821,5390.4,4878.7,536.2069,532.6714,-3.5355,-2.4671,-1.0603
2026-05-13,North,Privatkunde,CHARGE,2744,1551.1,908.2,102.6677,60.1391,-42.5286,-29.7694,-12.758
2026-05-13,North,Privatkunde,DISCHARGE,21266,2378.4,61794.7,321.9874,9288.6378,8966.6504,6276.6474,2690.0558
2026-05-13,North,Privatkunde,SELF_CONSUME,41846,23020.5,20485.9,2306.5235,2233.8972,-72.6263,-50.8215,-21.7681
2026-05-13,South,Gewerbekunde,CHARGE,300,180.4,106.5,11.9602,7.0424,-4.9178,-3.4416,-1.4759
2026-05-13,South,Gewerbekunde,DISCHARGE,2325,272.7,6710,36.8931,1010.8198,973.9267,681.748,292.1853
2026-05-13,South,Gewerbekunde,SELF_CONSUME,4575,2632.5,2231.5,260.9651,243.516,-17.4491,-12.2146,-5.2354
2026-05-13,South,Kleingewerbe,CHARGE,848,515.8,276.3,34.133,18.3207,-15.8123,-11.0666,-4.7436
2026-05-13,South,Kleingewerbe,DISCHARGE,6572,749.5,18896.5,101.5437,2843.3685,2741.8248,1919.2734,822.5646
2026-05-13,South,Kleingewerbe,SELF_CONSUME,12932,7115.1,6173.2,711.9302,671.0835,-40.8467,-28.5885,-12.2466
2026-05-13,South,Privatkunde,CHARGE,3340,1936,1134.8,128.1811,75.1213,-53.0598,-37.1399,-15.9163
2026-05-13,South,Privatkunde,DISCHARGE,25885,2799.2,75139.6,378.8179,11296.4578,10917.6399,7642.3364,3275.3642
2026-05-13,South,Privatkunde,SELF_CONSUME,50935,28180.4,25057.2,2820.3761,2726.8095,-93.5666,-65.4793,-28.0721
2026-05-13,West,Gewerbekunde,CHARGE,316,187.1,114,12.4207,7.5287,-4.892,-3.4242,-1.4673
2026-05-13,West,Gewerbekunde,DISCHARGE,2449,236.7,7172.6,31.9855,1076.8939,1044.9084,731.4318,313.4788
2026-05-13,West,Gewerbekunde,SELF_CONSUME,4819,2701,2370.2,268.9535,258.4053,-10.5482,-7.3848,-3.1657
2026-05-13,West,Kleingewerbe,CHARGE,856,520.9,250.2,34.5019,16.5919,-17.91,-12.535,-5.374
2026-05-13,West,Kleingewerbe,DISCHARGE,6634,755.5,19352.7,102.4422,2911.5387,2809.0965,1966.3689,842.748
2026-05-13,West,Kleingewerbe,SELF_CONSUME,13054,6955.2,6430.7,693.5848,702.7316,9.1468,6.4005,2.7522
2026-05-13,West,Privatkunde,CHARGE,3620,2040.7,1202.1,135.1366,79.5674,-55.5692,-38.8951,-16.669
2026-05-13,West,Privatkunde,DISCHARGE,28055,3144.2,80585,425.5624,12114.2984,11688.736,8182.0997,3506.6983
2026-05-13,West,Privatkunde,SELF_CONSUME,55205,30707.1,26809.3,3072.9453,2919.9589,-152.9864,-107.0758,-45.8759
2026-05-14,East,Gewerbekunde,CHARGE,1188,3663.6,31.3,84.0993,1.9431,-82.1562,-57.5108,-24.6514
2026-05-14,East,Gewerbekunde,DISCHARGE,1144,33.6,3782.8,4.6404,551.1965,546.5561,382.5869,163.9734
2026-05-14,East,Gewerbekunde,SELF_CONSUME,1892,1336.4,1157.5,137.282,137.7543,0.4723,0.3319,0.1434
2026-05-14,East,Kleingewerbe,CHARGE,4077,12461.4,96.5,288.8208,6.0239,-282.7969,-197.961,-84.8471
2026-05-14,East,Kleingewerbe,DISCHARGE,3926,150.6,12757.4,20.7989,1860.2332,1839.4343,1287.5989,551.8502
2026-05-14,East,Kleingewerbe,SELF_CONSUME,6493,4645.6,3935.7,478.0034,467.4308,-10.5726,-7.4019,-3.161
2026-05-14,East,Privatkunde,CHARGE,16551,50212.1,387.9,1150.0228,24.1464,-1125.8764,-788.1327,-337.8144
2026-05-14,East,Privatkunde,DISCHARGE,15938,691.6,51863.6,95.5139,7556.6635,7461.1496,5222.7827,2238.4218
2026-05-14,East,Privatkunde,SELF_CONSUME,26359,18925.1,15944.5,1953.5176,1896.806,-56.7116,-39.697,-16.9852
2026-05-14,North,Gewerbekunde,CHARGE,1809,5593.9,55.4,128.6164,3.4571,-125.1593,-87.6113,-37.5508
2026-05-14,North,Gewerbekunde,DISCHARGE,1742,82.2,5678.6,11.3525,827.9093,816.5568,571.5869,244.9753
2026-05-14,North,Gewerbekunde,SELF_CONSUME,2881,2036.3,1784.4,211.3246,210.9754,-0.3492,-0.2453,-0.1031
2026-05-14,North,Kleingewerbe,CHARGE,4347,13334.1,111.6,305.5208,6.9475,-298.5733,-209.0092,-89.5877
2026-05-14,North,Kleingewerbe,DISCHARGE,4186,201.6,13495.4,27.8421,1965.7926,1937.9505,1356.5616,581.4059
2026-05-14,North,Kleingewerbe,SELF_CONSUME,6923,4988.3,4245.8,514.8176,503.6933,-11.1243,-7.7859,-3.3313
2026-05-14,North,Privatkunde,CHARGE,18522,56384,440.7,1289.2601,27.4268,-1261.8333,-883.3015,-378.6044
2026-05-14,North,Privatkunde,DISCHARGE,17836,810,58266.6,111.8641,8493.1956,8381.3315,5866.9145,2514.4884
2026-05-14,North,Privatkunde,SELF_CONSUME,29498,20719.2,17871.9,2137.6387,2124.5326,-13.1061,-9.1664,-3.9007
2026-05-14,South,Gewerbekunde,CHARGE,2025,6177.3,38.4,143.2044,2.392,-140.8124,-98.5691,-42.2496
2026-05-14,South,Gewerbekunde,DISCHARGE,1950,84,6451,11.6005,940.9024,929.3019,650.5092,278.7989
2026-05-14,South,Gewerbekunde,SELF_CONSUME,3225,2385.5,1926.6,246.925,229.0521,-17.8729,-12.5122,-5.3585
2026-05-14,South,Kleingewerbe,CHARGE,5724,17363,148.2,399.1373,9.2261,-389.9112,-272.9444,-116.991
2026-05-14,South,Kleingewerbe,DISCHARGE,5512,254.6,17791.6,35.1611,2593.7017,2558.5406,1790.9727,767.589
2026-05-14,South,Kleingewerbe,SELF_CONSUME,9116,6724,5418.2,696.0501,643.7236,-52.3265,-36.6262,-15.6916
2026-05-14,South,Privatkunde,CHARGE,22545,68775.4,550.4,1578.094,34.308,-1543.786,-1080.6675,-463.2046
2026-05-14,South,Privatkunde,DISCHARGE,21710,925.4,70692.4,127.8017,10303.3574,10175.5557,7122.8601,3052.7651
2026-05-14,South,Privatkunde,SELF_CONSUME,35905,25883.2,21604.8,2672.9954,2569.1348,-103.8606,-72.7092,-31.1296
2026-05-14,West,Gewerbekunde,CHARGE,2133,6540.8,50.5,150.3834,3.1465,-147.2369,-103.0674,-44.178
2026-05-14,West,Gewerbekunde,DISCHARGE,2054,84.2,6731.4,11.6282,980.5107,968.8825,678.2152,290.6734
2026-05-14,West,Gewerbekunde,SELF_CONSUME,3397,2495.4,2070.1,257.696,246.5338,-11.1622,-7.8143,-3.3498
2026-05-14,West,Kleingewerbe,CHARGE,5778,17622.1,141.7,402.4596,8.8259,-393.6337,-275.5522,-118.1108
2026-05-14,West,Kleingewerbe,DISCHARGE,5564,248.2,18066.2,34.2778,2631.6205,2597.3427,1818.132,779.2326
2026-05-14,West,Kleingewerbe,SELF_CONSUME,9202,6579.7,5617.7,679.1881,667.9562,-11.2319,-7.858,-3.3633
2026-05-14,West,Privatkunde,CHARGE,24435,74549.6,616,1704.6536,38.3622,-1666.2914,-1166.4303,-499.9595
2026-05-14,West,Privatkunde,DISCHARGE,23530,1107.8,76918,152.9919,11213.9595,11060.9676,7742.6485,3318.4088
2026-05-14,West,Privatkunde,SELF_CONSUME,38915,27884.2,23485.2,2880.4752,2789.1548,-91.3204,-63.9224,-27.3551
2026-05-15,East,Gewerbekunde,CHARGE,792,2368.2,30.1,104.9311,1.6809,-103.2502,-72.2765,-30.9771
2026-05-15,East,Gewerbekunde,DISCHARGE,1408,158.8,4069,21.33,584.8918,563.5618,394.4972,169.0732
2026-05-15,East,Gewerbekunde,SELF_CONSUME,2024,1527.4,934.1,153.2387,108.6898,-44.5489,-31.1834,-13.3634
2026-05-15,East,Kleingewerbe,CHARGE,2718,7900.6,99.5,350.8091,5.6802,-345.1289,-241.5888,-103.5429
2026-05-15,East,Kleingewerbe,DISCHARGE,4832,514.8,13990.1,69.1572,2011.5632,1942.406,1359.6957,582.7395
2026-05-15,East,Kleingewerbe,SELF_CONSUME,6946,5270.6,3038.8,525.9201,354.4198,-171.5003,-120.0448,-51.4546
2026-05-15,East,Privatkunde,CHARGE,11034,32866.2,400.9,1460.6049,22.3019,-1438.303,-1006.803,-431.5066
2026-05-15,East,Privatkunde,DISCHARGE,19616,2138,56957.2,286.9253,8190.1024,7903.1771,5532.2739,2371.0138
2026-05-15,East,Privatkunde,SELF_CONSUME,28198,22495,12353.9,2255.0465,1441.6421,-813.4044,-569.3498,-244.0288
2026-05-15,North,Gewerbekunde,CHARGE,1206,3573.1,46.7,158.7325,2.5098,-156.2227,-109.3565,-46.8681
2026-05-15,North,Gewerbekunde,DISCHARGE,2144,233.4,6323.2,31.3413,909.2567,877.9154,614.5465,263.3806
2026-05-15,North,Gewerbekunde,SELF_CONSUME,3082,2454.3,1378.5,245.5119,160.1418,-85.3701,-59.7568,-25.6095
2026-05-15,North,Kleingewerbe,CHARGE,2898,8550.8,98.9,379.895,5.5396,-374.3554,-262.0495,-112.3113
2026-05-15,North,Kleingewerbe,DISCHARGE,5152,565.4,14840.3,75.9218,2134.4809,2058.5591,1441.0062,617.5842
2026-05-15,North,Kleingewerbe,SELF_CONSUME,7406,5890.6,3080,591.9212,360.0966,-231.8246,-162.2757,-69.5453
2026-05-15,North,Privatkunde,CHARGE,12348,36420,446.9,1618.199,24.837,-1593.362,-1115.3492,-478.0288
2026-05-15,North,Privatkunde,DISCHARGE,21952,2402.5,63588.7,322.4385,9143.7223,8821.2838,6174.9651,2646.4542
2026-05-15,North,Privatkunde,SELF_CONSUME,31556,24879.1,14120.8,2493.026,1646.7805,-846.2455,-592.3477,-253.8839
2026-05-15,South,Gewerbekunde,CHARGE,1350,4031.6,51,179.4738,2.8263,-176.6475,-123.6532,-52.9968
2026-05-15,South,Gewerbekunde,DISCHARGE,2400,247.4,6950.1,33.1912,998.6876,965.4964,675.8545,289.6566
2026-05-15,South,Gewerbekunde,SELF_CONSUME,3450,2727.4,1571.3,272.5725,183.2795,-89.293,-62.5025,-26.7897
2026-05-15,South,Kleingewerbe,CHARGE,3816,11187.8,136.8,497.424,7.8452,-489.5788,-342.7022,-146.878
2026-05-15,South,Kleingewerbe,DISCHARGE,6784,705.5,19501,94.7364,2804.2749,2709.5385,1896.697,812.8836
2026-05-15,South,Kleingewerbe,SELF_CONSUME,9752,7710.7,4276.2,773.9784,499.547,-274.4314,-192.0951,-82.3367
2026-05-15,South,Privatkunde,CHARGE,15030,44397.5,528.2,1971.2593,29.4558,-1941.8035,-1359.2554,-582.5655
2026-05-15,South,Privatkunde,DISCHARGE,26720,2968.5,77428.1,398.5897,11129.7268,10731.1371,7511.8723,3219.4296
2026-05-15,South,Privatkunde,SELF_CONSUME,38410,30096,16841.3,3020.3237,1965.8483,-1054.4754,-738.0899,-316.3489
2026-05-15,West,Gewerbekunde,CHARGE,1422,4175.8,62.3,185.0327,3.5754,-181.4573,-127.0187,-54.441
2026-05-15,West,Gewerbekunde,DISCHARGE,2528,276.5,7330.9,37.132,1052.3631,1015.2311,710.6681,304.5756
2026-05-15,West,Gewerbekunde,SELF_CONSUME,3634,2874.1,1636.4,288.8732,190.3818,-98.4914,-68.9415,-29.5456
2026-05-15,West,Kleingewerbe,CHARGE,3852,11385.3,143.7,506.1338,7.9504,-498.1834,-348.7247,-149.4594
2026-05-15,West,Kleingewerbe,DISCHARGE,6848,791.2,19866.8,106.2525,2855.009,2748.7565,1924.1486,824.6494
2026-05-15,West,Kleingewerbe,SELF_CONSUME,9844,7927.1,4323.5,795.5968,503.3514,-292.2454,-204.5625,-87.6726
2026-05-15,West,Privatkunde,CHARGE,16290,48023.3,583.2,2133.6628,32.8401,-2100.8227,-1470.5694,-630.2745
2026-05-15,West,Privatkunde,DISCHARGE,28960,3120.9,84144.3,418.9963,12098.8474,11679.8511,8175.9797,3504.0536
2026-05-15,West,Privatkunde,SELF_CONSUME,41630,32777.8,18138.9,3287.6415,2115.5689,-1172.0726,-820.4192,-351.6249
2026-05-16,East,Gewerbekunde,CHARGE,528,1696.2,0,24.0329,0,-24.0329,-16.8212,-7.2105
2026-05-16,East,Gewerbekunde,DISCHARGE,704,95.3,1872.2,12.9698,259.85,246.8802,172.8142,74.0727
2026-05-16,East,Gewerbekunde,MAX_CHARGE,924,3837.1,0,-4.8058,0,4.8058,3.3599,1.4407
2026-05-16,East,Gewerbekunde,SELF_CONSUME,2068,1554.2,652.6,164.9815,71.8793,-93.1022,-65.1693,-27.9311
2026-05-16,East,Kleingewerbe,CHARGE,1812,5950.4,0,82.684,0,-82.684,-57.8761,-24.8068
2026-05-16,East,Kleingewerbe,DISCHARGE,2416,328.9,6581.4,44.7357,913.7683,869.0326,608.3187,260.74
2026-05-16,East,Kleingewerbe,MAX_CHARGE,3171,13171.9,0,-16.4617,0,16.4617,11.5129,4.936
2026-05-16,East,Kleingewerbe,SELF_CONSUME,7097,5214.8,2281.8,551.0656,252.1626,-298.903,-209.2305,-89.6735
2026-05-16,East,Privatkunde,CHARGE,7356,24496.7,0,343.4928,0,-343.4928,-240.4333,-103.0544
2026-05-16,East,Privatkunde,DISCHARGE,9808,1404,26483.5,190.9686,3676.5479,3485.5793,2439.888,1045.8015
2026-05-16,East,Privatkunde,MAX_CHARGE,12873,53521.5,0,-66.8197,0,66.8197,46.7191,20.0291
2026-05-16,East,Privatkunde,SELF_CONSUME,28811,21288.6,9101.3,2252.0734,1005.0124,-1247.061,-872.948,-374.1314
2026-05-16,North,Gewerbekunde,CHARGE,804,2720.8,0,38.3266,0,-38.3266,-26.8274,-11.4995
2026-05-16,North,Gewerbekunde,DISCHARGE,1072,137.2,2865.6,18.6671,397.9075,379.2404,265.4652,113.7865
2026-05-16,North,Gewerbekunde,MAX_CHARGE,1407,5885.7,0,-7.381,0,7.381,5.1597,2.2123
2026-05-16,North,Gewerbekunde,SELF_CONSUME,3149,2289.5,1100.4,240.5871,122.3596,-118.2275,-82.7569,-35.469
2026-05-16,North,Kleingewerbe,CHARGE,1932,6547.4,0,91.4983,0,-91.4983,-64.0458,-27.4498
2026-05-16,North,Kleingewerbe,DISCHARGE,2576,414.3,7127.3,56.42,989.7862,933.3662,653.3535,280.0432
2026-05-16,North,Kleingewerbe,MAX_CHARGE,3381,14035.3,0,-17.5285,0,17.5285,12.2494,5.2551
2026-05-16,North,Kleingewerbe,SELF_CONSUME,7567,5885.4,2237.9,623.1951,246.8535,-376.3416,-263.4349,-112.9032
2026-05-16,North,Privatkunde,CHARGE,8232,27387,0,386.037,0,-386.037,-270.2102,-115.815
2026-05-16,North,Privatkunde,DISCHARGE,10976,1551.4,29964.7,211.1258,4159.7108,3948.585,2763.9893,1184.7162
2026-05-16,North,Privatkunde,MAX_CHARGE,14406,59741.9,0,-74.6905,0,74.6905,52.2256,22.3883
2026-05-16,North,Privatkunde,SELF_CONSUME,32242,24340.5,10033.7,2570.3168,1107.8869,-1462.4299,-1023.6933,-438.7383
2026-05-16,South,Gewerbekunde,CHARGE,900,3075.8,0,42.74,0,-42.74,-29.9169,-12.8222
2026-05-16,South,Gewerbekunde,DISCHARGE,1200,212.6,3315.3,28.9173,460.2939,431.3766,301.9616,129.4291
2026-05-16,South,Gewerbekunde,MAX_CHARGE,1575,6553.9,0,-8.1634,0,8.1634,5.7061,2.4458
2026-05-16,South,Gewerbekunde,SELF_CONSUME,3525,2675.3,1137.1,283.5167,124.5171,-158.9996,-111.2971,-47.7003
2026-05-16,South,Kleingewerbe,CHARGE,2544,8475.7,0,118.8603,0,-118.8603,-83.1952,-35.6586
2026-05-16,South,Kleingewerbe,DISCHARGE,3392,511.2,9161.2,69.5615,1271.9081,1202.3466,841.6353,360.7462
2026-05-16,South,Kleingewerbe,MAX_CHARGE,4452,18521.7,0,-23.1215,0,23.1215,16.1683,6.9323
2026-05-16,South,Kleingewerbe,SELF_CONSUME,9964,7707,2981.2,814.156,330.0973,-484.0587,-338.8368,-145.2176
2026-05-16,South,Privatkunde,CHARGE,10020,33506.7,0,469.7646,0,-469.7646,-328.8174,-140.9315
2026-05-16,South,Privatkunde,DISCHARGE,13360,1962.5,36145.8,266.9851,5018.7243,4751.7392,3326.1891,1425.6881
2026-05-16,South,Privatkunde,MAX_CHARGE,17535,72943.2,0,-91.1407,0,91.1407,63.7194,27.3171
2026-05-16,South,Privatkunde,SELF_CONSUME,39245,29777.6,12250.6,3147.1796,1353.9236,-1793.256,-1255.2783,-538.0036
2026-05-16,West,Gewerbekunde,CHARGE,948,3112.3,0,44.0622,0,-44.0622,-30.8424,-13.2207
2026-05-16,West,Gewerbekunde,DISCHARGE,1264,173,3356.2,23.5538,465.6833,442.1295,309.4883,132.6552
2026-05-16,West,Gewerbekunde,MAX_CHARGE,1659,6919.8,0,-8.7033,0,8.7033,6.085,2.6084
2026-05-16,West,Gewerbekunde,SELF_CONSUME,3713,2710.5,1200.6,286.568,132.15,-154.418,-108.0915,-46.3277
2026-05-16,West,Kleingewerbe,CHARGE,2568,8481.7,0,118.1201,0,-118.1201,-82.6777,-35.4365
2026-05-16,West,Kleingewerbe,DISCHARGE,3424,515.2,8972.1,70.1159,1245.5008,1175.3849,822.761,352.6567
2026-05-16,West,Kleingewerbe,MAX_CHARGE,4494,18665.8,0,-23.3354,0,23.3354,16.3163,6.9958
2026-05-16,West,Kleingewerbe,SELF_CONSUME,10058,7435.7,3214.3,787.0651,352.4777,-434.5874,-304.2078,-130.376
2026-05-16,West,Privatkunde,CHARGE,10860,36402.7,0,512.0283,0,-512.0283,-358.3944,-153.6114
2026-05-16,West,Privatkunde,DISCHARGE,14480,2075,39183.5,282.3674,5439.5816,5157.2142,3610.0184,1547.3518
2026-05-16,West,Privatkunde,MAX_CHARGE,19005,79112.1,0,-98.9542,0,98.9542,69.1909,29.6635
2026-05-16,West,Privatkunde,SELF_CONSUME,42535,31826.2,13093.3,3363.979,1444.3137,-1919.6653,-1343.7691,-575.9056
2026-05-17,East,Gewerbekunde,CHARGE,1584,4857.9,41.2,57.3408,2.6848,-54.656,-38.2597,-16.3974
2026-05-17,East,Gewerbekunde,DISCHARGE,1056,43.4,3408.4,6.1411,508.0912,501.9501,351.3665,150.5844
2026-05-17,East,Gewerbekunde,SELF_CONSUME,1584,1100.3,838,116.1333,97.2833,-18.85,-13.1939,-5.654
2026-05-17,East,Kleingewerbe,CHARGE,5436,16810.5,90.2,198.9052,5.8744,-193.0308,-135.1161,-57.9096
2026-05-17,East,Kleingewerbe,DISCHARGE,3624,158.4,11735.6,22.4136,1749.5643,1727.1507,1209.0095,518.1443
2026-05-17,East,Kleingewerbe,SELF_CONSUME,5436,3719.9,2637.4,390.7202,308.8792,-81.841,-57.2869,-24.5482
2026-05-17,East,Privatkunde,CHARGE,22068,68376.8,438,806.4491,28.4779,-777.9712,-544.5732,-233.3903
2026-05-17,East,Privatkunde,DISCHARGE,14712,752.2,47145,106.4363,7030.3745,6923.9382,4846.776,2077.1768
2026-05-17,East,Privatkunde,SELF_CONSUME,22068,15292.6,10776.6,1613.5128,1252.9739,-360.5389,-252.3714,-108.1501
2026-05-17,North,Gewerbekunde,CHARGE,2412,7404.5,43.9,86.5747,2.854,-83.7207,-58.602,-25.1176
2026-05-17,North,Gewerbekunde,DISCHARGE,1608,75,5239.8,10.6125,781.5932,770.9807,539.6885,231.2925
2026-05-17,North,Gewerbekunde,SELF_CONSUME,2412,1670.1,1141.9,176.3829,133.3756,-43.0073,-30.1046,-12.9019
2026-05-17,North,Kleingewerbe,CHARGE,5796,18147.9,100.3,216.7119,6.4818,-210.2301,-147.1603,-63.0699
2026-05-17,North,Kleingewerbe,DISCHARGE,3864,205.2,12571,29.0358,1874.4785,1845.4427,1291.8138,553.6317
2026-05-17,North,Kleingewerbe,SELF_CONSUME,5796,4087.7,2856.7,431.7992,332.9263,-98.8729,-69.2056,-29.6577
2026-05-17,North,Privatkunde,CHARGE,24696,76398.6,443.7,907.5934,28.9418,-878.6516,-615.0472,-263.5951
2026-05-17,North,Privatkunde,DISCHARGE,16464,795,53175.2,112.4925,7928.3422,7815.8497,5471.1214,2344.7457
2026-05-17,North,Privatkunde,SELF_CONSUME,24696,17051.2,11991.9,1792.2814,1401.0342,-391.2472,-273.8757,-117.3591
2026-05-17,South,Gewerbekunde,CHARGE,2700,8485.7,57.5,101.2237,3.7305,-97.4932,-68.2458,-29.2489
2026-05-17,South,Gewerbekunde,DISCHARGE,1800,80.4,5848.4,11.3766,871.7854,860.4088,602.2899,258.1209
2026-05-17,South,Gewerbekunde,SELF_CONSUME,2700,1847.5,1297.3,194.4337,150.409,-44.0247,-30.8144,-13.2047
2026-05-17,South,Kleingewerbe,CHARGE,7632,23931,131.6,283.3592,8.5683,-274.7909,-192.3527,-82.4375
2026-05-17,South,Kleingewerbe,DISCHARGE,5088,240.4,16704.2,34.0166,2490.9757,2456.9591,1719.8761,737.0878
2026-05-17,South,Kleingewerbe,SELF_CONSUME,7632,5444.2,3702.2,574.827,432.2696,-142.5574,-99.7854,-42.7586
2026-05-17,South,Privatkunde,CHARGE,30060,93544.9,565.4,1101.2616,36.7385,-1064.5231,-745.1602,-319.3631
2026-05-17,South,Privatkunde,DISCHARGE,20040,1006,64940.8,142.349,9682.7706,9540.4216,6678.3222,2862.1193
2026-05-17,South,Privatkunde,SELF_CONSUME,30060,20744.3,14906.6,2186.8385,1737.709,-449.1295,-314.3907,-134.7181
2026-05-17,West,Gewerbekunde,CHARGE,2844,8873.5,43.7,102.3927,2.8408,-99.5519,-69.6862,-29.8662
2026-05-17,West,Gewerbekunde,DISCHARGE,1896,79.2,6009.8,11.2068,895.9395,884.7327,619.3155,265.4194
2026-05-17,West,Gewerbekunde,SELF_CONSUME,2844,1974.1,1391.7,207.6855,163.0805,-44.605,-31.2214,-13.3804
2026-05-17,West,Kleingewerbe,CHARGE,7704,23757.9,126.2,280.7109,8.1926,-272.5183,-190.7614,-81.7577
2026-05-17,West,Kleingewerbe,DISCHARGE,5136,236.6,16641.4,33.4789,2480.7351,2447.2562,1713.0877,734.1746
2026-05-17,West,Kleingewerbe,SELF_CONSUME,7704,5469.9,3665.2,578.4746,427.5323,-150.9423,-105.6555,-45.2787
2026-05-17,West,Privatkunde,CHARGE,32580,101215.3,575.7,1199.0127,37.5339,-1161.4788,-813.0256,-348.4562
2026-05-17,West,Privatkunde,DISCHARGE,21720,1065,70121.4,150.6975,10452.8656,10302.1681,7211.5455,3090.651
2026-05-17,West,Privatkunde,SELF_CONSUME,32580,23194.1,15745.3,2447.958,1839.0793,-608.8787,-426.2122,-182.6611
2026-05-18,East,Gewerbekunde,DISCHARGE,2244,72.3,7466.2,9.7781,1260.819,1251.0409,875.7338,375.3182
2026-05-18,East,Gewerbekunde,SELF_CONSUME,1980,1069.7,1163,115.8802,136.7292,20.849,14.5951,6.2527
2026-05-18,East,Kleingewerbe,DISCHARGE,7701,253.6,25322.1,34.3103,4274.1783,4239.868,2967.9221,1271.9768
2026-05-18,East,Kleingewerbe,SELF_CONSUME,6795,3494.8,4341.5,381.3563,507.1556,125.7993,88.0634,37.735
2026-05-18,East,Privatkunde,DISCHARGE,31263,1094,104162,148.147,17504.0235,17355.8765,12149.1673,5206.8421
2026-05-18,East,Privatkunde,SELF_CONSUME,27585,14611.2,17181.2,1596.8543,2005.9564,409.1021,286.3736,122.7245
2026-05-18,North,Gewerbekunde,DISCHARGE,3417,111.5,11479.9,15.0793,1937.495,1922.4157,1345.6975,576.7325
2026-05-18,North,Gewerbekunde,SELF_CONSUME,3015,1591.3,1820.9,172.6564,213.3509,40.6945,28.4892,12.2057
2026-05-18,North,Kleingewerbe,DISCHARGE,8211,294.8,27423,39.9324,4618.1585,4578.2261,3204.7751,1373.4831
2026-05-18,North,Kleingewerbe,SELF_CONSUME,7245,3827.2,4381.8,416.9729,513.9183,96.9454,67.8677,29.0792
2026-05-18,North,Privatkunde,DISCHARGE,34986,1192.9,116114,161.6186,19513.2259,19351.6073,13546.1954,5805.5701
2026-05-18,North,Privatkunde,SELF_CONSUME,30870,16150.7,19292.4,1759.856,2255.6675,495.8115,347.0729,148.7351
2026-05-18,South,Gewerbekunde,DISCHARGE,3825,129.8,12740.4,17.5863,2139.6916,2122.1053,1485.4788,636.6377
2026-05-18,South,Gewerbekunde,SELF_CONSUME,3375,1665.4,2174,180.1498,253.0235,72.8737,51.0096,21.8634
2026-05-18,South,Kleingewerbe,DISCHARGE,10812,388.2,35747.5,52.589,6003.9791,5951.3901,4165.9925,1785.4442
2026-05-18,South,Kleingewerbe,SELF_CONSUME,9540,5087.8,5758.5,553.2515,674.4169,121.1654,84.8222,36.3469
2026-05-18,South,Privatkunde,DISCHARGE,42585,1487.6,141209.2,201.4597,23732.072,23530.6123,16471.5115,7059.2939
2026-05-18,South,Privatkunde,SELF_CONSUME,37575,19894.8,23269.6,2171.3133,2720.9358,549.6225,384.7329,164.8846
2026-05-18,West,Gewerbekunde,DISCHARGE,4029,131.7,13361.3,17.8462,2250.2377,2232.3915,1562.6817,669.7289
2026-05-18,West,Gewerbekunde,SELF_CONSUME,3555,1938.3,2180.7,209.8922,255.9093,46.0171,32.2132,13.8049
2026-05-18,West,Kleingewerbe,DISCHARGE,10914,360.2,36565.1,48.7498,6148.8219,6100.0721,4270.065,1830.0502
2026-05-18,West,Kleingewerbe,SELF_CONSUME,9630,5028.6,6242.9,549.8061,725.4263,175.6202,122.9433,52.6893
2026-05-18,West,Privatkunde,DISCHARGE,46155,1588.5,153314.4,215.1424,25805.7221,25590.5797,17913.4987,7677.2914
2026-05-18,West,Privatkunde,SELF_CONSUME,40725,21703.5,24895.2,2359.1697,2916.6363,557.4666,390.2295,167.2244
2026-05-19,East,Gewerbekunde,DISCHARGE,2156,74.4,7059.7,10.31,1085.6757,1075.3657,752.7606,322.6167
2026-05-19,East,Gewerbekunde,SELF_CONSUME,2068,1061.6,1494.7,99.9438,167.3262,67.3824,47.1695,20.2146
2026-05-19,East,Kleingewerbe,DISCHARGE,7399,275.9,23936.8,38.3305,3685.4133,3647.0828,2552.9768,1094.1384
2026-05-19,East,Kleingewerbe,SELF_CONSUME,7097,3530.5,5424,330.5953,605.3192,274.7239,192.309,82.4169
2026-05-19,East,Privatkunde,DISCHARGE,30037,1130.3,99433.6,156.8421,15291.6621,15134.82,10594.443,4540.5216
2026-05-19,East,Privatkunde,SELF_CONSUME,28811,14862.9,21396,1392.848,2401.4851,1008.6371,706.0716,302.575
2026-05-19,North,Gewerbekunde,DISCHARGE,3283,119.4,10785.8,16.5717,1661.5647,1644.993,1151.5029,493.506
2026-05-19,North,Gewerbekunde,SELF_CONSUME,3149,1465,2295.4,136.8213,257.0956,120.2743,84.1944,36.0799
2026-05-19,North,Kleingewerbe,DISCHARGE,7889,281.3,26122.6,39.055,4016.6983,3977.6433,2784.3685,1193.3125
2026-05-19,North,Kleingewerbe,SELF_CONSUME,7567,3761.1,5577,352.4682,625.1165,272.6483,190.8609,81.7912
2026-05-19,North,Privatkunde,DISCHARGE,33614,1171.7,110985.7,162.7106,17068.7946,16906.084,11834.3376,5071.9104
2026-05-19,North,Privatkunde,SELF_CONSUME,32242,16101.5,23978.3,1511.8056,2682.8377,1171.0321,819.7405,351.3126
2026-05-19,South,Gewerbekunde,DISCHARGE,3675,166.6,12105.2,23.1446,1863.1551,1840.0105,1288.0161,552.0095
2026-05-19,South,Gewerbekunde,SELF_CONSUME,3525,1816.6,2616.8,170.2731,293.3986,123.1255,86.1917,36.9382
2026-05-19,South,Kleingewerbe,DISCHARGE,10388,387.4,34092.5,53.7005,5246.321,5192.6205,3634.8546,1557.8137
2026-05-19,South,Kleingewerbe,SELF_CONSUME,9964,5251,7273.1,495.2476,813.8327,318.5851,223.0095,95.5731
2026-05-19,South,Privatkunde,DISCHARGE,40915,1408.9,136016.1,195.3953,20917.191,20721.7957,14505.357,6216.6454
2026-05-19,South,Privatkunde,SELF_CONSUME,39245,19765.9,29149.5,1853.2533,3271.7624,1418.5091,992.9834,425.5478
2026-05-19,West,Gewerbekunde,DISCHARGE,3871,121.4,12763.1,16.8208,1962.3476,1945.5268,1361.8759,583.6697
2026-05-19,West,Gewerbekunde,SELF_CONSUME,3713,1976.2,2796.5,183.4955,315.1161,131.6206,92.138,39.4827
2026-05-19,West,Kleingewerbe,DISCHARGE,10486,408.3,34683.4,56.7037,5329.4327,5272.729,3690.9341,1581.8467
2026-05-19,West,Kleingewerbe,SELF_CONSUME,10058,5324.9,7302.6,501.2167,823.0336,321.8169,225.2758,96.5477
2026-05-19,West,Privatkunde,DISCHARGE,44345,1624.6,146812.2,225.2912,22580.6199,22355.3287,15648.8302,6706.7181
2026-05-19,West,Privatkunde,SELF_CONSUME,42535,22115,31291.8,2079.6907,3508.9382,1429.2475,1000.4982,428.7662
2026-05-20,East,Gewerbekunde,CHARGE,792,2505.8,10.3,110.9572,0.6561,-110.3011,-77.2107,-33.0934
2026-05-20,East,Gewerbekunde,DISCHARGE,1364,113.4,4296.2,16.0325,647.6734,631.6409,442.15,189.4975
2026-05-20,East,Gewerbekunde,SELF_CONSUME,2068,1417.2,1399.9,142.8669,165.801,22.9341,16.0534,6.8797
2026-05-20,East,Kleingewerbe,CHARGE,2718,8292,58.7,365.9053,3.74,-362.1653,-253.5187,-108.6544
2026-05-20,East,Kleingewerbe,DISCHARGE,4681,371.6,14428,52.3198,2174.9062,2122.5864,1485.8145,636.7936
2026-05-20,East,Kleingewerbe,SELF_CONSUME,7097,4772.4,4789.7,485.0167,563.7144,78.6977,55.0886,23.6042
2026-05-20,East,Privatkunde,CHARGE,11034,34352.8,184.6,1519.1299,11.7607,-1507.3692,-1055.1694,-452.2358
2026-05-20,East,Privatkunde,DISCHARGE,19003,1458.6,58462,205.7593,8818.1275,8612.3682,6028.6689,2583.7792
2026-05-20,East,Privatkunde,SELF_CONSUME,28811,20101.8,18498.6,2039.5731,2183.964,144.3909,101.0817,43.3172
2026-05-20,North,Gewerbekunde,CHARGE,1206,3734.6,18.7,164.4635,1.1914,-163.2721,-114.2915,-48.9818
2026-05-20,North,Gewerbekunde,DISCHARGE,2077,131.2,6499.6,18.5841,980.6485,962.0644,673.4475,288.6253
2026-05-20,North,Gewerbekunde,SELF_CONSUME,3149,2125.8,2069.7,215.4765,243.6392,28.1627,19.7138,8.447
2026-05-20,North,Kleingewerbe,CHARGE,2898,8974.9,56,396.2561,3.5676,-392.6885,-274.8865,-117.8127
2026-05-20,North,Kleingewerbe,DISCHARGE,4991,360.4,15365.4,50.7487,2316.7786,2266.0299,1586.2249,679.8263
2026-05-20,North,Kleingewerbe,SELF_CONSUME,7567,5209.1,4879.8,527.5749,575.4559,47.881,33.5157,14.3677
2026-05-20,North,Privatkunde,CHARGE,12348,38525,228.5,1700.8162,14.5579,-1686.2583,-1180.3945,-505.8948
2026-05-20,North,Privatkunde,DISCHARGE,21266,1574.4,66031,222.2809,9961.4096,9739.1287,6817.3944,2921.8145
2026-05-20,North,Privatkunde,SELF_CONSUME,32242,22263.8,21182.5,2256.4603,2497.5311,241.0708,168.7542,72.3399
2026-05-20,South,Gewerbekunde,CHARGE,1350,4223.2,21.8,186.3825,1.3891,-184.9934,-129.4932,-55.5007
2026-05-20,South,Gewerbekunde,DISCHARGE,2325,171.2,7045,24.1091,1061.8487,1037.7396,726.4174,311.3299
2026-05-20,South,Gewerbekunde,SELF_CONSUME,3525,2386.8,2299.6,242.8243,270.2223,27.398,19.1772,8.2199
2026-05-20,South,Kleingewerbe,CHARGE,3816,11787,65,519.8551,4.1408,-515.7143,-361.0037,-154.7186
2026-05-20,South,Kleingewerbe,DISCHARGE,6572,485.2,20236.8,68.4318,3051.0275,2982.5957,2087.817,894.8007
2026-05-20,South,Kleingewerbe,SELF_CONSUME,9964,6726.6,6425.8,681.976,756.8332,74.8572,52.4004,22.4536
2026-05-20,South,Privatkunde,CHARGE,15030,46742,269.3,2060.8406,17.1578,-2043.6828,-1430.5891,-613.1303
2026-05-20,South,Privatkunde,DISCHARGE,25885,1940.2,79749.2,273.3765,12028.9627,11755.5862,8228.9244,3526.7678
2026-05-20,South,Privatkunde,SELF_CONSUME,39245,27355.8,25528.3,2772.968,3014.1465,241.1785,168.8233,72.3723
2026-05-20,West,Gewerbekunde,CHARGE,1422,4388.6,23.3,193.4224,1.4845,-191.9379,-134.3573,-57.5857
2026-05-20,West,Gewerbekunde,DISCHARGE,2449,184.4,7518.2,25.9332,1134.6848,1108.7516,776.1288,332.6326
2026-05-20,West,Gewerbekunde,SELF_CONSUME,3713,2615,2395.7,264.989,282.526,17.537,12.2717,5.2621
2026-05-20,West,Kleingewerbe,CHARGE,3852,12013.6,71.8,530.752,4.5738,-526.1782,-368.3268,-157.8634
2026-05-20,West,Kleingewerbe,DISCHARGE,6634,496.6,20567.8,70.1902,3103.6712,3033.481,2123.4387,910.0703
2026-05-20,West,Kleingewerbe,SELF_CONSUME,10058,7031,6416.4,715.377,757.5428,42.1658,29.521,12.6499
2026-05-20,West,Privatkunde,CHARGE,16290,50619.4,325.2,2233.6152,20.7181,-2212.8971,-1549.0361,-663.9023
2026-05-20,West,Privatkunde,DISCHARGE,28055,2154.8,86463.8,304.2921,13041.7137,12737.4216,8916.2065,3821.3333
2026-05-20,West,Privatkunde,SELF_CONSUME,42535,29061.8,27755,2948.4445,3267.861,319.4165,223.5967,95.8183
2026-05-21,East,Gewerbekunde,CHARGE,968,2760.8,49.3,54.4664,2.4191,-52.0473,-36.4313,-15.6169
2026-05-21,East,Gewerbekunde,DISCHARGE,1848,81.3,6125.1,10.8454,975.694,964.8486,675.3974,289.4535
2026-05-21,East,Gewerbekunde,SELF_CONSUME,1408,765.5,1185.6,77.4649,139.1151,61.6502,43.1544,18.4962
2026-05-21,East,Kleingewerbe,CHARGE,3322,9575.5,178.4,186.7228,8.969,-177.7538,-124.4216,-53.3257
2026-05-21,East,Kleingewerbe,DISCHARGE,6342,267.8,20912,35.6258,3328.3559,3292.7301,2304.9295,987.8179
2026-05-21,East,Kleingewerbe,SELF_CONSUME,4832,2757.5,4052.8,278.9479,474.7042,195.7563,137.0258,58.7336
2026-05-21,East,Privatkunde,CHARGE,13486,39105.1,571.5,765.5787,28.5547,-737.024,-515.8927,-221.1048
2026-05-21,East,Privatkunde,DISCHARGE,25746,1056,84160,140.5139,13366.3487,13225.8348,9258.1678,3967.7462
2026-05-21,East,Privatkunde,SELF_CONSUME,19616,11478.1,16122.1,1160.6387,1893.1945,732.5558,512.781,219.807
2026-05-21,North,Gewerbekunde,CHARGE,1474,4190.2,61.6,81.3388,3.1243,-78.2145,-54.7486,-23.4646
2026-05-21,North,Gewerbekunde,DISCHARGE,2814,134.6,9191.4,17.9489,1460.198,1442.2491,1009.5811,432.6767
2026-05-21,North,Gewerbekunde,SELF_CONSUME,2144,1284.4,1759,131.0698,206.3043,75.2345,52.6648,22.5733
2026-05-21,North,Kleingewerbe,CHARGE,3542,10255.3,158.6,199.7313,7.9191,-191.8122,-134.2645,-57.5461
2026-05-21,North,Kleingewerbe,DISCHARGE,6762,296.2,22052.4,39.4041,3502.0993,3462.6952,2423.9071,1038.8059
2026-05-21,North,Kleingewerbe,SELF_CONSUME,5152,3054.1,4192.6,308.5912,492.3003,183.7091,128.5929,55.127
2026-05-21,North,Privatkunde,CHARGE,15092,43527.6,686.1,848.1084,34.3763,-813.7321,-569.5927,-244.123
2026-05-21,North,Privatkunde,DISCHARGE,28812,1215.7,93942.5,161.8447,14917.5717,14755.727,10329.09,4426.7142
2026-05-21,North,Privatkunde,SELF_CONSUME,21952,12657.5,17974.6,1283.6938,2108.0487,824.3549,577.0413,247.3468
2026-05-21,South,Gewerbekunde,CHARGE,1650,4643.1,68.9,89.5464,3.4875,-86.0589,-60.2406,-25.8187
2026-05-21,South,Gewerbekunde,DISCHARGE,3150,112.7,10340.5,14.9821,1638.5482,1623.5661,1136.5066,487.0719
2026-05-21,South,Gewerbekunde,SELF_CONSUME,2400,1283.4,2033.8,129.5845,238.5594,108.9749,76.284,32.6956
2026-05-21,South,Kleingewerbe,CHARGE,4664,13596.4,194.8,264.6649,9.8229,-254.842,-178.3833,-76.4556
2026-05-21,South,Kleingewerbe,DISCHARGE,8904,375.2,29364.2,49.8603,4661.2602,4611.3999,3228.0033,1383.4236
2026-05-21,South,Kleingewerbe,SELF_CONSUME,6784,3968.8,5645,400.6311,663.0636,262.4325,183.6995,78.7427
2026-05-21,South,Privatkunde,CHARGE,18370,52980.1,780.7,1028.6741,39.0662,-989.6079,-692.6971,-296.8802
2026-05-21,South,Privatkunde,DISCHARGE,35070,1509,114812.4,200.7698,18248.4471,18047.6773,12633.4834,5414.2963
2026-05-21,South,Privatkunde,SELF_CONSUME,26720,15659.7,21454.1,1586.1581,2521.6966,935.5385,654.8724,280.7168
2026-05-21,West,Gewerbekunde,CHARGE,1738,5094.3,65.7,100.4588,3.3183,-97.1405,-67.998,-29.1421
2026-05-21,West,Gewerbekunde,DISCHARGE,3318,137.6,10968.5,18.2833,1741.5563,1723.273,1206.3025,516.9827
2026-05-21,West,Gewerbekunde,SELF_CONSUME,2528,1332.1,2137.8,132.4331,251.2436,118.8105,83.1651,35.6466
2026-05-21,West,Kleingewerbe,CHARGE,4708,13532.6,220,262.739,11.0053,-251.7337,-176.2064,-75.5221
2026-05-21,West,Kleingewerbe,DISCHARGE,8988,399.7,29390.5,53.1631,4671.1925,4618.0294,3232.6433,1385.4105
2026-05-21,West,Kleingewerbe,SELF_CONSUME,6848,3947.3,5561.5,400.4031,652.9144,252.5113,176.7549,75.7739
2026-05-21,West,Privatkunde,CHARGE,19910,57405.3,886.8,1118.9126,44.4077,-1074.5049,-752.1266,-322.3609
2026-05-21,West,Privatkunde,DISCHARGE,38010,1610,124043.8,214.175,19708.984,19494.809,13646.483,5848.4394
2026-05-21,West,Privatkunde,SELF_CONSUME,28960,16798.7,23467.4,1699.8207,2755.1317,1055.311,738.709,316.6527
2026-05-22,East,Gewerbekunde,CHARGE,1144,3420,38.1,30.1251,1.5752,-28.5499,-19.9865,-8.5638
2026-05-22,East,Gewerbekunde,DISCHARGE,1936,129.8,6070.1,17.6013,962.4206,944.8193,661.38,283.4459
2026-05-22,East,Gewerbekunde,SELF_CONSUME,1144,538.6,1597,56.3546,195.739,139.3844,97.5681,41.8167
2026-05-22,East,Kleingewerbe,CHARGE,3926,11600.1,163.7,98.6875,7.119,-91.5685,-64.0984,-27.4705
2026-05-22,East,Kleingewerbe,DISCHARGE,6644,426.7,21324.2,58.0162,3370.7906,3312.7744,2318.9656,993.841
2026-05-22,East,Kleingewerbe,SELF_CONSUME,3926,1823.2,5741.7,193.0045,702.4435,509.439,356.598,152.8323
2026-05-22,East,Privatkunde,CHARGE,15938,46813,579,401.3825,25.2116,-376.1709,-263.3088,-112.8489
2026-05-22,East,Privatkunde,DISCHARGE,26972,1743.5,84863.6,236.6659,13401.6784,13165.0125,9215.5953,3949.5245
2026-05-22,East,Privatkunde,SELF_CONSUME,15938,7777.9,22605,830.9778,2770.0748,1939.097,1357.3419,581.7334
2026-05-22,North,Gewerbekunde,CHARGE,1742,5125.4,82.4,43.5452,3.5164,-40.0288,-28.019,-12.0067
2026-05-22,North,Gewerbekunde,DISCHARGE,2948,220.4,9329,29.9229,1467.0938,1437.1709,1006.03,431.1526
2026-05-22,North,Gewerbekunde,SELF_CONSUME,1742,907.8,2473.8,97.5995,302.5814,204.9819,143.4849,61.4941
2026-05-22,North,Kleingewerbe,CHARGE,4186,12175.9,154.1,105.0112,6.609,-98.4022,-68.8809,-29.5221
2026-05-22,North,Kleingewerbe,DISCHARGE,7084,452,22322.7,61.3108,3529.6409,3468.3301,2427.8546,1040.5053
2026-05-22,North,Kleingewerbe,SELF_CONSUME,4186,1982.1,5970.4,212.8038,731.2237,518.4199,362.8867,155.5243
2026-05-22,North,Privatkunde,CHARGE,17836,52318,684.7,450.8214,29.7184,-421.103,-294.7554,-126.3323
2026-05-22,North,Privatkunde,DISCHARGE,30184,1988.7,95181.6,269.8333,15046.8857,14777.0524,10344.0218,4433.1562
2026-05-22,North,Privatkunde,SELF_CONSUME,17836,8650.5,25144.1,923.8883,3080.8546,2156.9663,1509.8445,647.1026
2026-05-22,South,Gewerbekunde,CHARGE,1950,5679,75.8,49.3269,3.1925,-46.1344,-32.2915,-13.8414
2026-05-22,South,Gewerbekunde,DISCHARGE,3300,211.8,10652.4,28.6999,1682.9832,1654.2833,1158.0099,496.2872
2026-05-22,South,Gewerbekunde,SELF_CONSUME,1950,955.2,2810.2,101.8943,344.0307,242.1364,169.4918,72.6411
2026-05-22,South,Kleingewerbe,CHARGE,5512,16174.4,245.4,136.356,10.4779,-125.8781,-88.1076,-37.7645
2026-05-22,South,Kleingewerbe,DISCHARGE,9328,575.3,29318.4,78.1431,4623.7688,4545.6257,3181.9646,1363.7004
2026-05-22,South,Kleingewerbe,SELF_CONSUME,5512,2531.5,7784.6,270.4765,950.8982,680.4217,476.2852,204.1321
2026-05-22,South,Privatkunde,CHARGE,21710,63956.1,838.2,546.3956,36.1704,-510.2252,-357.1495,-153.0686
2026-05-22,South,Privatkunde,DISCHARGE,36740,2459.9,115173.1,334.2961,18177.7055,17843.4094,12490.4942,5353.059
2026-05-22,South,Privatkunde,SELF_CONSUME,21710,10468,30570.7,1116.1385,3745.8962,2629.7577,1840.7973,788.9346
2026-05-22,West,Gewerbekunde,CHARGE,2054,5943.1,81.6,51.4394,3.4924,-47.947,-33.5606,-14.3831
2026-05-22,West,Gewerbekunde,DISCHARGE,3476,230.5,10831,31.2773,1707.7951,1676.5178,1173.5736,502.9574
2026-05-22,West,Gewerbekunde,SELF_CONSUME,2054,988,2911.8,105.6452,356.5641,250.9189,175.6392,75.2765
2026-05-22,West,Kleingewerbe,CHARGE,5564,16222.7,207.4,139.8884,9.0146,-130.8738,-91.6083,-39.263
2026-05-22,West,Kleingewerbe,DISCHARGE,9416,653.1,29729.2,88.6072,4698.534,4609.9268,3226.975,1382.9891
2026-05-22,West,Kleingewerbe,SELF_CONSUME,5564,2742.6,7921.4,294.6533,969.4728,674.8195,472.3673,202.4484
2026-05-22,West,Privatkunde,CHARGE,23530,69223.4,928.9,592.2854,40.2744,-552.011,-386.3895,-165.6015
2026-05-22,West,Privatkunde,DISCHARGE,39820,2686.5,125239.4,364.7387,19794.3753,19429.6366,13600.876,5828.9207
2026-05-22,West,Privatkunde,SELF_CONSUME,23530,11317.3,33185.7,1205.2683,4062.9049,2857.6366,2000.3076,857.3021
2026-05-23,East,Gewerbekunde,CHARGE,572,1794.8,16.7,23.4179,1.0302,-22.3877,-15.6713,-6.7175
2026-05-23,East,Gewerbekunde,DISCHARGE,1320,94.1,4103,12.9116,635.7966,622.885,436.0206,186.8697
2026-05-23,East,Gewerbekunde,MAX_CHARGE,1144,4857.6,0,-52.5673,0,52.5673,36.7944,15.7665
2026-05-23,East,Gewerbekunde,SELF_CONSUME,1188,820.3,699.1,94.8316,85.0811,-9.7505,-6.8232,-2.9235
2026-05-23,East,Kleingewerbe,CHARGE,1963,6233.7,53,84.1282,3.27,-80.8582,-56.5998,-24.2602
2026-05-23,East,Kleingewerbe,DISCHARGE,4530,345.7,14012.8,47.5384,2177.7916,2130.2532,1491.1818,639.0921
2026-05-23,East,Kleingewerbe,MAX_CHARGE,3926,16612.2,0,-181.5977,0,181.5977,127.1038,54.464
2026-05-23,East,Kleingewerbe,SELF_CONSUME,4077,3048.4,2211.8,351.9685,269.322,-82.6465,-57.8496,-24.7887
2026-05-23,East,Privatkunde,CHARGE,7969,25618.8,202.1,341.2942,12.4688,-328.8254,-230.1777,-98.6556
2026-05-23,East,Privatkunde,DISCHARGE,18390,1468.2,56427.3,201.8929,8758.0997,8556.2068,5989.3648,2566.9272
2026-05-23,East,Privatkunde,MAX_CHARGE,15938,67759.4,0,-741.8915,0,741.8915,519.2735,222.4948
2026-05-23,East,Privatkunde,SELF_CONSUME,16551,12178.4,9124.2,1402.6941,1112.4757,-290.2184,-203.1459,-87.0541
2026-05-23,North,Gewerbekunde,CHARGE,871,2756,23.9,36.9921,1.4746,-35.5175,-24.8615,-10.6564
2026-05-23,North,Gewerbekunde,DISCHARGE,2010,162.9,6226.4,22.4704,967.4518,944.9814,661.4896,283.5023
2026-05-23,North,Gewerbekunde,MAX_CHARGE,1742,7346.2,0,-80.387,0,80.387,56.2654,24.1079
2026-05-23,North,Gewerbekunde,SELF_CONSUME,1809,1363.3,982.9,156.8607,119.7655,-37.0952,-25.9673,-11.127
2026-05-23,North,Kleingewerbe,CHARGE,2093,6674.4,59.7,89.8061,3.6833,-86.1228,-60.2842,-25.8398
2026-05-23,North,Kleingewerbe,DISCHARGE,4830,378.4,14936.2,51.9824,2316.8471,2264.8647,1585.4142,679.4775
2026-05-23,North,Kleingewerbe,MAX_CHARGE,4186,17899.8,0,-195.8199,0,195.8199,137.0629,58.7282
2026-05-23,North,Kleingewerbe,SELF_CONSUME,4347,3228.2,2356.1,371.9551,287.2322,-84.7229,-59.3058,-25.4154
2026-05-23,North,Privatkunde,CHARGE,8918,28513.6,254.2,381.6187,15.6843,-365.9344,-256.1543,-109.7875
2026-05-23,North,Privatkunde,DISCHARGE,20580,1565.4,63197.5,215.8187,9811.1676,9595.3489,6716.7751,2878.6782
2026-05-23,North,Privatkunde,MAX_CHARGE,17836,75718.6,0,-828.3149,0,828.3149,579.7693,248.4164
2026-05-23,North,Privatkunde,SELF_CONSUME,18522,13456.4,9998.7,1549.9584,1218.7233,-331.2351,-231.858,-99.3613
2026-05-23,South,Gewerbekunde,CHARGE,975,3125.3,21,41.1455,1.2958,-39.8497,-27.8953,-11.9561
2026-05-23,South,Gewerbekunde,DISCHARGE,2250,178.5,6895,24.6054,1070.0173,1045.4119,731.7893,313.6304
2026-05-23,South,Gewerbekunde,MAX_CHARGE,1950,8294.4,0,-90.3374,0,90.3374,63.2299,27.0916
2026-05-23,South,Gewerbekunde,SELF_CONSUME,2025,1463,1102.8,168.5017,134.6307,-33.871,-23.7076,-10.1612
2026-05-23,South,Kleingewerbe,CHARGE,2756,8724.7,67.2,117.6966,4.1466,-113.55,-79.4866,-34.0687
2026-05-23,South,Kleingewerbe,DISCHARGE,6360,478.9,19465.9,65.8367,3021.5523,2955.7156,2069.0065,886.7366
2026-05-23,South,Kleingewerbe,MAX_CHARGE,5512,23432.2,0,-256.5447,0,256.5447,179.5755,76.94
2026-05-23,South,Kleingewerbe,SELF_CONSUME,5724,4269.4,3120.9,492.3107,381.0281,-111.2826,-77.8932,-33.3799
2026-05-23,South,Privatkunde,CHARGE,10855,34712.6,252.9,469.3455,15.6042,-453.7413,-317.6121,-136.1393
2026-05-23,South,Privatkunde,DISCHARGE,25050,2006.4,76637.4,275.9805,11896.0324,11620.0519,8134.0628,3486.1078
2026-05-23,South,Privatkunde,MAX_CHARGE,21710,92212,0,-1010.6488,0,1010.6488,707.3873,303.1032
2026-05-23,South,Privatkunde,SELF_CONSUME,22545,16634.6,12354.1,1916.1205,1508.1301,-407.9904,-285.5862,-122.3838
2026-05-23,West,Gewerbekunde,CHARGE,1027,3276,30.5,44.6081,1.8818,-42.7263,-29.9095,-12.8176
2026-05-23,West,Gewerbekunde,DISCHARGE,2370,192.9,7221.1,26.6579,1120.0852,1093.4273,765.4005,328.0374
2026-05-23,West,Gewerbekunde,MAX_CHARGE,2054,8657.8,0,-94.1225,0,94.1225,65.8795,28.2278
2026-05-23,West,Gewerbekunde,SELF_CONSUME,2133,1695.3,1145.2,196.2302,139.5595,-56.6707,-39.6705,-16.9989
2026-05-23,West,Kleingewerbe,CHARGE,2782,8984.9,73.6,119.9546,4.5411,-115.4135,-80.7882,-34.6294
2026-05-23,West,Kleingewerbe,DISCHARGE,6420,541.7,19829.2,74.7575,3078.959,3004.2015,2102.9492,901.2853
2026-05-23,West,Kleingewerbe,MAX_CHARGE,5564,23810.6,0,-261.0411,0,261.0411,182.7071,78.2844
2026-05-23,West,Kleingewerbe,SELF_CONSUME,5778,4395.6,3132,505.9805,382.3102,-123.6703,-86.5701,-37.1006
2026-05-23,West,Privatkunde,CHARGE,11765,37687.5,321,507.2495,19.8054,-487.4441,-341.211,-146.245
2026-05-23,West,Privatkunde,DISCHARGE,27150,2097.6,83643.3,288.7946,12976.8338,12688.0392,8881.6583,3806.5158
2026-05-23,West,Privatkunde,MAX_CHARGE,23530,99993.2,0,-1095.6312,0,1095.6312,766.8768,328.5934
2026-05-23,West,Privatkunde,SELF_CONSUME,24435,17893.3,13410.5,2061.777,1633.7197,-428.0573,-299.6285,-128.4039
2026-05-24,East,Gewerbekunde,CHARGE,484,1443.9,37.5,19.6065,1.2923,-18.3142,-12.8196,-5.4948
2026-05-24,East,Gewerbekunde,DISCHARGE,1012,50.6,3372.3,6.9175,487.3289,480.4114,336.2852,144.1281
2026-05-24,East,Gewerbekunde,MAX_CHARGE,1364,5767.6,0,-163.7953,0,163.7953,114.6537,49.1354
2026-05-24,East,Gewerbekunde,SELF_CONSUME,1364,646.3,1423.8,75.4706,177.4686,101.998,71.4011,30.5991
2026-05-24,East,Kleingewerbe,CHARGE,1661,4861.5,98.6,66.1765,3.5162,-62.6603,-43.862,-18.798
2026-05-24,East,Kleingewerbe,DISCHARGE,3473,193.7,11081.7,26.4706,1600.2915,1573.8209,1101.6696,472.1602
2026-05-24,East,Kleingewerbe,MAX_CHARGE,4681,19804,0,-560.6783,0,560.6783,392.4671,168.1853
2026-05-24,East,Kleingewerbe,SELF_CONSUME,4681,2289.2,4926.9,267.4512,614.0315,346.5803,242.6099,103.9796
2026-05-24,East,Privatkunde,CHARGE,6743,19929.9,448.7,270.9088,16.0696,-254.8392,-178.3836,-76.4515
2026-05-24,East,Privatkunde,DISCHARGE,14099,675.2,45390.5,92.1556,6567.1793,6475.0237,4532.501,1942.5542
2026-05-24,East,Privatkunde,MAX_CHARGE,19003,80123.4,0,-2254.5048,0,2254.5048,1578.1359,676.2748
2026-05-24,East,Privatkunde,SELF_CONSUME,19003,8603.5,19746.4,1005.0092,2456.9003,1451.8911,1016.331,435.5844
2026-05-24,North,Gewerbekunde,CHARGE,737,2183,40.5,29.8447,1.3528,-28.4919,-19.9436,-8.548
2026-05-24,North,Gewerbekunde,DISCHARGE,1541,74.5,5024.5,10.1725,726.5723,716.3998,501.478,214.9267
2026-05-24,North,Gewerbekunde,MAX_CHARGE,2077,8816.8,0,-247.3537,0,247.3537,173.1442,74.2001
2026-05-24,North,Gewerbekunde,SELF_CONSUME,2077,828.9,2250.2,96.1895,280.0101,183.8206,128.6743,55.146
2026-05-24,North,Kleingewerbe,CHARGE,1771,5158.7,101.1,70.0195,3.5449,-66.4746,-46.5284,-19.9428
2026-05-24,North,Kleingewerbe,DISCHARGE,3703,199.7,12059.7,27.4343,1741.7987,1714.3644,1200.0519,514.3209
2026-05-24,North,Kleingewerbe,MAX_CHARGE,4991,20953,0,-589.5305,0,589.5305,412.6633,176.8416
2026-05-24,North,Kleingewerbe,SELF_CONSUME,4991,2199,5297.2,256.7677,660.1767,403.409,282.3887,121.0266
2026-05-24,North,Privatkunde,CHARGE,7546,22153.2,460.3,301.141,16.3415,-284.7995,-199.3544,-85.4376
2026-05-24,North,Privatkunde,DISCHARGE,15778,787.2,51017,107.6667,7373.916,7266.2493,5086.3551,2179.9313
2026-05-24,North,Privatkunde,MAX_CHARGE,21266,89648.8,0,-2529.8379,0,2529.8379,1770.866,758.8687
2026-05-24,North,Privatkunde,SELF_CONSUME,21266,9348.8,22652.3,1087.9722,2820.7607,1732.7885,1212.9537,519.8547
2026-05-24,South,Gewerbekunde,CHARGE,825,2439.3,49,33.1691,1.9043,-31.2648,-21.8844,-9.3802
2026-05-24,South,Gewerbekunde,DISCHARGE,1725,96.9,5612.5,13.2764,811.9335,798.6571,559.0575,239.6027
2026-05-24,South,Gewerbekunde,MAX_CHARGE,2325,9736.2,0,-274.8241,0,274.8241,192.3742,82.44
2026-05-24,South,Gewerbekunde,SELF_CONSUME,2325,1081.6,2411.7,126.3223,299.9567,173.6344,121.5426,52.0892
2026-05-24,South,Kleingewerbe,CHARGE,2332,6967.7,136.6,94.9186,5.0028,-89.9158,-62.9372,-26.9768
2026-05-24,South,Kleingewerbe,DISCHARGE,4876,250,15651.2,34.1693,2260.3052,2226.1359,1558.2908,667.8582
2026-05-24,South,Kleingewerbe,MAX_CHARGE,6572,27637,0,-781.2238,0,781.2238,546.8445,234.344
2026-05-24,South,Kleingewerbe,SELF_CONSUME,6572,3081.3,6914.6,360.4995,860.9348,500.4353,350.3121,150.1324
2026-05-24,South,Privatkunde,CHARGE,9185,27058.9,577,367.7278,20.5001,-347.2277,-243.0501,-104.1666
2026-05-24,South,Privatkunde,DISCHARGE,19205,1006.8,61603.2,137.6688,8908.0642,8770.3954,6139.2502,2631.1889
2026-05-24,South,Privatkunde,MAX_CHARGE,25885,109230.6,0,-3083.0848,0,3083.0848,2158.1209,924.8262
2026-05-24,South,Privatkunde,SELF_CONSUME,25885,11796.1,27061.4,1375.9457,3369.184,1993.2383,1395.2843,597.9907
2026-05-24,West,Gewerbekunde,CHARGE,869,2611.6,54.8,35.6115,1.8889,-33.7226,-23.6057,-10.1161
2026-05-24,West,Gewerbekunde,DISCHARGE,1817,81.2,5840.5,11.1286,844.2946,833.166,583.2135,249.9571
2026-05-24,West,Gewerbekunde,MAX_CHARGE,2449,10310.4,0,-287.8268,0,287.8268,201.4758,86.3384
2026-05-24,West,Gewerbekunde,SELF_CONSUME,2449,1081.6,2599.5,126.5551,323.42,196.8649,137.8068,59.0632
2026-05-24,West,Kleingewerbe,CHARGE,2354,6965.1,148.2,94.6738,5.2771,-89.3967,-62.5761,-26.8197
2026-05-24,West,Kleingewerbe,DISCHARGE,4922,231,16183.4,31.6933,2338.8645,2307.1712,1615.0163,692.1681
2026-05-24,West,Kleingewerbe,MAX_CHARGE,6634,27884.2,0,-785.7219,0,785.7219,549.9988,235.6905
2026-05-24,West,Kleingewerbe,SELF_CONSUME,6634,2987.7,7040.8,348.6297,875.9681,527.3384,369.1412,158.2097
2026-05-24,West,Privatkunde,CHARGE,9955,29378.1,594.1,400.8804,21.1966,-379.6838,-265.7721,-113.9036
2026-05-24,West,Privatkunde,DISCHARGE,20815,1099.4,67282.2,150.6311,9724.9563,9574.3252,6702.0028,2872.3725
2026-05-24,West,Privatkunde,MAX_CHARGE,28055,118233.1,0,-3346.5573,0,3346.5573,2342.5624,1003.8644
2026-05-24,West,Privatkunde,SELF_CONSUME,28055,12970.2,29591.7,1512.9271,3685.3754,2172.4483,1520.7278,651.7627
2026-05-25,East,Gewerbekunde,CHARGE,440,1226.7,29.8,7.0978,1.0771,-6.0207,-4.2141,-1.8037
2026-05-25,East,Gewerbekunde,DISCHARGE,1452,233.5,3806.7,32.3971,587.5979,555.2008,388.637,166.5656
2026-05-25,East,Gewerbekunde,MAX_CHARGE,1188,5042.4,0,-65.5721,0,65.5721,45.9008,19.6716
2026-05-25,East,Gewerbekunde,SELF_CONSUME,1144,683.8,935.9,79.3546,116.5745,37.2199,26.055,11.1633
2026-05-25,East,Kleingewerbe,CHARGE,1510,4299.9,77.8,26.2674,2.8134,-23.454,-16.4166,-7.0299
2026-05-25,East,Kleingewerbe,DISCHARGE,4983,818.1,13246,113.1381,2049.5019,1936.3638,1355.4463,580.9221
2026-05-25,East,Kleingewerbe,MAX_CHARGE,4077,17255.2,0,-224.006,0,224.006,156.8073,67.2016
2026-05-25,East,Kleingewerbe,SELF_CONSUME,3926,2396.4,3207.8,279.2623,399.8917,120.6294,84.4452,36.182
2026-05-25,East,Privatkunde,CHARGE,6130,17355,424,103.1317,15.3305,-87.8012,-61.4504,-26.3166
2026-05-25,East,Privatkunde,DISCHARGE,20229,3335.7,53014.6,462.2949,8207.2838,7744.9889,5421.457,2323.5616
2026-05-25,East,Privatkunde,MAX_CHARGE,16551,70353.6,0,-913.1459,0,913.1459,639.216,273.9463
2026-05-25,East,Privatkunde,SELF_CONSUME,15938,9593.7,12597.8,1116.2426,1567.5307,451.2881,315.9125,135.3673
2026-05-25,North,Gewerbekunde,CHARGE,670,1838.8,49.2,10.7385,1.7789,-8.9596,-6.2707,-2.6855
2026-05-25,North,Gewerbekunde,DISCHARGE,2211,315.4,5814.7,43.4208,900.4359,857.0151,599.9061,257.1123
2026-05-25,North,Gewerbekunde,MAX_CHARGE,1809,7675,0,-100.0935,0,100.0935,70.0691,30.0302
2026-05-25,North,Gewerbekunde,SELF_CONSUME,1742,942.4,1436.1,110.1013,177.8334,67.7321,47.4117,20.319
2026-05-25,North,Kleingewerbe,CHARGE,1610,4550,117.4,26.8334,4.2442,-22.5892,-15.8089,-6.7691
2026-05-25,North,Kleingewerbe,DISCHARGE,5313,893.6,14010.9,123.6359,2171.845,2048.2091,1433.7353,614.4778
2026-05-25,North,Kleingewerbe,MAX_CHARGE,4347,18531.1,0,-239.8434,0,239.8434,167.8934,71.9524
2026-05-25,North,Kleingewerbe,SELF_CONSUME,4186,2559.7,3324.5,297.8844,413.6136,115.7292,81.0139,34.7161
2026-05-25,North,Privatkunde,CHARGE,6860,19464.3,476.4,116.839,17.2238,-99.6152,-69.7257,-29.8575
2026-05-25,North,Privatkunde,DISCHARGE,22638,3558.4,59786.2,492.851,9262.1494,8769.2984,6138.468,2630.8642
2026-05-25,North,Privatkunde,MAX_CHARGE,18522,78738,0,-1022.1532,0,1022.1532,715.5138,306.6434
2026-05-25,North,Privatkunde,SELF_CONSUME,17836,10506.1,14452.6,1221.7474,1798.4191,576.6717,403.6913,172.9751
2026-05-25,South,Gewerbekunde,CHARGE,750,2079.6,62.6,11.5921,2.2629,-9.3292,-6.5289,-2.796
2026-05-25,South,Gewerbekunde,DISCHARGE,2475,357.4,6565.9,49.5643,1014.1302,964.5659,675.1922,289.3787
2026-05-25,South,Gewerbekunde,MAX_CHARGE,2025,8632.7,0,-112.2967,0,112.2967,78.6092,33.6911
2026-05-25,South,Gewerbekunde,SELF_CONSUME,1950,1122.7,1637.1,130.9454,203.2646,72.3192,50.6264,21.6929
2026-05-25,South,Kleingewerbe,CHARGE,2120,5985.7,137,35.0903,4.9526,-30.1377,-21.0955,-9.0331
2026-05-25,South,Kleingewerbe,DISCHARGE,6996,1113.6,18451.1,154.6418,2854.9079,2700.2661,1890.1753,810.1008
2026-05-25,South,Kleingewerbe,MAX_CHARGE,5724,24383,0,-315.79,0,315.79,221.0569,94.7384
2026-05-25,South,Kleingewerbe,SELF_CONSUME,5512,3257.3,4512.7,378.297,561.4477,183.1507,128.2102,54.9378
2026-05-25,South,Privatkunde,CHARGE,8350,23601.7,577.6,139.2799,20.8831,-118.3968,-82.8673,-35.4865
2026-05-25,South,Privatkunde,DISCHARGE,27555,4351.5,72278.9,602.8599,11183.8608,10581.0009,7406.6502,3174.3822
2026-05-25,South,Privatkunde,MAX_CHARGE,22545,95547,0,-1240.5813,0,1240.5813,868.4239,372.1806
2026-05-25,South,Privatkunde,SELF_CONSUME,21710,12968.2,17675.5,1509.7798,2199.697,689.9172,482.9702,206.9409
2026-05-25,West,Gewerbekunde,CHARGE,790,2221.1,51,13.7242,1.8441,-11.8801,-8.3153,-3.5602
2026-05-25,West,Gewerbekunde,DISCHARGE,2607,448.5,6838.4,62.2088,1059.1018,996.893,697.82,299.0763
2026-05-25,West,Gewerbekunde,MAX_CHARGE,2133,9037.5,0,-117.4306,0,117.4306,82.2031,35.229
2026-05-25,West,Gewerbekunde,SELF_CONSUME,2054,1288.5,1620.2,149.5688,202.2666,52.6978,36.8935,15.8061
2026-05-25,West,Kleingewerbe,CHARGE,2140,6011.6,157,34.5159,5.6758,-28.8401,-20.1865,-8.6433
2026-05-25,West,Kleingewerbe,DISCHARGE,7062,1073,18760.8,148.623,2903.2418,2754.6188,1928.2205,826.4168
2026-05-25,West,Kleingewerbe,MAX_CHARGE,5778,24452.5,0,-318.3023,0,318.3023,222.8155,95.4957
2026-05-25,West,Kleingewerbe,SELF_CONSUME,5564,3286.5,4647.8,382.7146,578.2786,195.564,136.9017,58.6631
2026-05-25,West,Privatkunde,CHARGE,9050,25682.9,562,152.2901,20.319,-131.9711,-92.3703,-39.5557
2026-05-25,West,Privatkunde,DISCHARGE,29865,4824.4,78498.1,668.0443,12164.8045,11496.7602,8047.6713,3449.1308
2026-05-25,West,Privatkunde,MAX_CHARGE,24435,103903.5,0,-1347.1195,0,1347.1195,942.9975,404.1374
2026-05-25,West,Privatkunde,SELF_CONSUME,23530,13933.6,18893.9,1620.2359,2351.0967,730.8608,511.6297,219.2206
2026-05-26,East,Gewerbekunde,CHARGE,484,1467.7,22.4,12.0034,0.2639,-11.7395,-8.2192,-3.5217
2026-05-26,East,Gewerbekunde,DISCHARGE,1540,195.6,4121.4,27.1725,700.2766,673.1041,471.1771,201.9339
2026-05-26,East,Gewerbekunde,MAX_CHARGE,836,3460.3,0,-3.8949,0,3.8949,2.7257,1.1669
2026-05-26,East,Gewerbekunde,SELF_CONSUME,1364,699.2,1126.6,80.6805,133.014,52.3335,36.634,15.7012
2026-05-26,East,Kleingewerbe,CHARGE,1661,4999.9,116.6,40.1725,1.4668,-38.7057,-27.0996,-11.6123
2026-05-26,East,Kleingewerbe,DISCHARGE,5285,674.8,14571.2,94.5652,2463.9082,2369.343,1658.5559,710.8168
2026-05-26,East,Kleingewerbe,MAX_CHARGE,2869,11866.8,0,-13.2569,0,13.2569,9.2788,3.9698
2026-05-26,East,Kleingewerbe,SELF_CONSUME,4681,2286.1,3953,265.5776,464.1822,198.6046,139.028,59.5839
2026-05-26,East,Privatkunde,CHARGE,6743,20259.5,393.7,163.1794,4.8318,-158.3476,-110.8592,-47.5016
2026-05-26,East,Privatkunde,DISCHARGE,21455,2829.4,59485.7,394.5724,10072.4428,9677.8704,6774.5729,2903.4144
2026-05-26,East,Privatkunde,MAX_CHARGE,11647,48145.6,0,-53.9614,0,53.9614,37.7717,16.163
2026-05-26,East,Privatkunde,SELF_CONSUME,19003,9317.1,15969.4,1082.0171,1880.8309,798.8138,559.1791,239.6647
2026-05-26,North,Gewerbekunde,CHARGE,737,2244.4,51.3,18.273,0.6324,-17.6406,-12.3507,-5.2917
2026-05-26,North,Gewerbekunde,DISCHARGE,2345,307.4,6710,43.0896,1135.885,1092.7954,764.9643,327.8452
2026-05-26,North,Gewerbekunde,MAX_CHARGE,1273,5242.8,0,-5.8515,0,5.8515,4.0953,1.7532
2026-05-26,North,Gewerbekunde,SELF_CONSUME,2077,1053.8,1719.1,122.6115,202.4454,79.8339,55.8848,23.953
2026-05-26,North,Kleingewerbe,CHARGE,1771,5446.7,103.4,44.6095,1.2544,-43.3551,-30.3525,-13.0048
2026-05-26,North,Kleingewerbe,DISCHARGE,5635,703.7,15727,98.619,2662.4896,2563.8706,1794.7265,769.1732
2026-05-26,North,Kleingewerbe,MAX_CHARGE,3059,12746.8,0,-14.2421,0,14.2421,9.9668,4.2647
2026-05-26,North,Kleingewerbe,SELF_CONSUME,4991,2378.8,4283.6,275.3513,505.6818,230.3305,161.2306,69.0996
2026-05-26,North,Privatkunde,CHARGE,7546,22911.9,454.9,184.2214,5.519,-178.7024,-125.1103,-53.61
2026-05-26,North,Privatkunde,DISCHARGE,24010,3217.2,66723.3,449.3878,11273.7353,10824.3475,7577.1197,3247.3569
2026-05-26,North,Privatkunde,MAX_CHARGE,13034,53968.3,0,-60.3388,0,60.3388,42.2324,18.0706
2026-05-26,North,Privatkunde,SELF_CONSUME,21266,10477,17991,1213.0491,2119.1426,906.0935,634.2756,271.8521
2026-05-26,South,Gewerbekunde,CHARGE,825,2462.3,56.1,19.7582,0.6677,-19.0905,-13.3663,-5.7274
2026-05-26,South,Gewerbekunde,DISCHARGE,2625,365.5,7216.9,50.9412,1225.4391,1174.4979,822.1561,352.3581
2026-05-26,South,Gewerbekunde,MAX_CHARGE,1425,5883.2,0,-6.5703,0,6.5703,4.599,1.9669
2026-05-26,South,Gewerbekunde,SELF_CONSUME,2325,1158.6,1972.6,134.539,232.0036,97.4646,68.2252,29.241
2026-05-26,South,Kleingewerbe,CHARGE,2332,7073.6,139.1,56.8936,1.6701,-55.2235,-38.6629,-16.5675
2026-05-26,South,Kleingewerbe,DISCHARGE,7420,993.9,20542.1,138.661,3470.0987,3331.4377,2332.0241,999.4511
2026-05-26,South,Kleingewerbe,MAX_CHARGE,4028,16663.7,0,-18.5936,0,18.5936,13.0148,5.5669
2026-05-26,South,Kleingewerbe,SELF_CONSUME,6572,3183.2,5566,368.5913,654.9165,286.3252,200.4338,85.9014
2026-05-26,South,Privatkunde,CHARGE,9185,28059.6,537.4,226.9438,6.5526,-220.3912,-154.2979,-66.1147
2026-05-26,South,Privatkunde,DISCHARGE,29225,3885.3,80864.5,542.2327,13692.7618,13150.5291,9205.4556,3945.2361
2026-05-26,South,Privatkunde,MAX_CHARGE,15865,65779.2,0,-73.4577,0,73.4577,51.4217,21.9957
2026-05-26,South,Privatkunde,SELF_CONSUME,25885,12704.7,21876.5,1472.0187,2576.1151,1104.0964,772.8859,331.2537
2026-05-26,West,Gewerbekunde,CHARGE,869,2629.8,46.1,21.1734,0.5646,-20.6088,-14.4282,-6.1828
2026-05-26,West,Gewerbekunde,DISCHARGE,2765,388.6,7638.9,54.1201,1290.5467,1236.4266,865.5063,370.9357
2026-05-26,West,Gewerbekunde,MAX_CHARGE,1501,6201.7,0,-6.9276,0,6.9276,4.8502,2.0743
2026-05-26,West,Gewerbekunde,SELF_CONSUME,2449,1252.3,2052.2,145.1897,241.7062,96.5165,67.5624,28.9572
2026-05-26,West,Kleingewerbe,CHARGE,2354,7143.5,139.9,57.8677,1.7307,-56.137,-39.3017,-16.8412
2026-05-26,West,Kleingewerbe,DISCHARGE,7490,998.3,20584,139.1578,3482.5924,3343.4346,2340.4249,1003.0536
2026-05-26,West,Kleingewerbe,MAX_CHARGE,4066,16774,0,-18.6681,0,18.6681,13.0667,5.5909
2026-05-26,West,Kleingewerbe,SELF_CONSUME,6634,3177.4,5553.7,368.3925,654.2204,285.8279,200.0832,85.7536
2026-05-26,West,Privatkunde,CHARGE,9955,30028.8,589.4,241.8454,7.202,-234.6434,-164.2709,-70.3918
2026-05-26,West,Privatkunde,DISCHARGE,31675,4208,88377.5,586.6704,14929.2119,14342.5415,10039.877,4302.8504
2026-05-26,West,Privatkunde,MAX_CHARGE,17195,71183.4,0,-79.5849,0,79.5849,55.708,23.8343
2026-05-26,West,Privatkunde,SELF_CONSUME,28055,13812.6,23742.3,1601.4862,2797.7405,1196.2543,837.3879,358.8971
2026-05-27,East,Gewerbekunde,CHARGE,528,1667.8,13.5,22.284,0.5212,-21.7628,-15.2349,-6.5302
2026-05-27,East,Gewerbekunde,DISCHARGE,1188,86.4,3771.8,12.1685,550.9739,538.8054,377.1644,161.6503
2026-05-27,East,Gewerbekunde,MAX_CHARGE,1012,4230.1,0,-5.0836,0,5.0836,3.5586,1.5247
2026-05-27,East,Gewerbekunde,SELF_CONSUME,1496,871.3,1579.5,94.4292,194.5966,100.1674,70.1169,30.0493
2026-05-27,East,Kleingewerbe,CHARGE,1812,5738.5,56.4,75.5591,2.1769,-73.3822,-51.3683,-22.0181
2026-05-27,East,Kleingewerbe,DISCHARGE,4077,264.4,12819.6,37.2524,1872.0313,1834.7789,1284.3464,550.4596
2026-05-27,East,Kleingewerbe,MAX_CHARGE,3473,14640.2,0,-17.5751,0,17.5751,12.3002,5.2771
2026-05-27,East,Kleingewerbe,SELF_CONSUME,5134,3108.9,5429.6,338.9998,669.1014,330.1016,231.0671,99.0344
2026-05-27,East,Privatkunde,CHARGE,7356,23545.7,196.8,313.4495,7.5964,-305.8531,-214.0951,-91.7654
2026-05-27,East,Privatkunde,DISCHARGE,16551,1054.6,52283.1,148.4088,7636.8521,7488.4433,5241.9137,2246.64
2026-05-27,East,Privatkunde,MAX_CHARGE,14099,59405.7,0,-71.3189,0,71.3189,49.9188,21.3995
2026-05-27,East,Privatkunde,SELF_CONSUME,20842,12572.8,22246.1,1371.4347,2739.1386,1367.7039,957.3981,410.3245
2026-05-27,North,Gewerbekunde,CHARGE,804,2544,23.8,33.5392,0.9185,-32.6207,-22.8332,-9.7873
2026-05-27,North,Gewerbekunde,DISCHARGE,1809,115.7,5808.1,16.2985,847.5239,831.2254,581.859,249.379
2026-05-27,North,Gewerbekunde,MAX_CHARGE,1541,6436.4,0,-7.718,0,7.718,5.4025,2.3171
2026-05-27,North,Gewerbekunde,SELF_CONSUME,2278,1327.5,2472.9,144.4602,304.3961,159.9359,111.9553,47.9824
2026-05-27,North,Kleingewerbe,CHARGE,1932,6122.6,55.4,80.6515,2.1382,-78.5133,-54.9583,-23.5555
2026-05-27,North,Kleingewerbe,DISCHARGE,4347,303.5,13491.5,42.7963,1969.8719,1927.0756,1348.9539,578.1501
2026-05-27,North,Kleingewerbe,MAX_CHARGE,3703,15613.2,0,-18.7392,0,18.7392,13.1212,5.621
2026-05-27,North,Kleingewerbe,SELF_CONSUME,5474,3359.1,5801.5,366.549,713.0587,346.5097,242.5575,103.9559
2026-05-27,North,Privatkunde,CHARGE,8232,26314.1,208.9,347.7277,8.0639,-339.6638,-237.7648,-101.9072
2026-05-27,North,Privatkunde,DISCHARGE,18522,1172.4,58540.5,165.1018,8548.0876,8382.9858,5868.0985,2515.0133
2026-05-27,North,Privatkunde,MAX_CHARGE,15778,66530.2,0,-79.7591,0,79.7591,55.8334,23.9485
2026-05-27,North,Privatkunde,SELF_CONSUME,23324,13967.7,24972.6,1524.7001,3072.7361,1548.036,1083.6243,464.4198
2026-05-27,South,Gewerbekunde,CHARGE,900,2864.3,25.2,37.9379,0.9727,-36.9652,-25.8755,-11.0894
2026-05-27,South,Gewerbekunde,DISCHARGE,2025,113.4,6380.7,15.9716,932.3591,916.3875,641.4727,274.9282
2026-05-27,South,Gewerbekunde,MAX_CHARGE,1725,7279.8,0,-8.7384,0,8.7384,6.1191,2.6229
2026-05-27,South,Gewerbekunde,SELF_CONSUME,2550,1517.7,2654.1,165.5379,326.4322,160.8943,112.6256,48.2707
2026-05-27,South,Kleingewerbe,CHARGE,2544,8167.7,80.4,107.8983,3.1034,-104.7949,-73.3589,-31.4423
2026-05-27,South,Kleingewerbe,DISCHARGE,5724,379.2,18053,53.3087,2637.5622,2584.2535,1808.9824,775.3109
2026-05-27,South,Kleingewerbe,MAX_CHARGE,4876,20577.1,0,-24.6752,0,24.6752,17.2683,7.4056
2026-05-27,South,Kleingewerbe,SELF_CONSUME,7208,4306.4,7562.2,469.7893,931.8752,462.0859,323.459,138.6313
2026-05-27,South,Privatkunde,CHARGE,10020,32198.6,274.8,428.5141,10.6068,-417.9073,-292.5367,-125.386
2026-05-27,South,Privatkunde,DISCHARGE,22545,1478.7,70688.7,208.0883,10323.3422,10115.2539,7080.697,3034.7137
2026-05-27,South,Privatkunde,MAX_CHARGE,19205,80717.4,0,-96.783,0,96.783,67.7488,29.0532
2026-05-27,South,Privatkunde,SELF_CONSUME,28390,17361.7,30110.9,1895.3159,3707.5967,1812.2808,1268.612,543.699
2026-05-27,West,Gewerbekunde,CHARGE,948,3007.5,32.8,39.1471,1.2662,-37.8809,-26.517,-11.3654
2026-05-27,West,Gewerbekunde,DISCHARGE,2133,128.4,6808.4,18.0765,994.1306,976.0541,683.2376,292.8299
2026-05-27,West,Gewerbekunde,MAX_CHARGE,1817,7660.6,0,-9.1817,0,9.1817,6.4264,2.7558
2026-05-27,West,Gewerbekunde,SELF_CONSUME,2686,1618.7,2870.4,176.7861,353.1961,176.41,123.4856,52.9246
2026-05-27,West,Kleingewerbe,CHARGE,2568,8202.4,61.3,107.9091,2.3666,-105.5425,-73.8785,-31.6646
2026-05-27,West,Kleingewerbe,DISCHARGE,5778,390.1,17982.2,54.8318,2625.0307,2570.1989,1799.1443,771.0952
2026-05-27,West,Kleingewerbe,MAX_CHARGE,4922,20715.4,0,-24.7949,0,24.7949,17.3543,7.4458
2026-05-27,West,Kleingewerbe,SELF_CONSUME,7276,4406.1,7700.9,481.1599,947.9915,466.8316,326.7865,140.0549
2026-05-27,West,Privatkunde,CHARGE,10860,34718.3,268.5,461.7681,10.3645,-451.4036,-315.9752,-135.4317
2026-05-27,West,Privatkunde,DISCHARGE,24435,1620.3,76870.4,228.1282,11223.4136,10995.2854,7696.7063,3298.7423
2026-05-27,West,Privatkunde,MAX_CHARGE,20815,87471.6,0,-104.9573,0,104.9573,73.469,31.5055
2026-05-27,West,Privatkunde,SELF_CONSUME,30770,18603.8,32623.9,2029.0242,4017.9685,1988.9443,1392.2637,596.7072
2026-05-28,East,Gewerbekunde,CHARGE,1012,3147.8,28.1,24.3269,1.6704,-22.6565,-15.8567,-6.7959
2026-05-28,East,Gewerbekunde,DISCHARGE,1892,123.3,5860.9,16.7215,1231.6376,1214.9161,850.4421,364.4832
2026-05-28,East,Gewerbekunde,MAX_CHARGE,264,999.3,0,0,0,0,0,0
2026-05-28,East,Gewerbekunde,SELF_CONSUME,1056,564.4,1159,62.7374,141.3522,78.6148,55.0274,23.586
2026-05-28,East,Kleingewerbe,CHARGE,3473,10657.4,104.9,83.8196,6.2329,-77.5867,-54.3065,-23.2761
2026-05-28,East,Kleingewerbe,DISCHARGE,6493,422.4,20293.7,57.3789,4258.3488,4200.9699,2940.6876,1260.3199
2026-05-28,East,Kleingewerbe,MAX_CHARGE,906,3427.5,0,0,0,0,0,0
2026-05-28,East,Kleingewerbe,SELF_CONSUME,3624,1945.9,4107.4,216.7431,500.2823,283.5392,198.4742,85.0691
2026-05-28,East,Privatkunde,CHARGE,14099,42955,404.9,340.4524,24.2365,-316.2159,-221.321,-94.8661
2026-05-28,East,Privatkunde,DISCHARGE,26359,1719.6,82819.9,233.1482,17493.5517,17260.4035,12082.3091,5178.2278
2026-05-28,East,Privatkunde,MAX_CHARGE,3678,13770.9,0,0,0,0,0,0
2026-05-28,East,Privatkunde,SELF_CONSUME,14712,8120.5,16182.8,905.0588,1971.3724,1066.3136,746.3956,319.9213
2026-05-28,North,Gewerbekunde,CHARGE,1541,4709.6,49.6,37.4147,2.9773,-34.4374,-24.104,-10.3305
2026-05-28,North,Gewerbekunde,DISCHARGE,2881,202.4,9021.4,27.455,1896.7186,1869.2636,1308.4889,560.7912
2026-05-28,North,Gewerbekunde,MAX_CHARGE,402,1522.8,0,0,0,0,0,0
2026-05-28,North,Gewerbekunde,SELF_CONSUME,1608,928.4,1761,103.8267,214.5036,110.6769,77.4705,33.206
2026-05-28,North,Kleingewerbe,CHARGE,3703,11346.4,102.1,90.6177,6.1924,-84.4253,-59.089,-25.328
2026-05-28,North,Kleingewerbe,DISCHARGE,6923,458.4,21770.6,62.2156,4591.2525,4529.0369,3170.3331,1358.7331
2026-05-28,North,Kleingewerbe,MAX_CHARGE,966,3669.8,0,0,0,0,0,0
2026-05-28,North,Kleingewerbe,SELF_CONSUME,3864,2105.4,4304.5,232.5386,525.2804,292.7418,204.9087,87.8291
2026-05-28,North,Privatkunde,CHARGE,15778,48263.9,490.7,380.6454,29.342,-351.3034,-245.8754,-105.3863
2026-05-28,North,Privatkunde,DISCHARGE,29498,1992.7,92301,270.1264,19455.4364,19185.31,13429.7555,5755.7065
2026-05-28,North,Privatkunde,MAX_CHARGE,4116,15458.5,0,0,0,0,0,0
2026-05-28,North,Privatkunde,SELF_CONSUME,16464,8988.9,18339.9,1001.6027,2232.8616,1231.2589,861.8561,369.4044
2026-05-28,South,Gewerbekunde,CHARGE,1725,5365.5,52.2,41.7114,3.1568,-38.5546,-26.9841,-11.5661
2026-05-28,South,Gewerbekunde,DISCHARGE,3225,223.3,10201.2,30.2666,2139.4001,2109.1335,1476.3964,632.7541
2026-05-28,South,Gewerbekunde,MAX_CHARGE,450,1677.5,0,0,0,0,0,0
2026-05-28,South,Gewerbekunde,SELF_CONSUME,1800,987.3,2014.6,110.1812,245.3859,135.2047,94.6393,40.564
2026-05-28,South,Kleingewerbe,CHARGE,4876,14915.1,152.4,116.8214,9.0802,-107.7412,-75.4105,-32.3221
2026-05-28,South,Kleingewerbe,DISCHARGE,9116,664.8,28673.1,90.1812,6045.5724,5955.3912,4168.7893,1786.6521
2026-05-28,South,Kleingewerbe,MAX_CHARGE,1272,4766.3,0,0,0,0,0,0
2026-05-28,South,Kleingewerbe,SELF_CONSUME,5088,2694.6,5746.9,298.33,699.9557,401.6257,281.1242,120.4986
2026-05-28,South,Privatkunde,CHARGE,19205,58794.1,534.6,463.1711,31.8098,-431.3613,-301.9083,-129.405
2026-05-28,South,Privatkunde,DISCHARGE,35905,2319.7,112411.4,314.425,23658.3541,23343.9291,16340.7973,7003.3156
2026-05-28,South,Privatkunde,MAX_CHARGE,5010,18814.5,0,0,0,0,0,0
2026-05-28,South,Privatkunde,SELF_CONSUME,20040,10719.3,22158.8,1191.8569,2700.834,1508.9771,1056.2411,452.7305
2026-05-28,West,Gewerbekunde,CHARGE,1817,5746.9,54.5,45.3479,3.2048,-42.1431,-29.4959,-12.6423
2026-05-28,West,Gewerbekunde,DISCHARGE,3397,234.6,10692.5,31.8148,2232.8436,2201.0288,1540.7253,660.3229
2026-05-28,West,Gewerbekunde,MAX_CHARGE,474,1794.1,0,0,0,0,0,0
2026-05-28,West,Gewerbekunde,SELF_CONSUME,1896,1138.4,2072.6,127.648,252.3337,124.6857,87.277,37.4112
2026-05-28,West,Kleingewerbe,CHARGE,4922,15046.9,147.5,119.076,8.8835,-110.1925,-77.1231,-33.0569
2026-05-28,West,Kleingewerbe,DISCHARGE,9202,648.6,28894,87.9416,6062.6782,5974.7366,4182.3269,1792.4574
2026-05-28,West,Kleingewerbe,MAX_CHARGE,1284,4795,0,0,0,0,0,0
2026-05-28,West,Kleingewerbe,SELF_CONSUME,5136,2863.5,5801.7,318.1758,707.2884,389.1126,272.3692,116.7452
2026-05-28,West,Privatkunde,CHARGE,20815,63608,577.6,506.4598,34.5201,-471.9397,-330.3143,-141.5886
2026-05-28,West,Privatkunde,DISCHARGE,38915,2748.7,121995.3,372.6415,25678.2368,25305.5953,17713.9664,7591.8361
2026-05-28,West,Privatkunde,MAX_CHARGE,5430,20353.6,0,0,0,0,0,0
2026-05-28,West,Privatkunde,SELF_CONSUME,21720,12308.5,23926.7,1371.0862,2917.1186,1546.0324,1082.1826,463.8512
2026-05-29,East,Gewerbekunde,CHARGE,748,2218.8,41.2,22.3037,1.8977,-20.406,-14.2825,-6.1221
2026-05-29,East,Gewerbekunde,DISCHARGE,1408,97.3,4335.3,13.2258,743.1199,729.8941,510.9299,218.97
2026-05-29,East,Gewerbekunde,MAX_CHARGE,484,1867,0,-0.129,0,0.129,0.0896,0.0346
2026-05-29,East,Gewerbekunde,SELF_CONSUME,1584,1086.1,1111.9,120.2724,134.6944,14.422,10.0965,4.328
2026-05-29,East,Kleingewerbe,CHARGE,2567,7733.8,94.2,78.4316,4.3387,-74.0929,-51.8564,-22.2303
2026-05-29,East,Kleingewerbe,DISCHARGE,4832,365.4,14836,49.6512,2544.5879,2494.9367,1746.4718,748.488
2026-05-29,East,Kleingewerbe,MAX_CHARGE,1661,6465,0,-0.4468,0,0.4468,0.3098,0.1196
2026-05-29,East,Kleingewerbe,SELF_CONSUME,5436,3591.8,3718.2,391.6956,453.3589,61.6633,43.1626,18.5037
2026-05-29,East,Privatkunde,CHARGE,10421,30970,363.4,313.6923,16.7392,-296.9531,-207.8434,-89.0987
2026-05-29,East,Privatkunde,DISCHARGE,19616,1399.6,61029.2,190.2845,10462.4374,10272.1529,7190.5677,3081.6779
2026-05-29,East,Privatkunde,MAX_CHARGE,6743,26188.2,0,-1.8057,0,1.8057,1.259,0.4869
2026-05-29,East,Privatkunde,SELF_CONSUME,22068,14441.8,14901.4,1581.2392,1814.2011,232.9619,163.0615,69.9034
2026-05-29,North,Gewerbekunde,CHARGE,1139,3449,36.2,34.8931,1.6675,-33.2256,-23.2563,-9.9694
2026-05-29,North,Gewerbekunde,DISCHARGE,2144,174.8,6643.9,23.7372,1144.5228,1120.7856,784.5552,336.2401
2026-05-29,North,Gewerbekunde,MAX_CHARGE,737,2881.8,0,-0.198,0,0.198,0.1383,0.0527
2026-05-29,North,Gewerbekunde,SELF_CONSUME,2412,1606,1572.3,175.4438,191.5631,16.1193,11.2801,4.8367
2026-05-29,North,Kleingewerbe,CHARGE,2737,8219,111,82.25,5.1131,-77.1369,-53.9901,-23.1434
2026-05-29,North,Kleingewerbe,DISCHARGE,5152,375.3,15936.3,51.0754,2735.6689,2684.5935,1879.2348,805.3832
2026-05-29,North,Kleingewerbe,MAX_CHARGE,1771,6913.8,0,-0.4759,0,0.4759,0.3314,0.1285
2026-05-29,North,Kleingewerbe,SELF_CONSUME,5796,3847.5,3875.1,420.9551,471.7626,50.8075,35.5625,15.2434
2026-05-29,North,Privatkunde,CHARGE,11662,35095.6,518.2,352.3053,23.8673,-328.438,-229.8778,-98.5469
2026-05-29,North,Privatkunde,DISCHARGE,21952,1639.8,68390.2,222.9522,11737.1243,11514.1721,8059.9902,3454.2851
2026-05-29,North,Privatkunde,MAX_CHARGE,7546,29363.8,0,-2.0304,0,2.0304,1.4111,0.545
2026-05-29,North,Privatkunde,SELF_CONSUME,24696,16367.6,16364,1797.059,1991.0313,193.9723,135.7761,58.2012
2026-05-29,South,Gewerbekunde,CHARGE,1275,3797,54,37.5421,2.4871,-35.055,-24.5369,-10.518
2026-05-29,South,Gewerbekunde,DISCHARGE,2400,168,7209.6,22.828,1238.4795,1215.6515,850.9647,364.696
2026-05-29,South,Gewerbekunde,MAX_CHARGE,825,3232.6,0,-0.223,0,0.223,0.154,0.0595
2026-05-29,South,Gewerbekunde,SELF_CONSUME,2700,1790.8,1764.4,198.4293,213.6315,15.2022,10.6409,4.5629
2026-05-29,South,Kleingewerbe,CHARGE,3604,10650.9,142.6,107.6421,6.5689,-101.0732,-70.738,-30.3265
2026-05-29,South,Kleingewerbe,DISCHARGE,6784,489.4,21037.6,66.5686,3605.5914,3539.0228,2477.3392,1061.7184
2026-05-29,South,Kleingewerbe,MAX_CHARGE,2332,8991.5,0,-0.622,0,0.622,0.4313,0.168
2026-05-29,South,Kleingewerbe,SELF_CONSUME,7632,5057.8,5103.8,555.4446,621.0286,65.584,45.9032,19.6766
2026-05-29,South,Privatkunde,CHARGE,14195,42805.9,532.6,433.1472,24.5328,-408.6144,-285.9966,-122.5969
2026-05-29,South,Privatkunde,DISCHARGE,26720,2001.1,82349.9,272.1015,14138.5981,13866.4966,9706.635,4159.9829
2026-05-29,South,Privatkunde,MAX_CHARGE,9185,35939.9,0,-2.4767,0,2.4767,1.7209,0.6642
2026-05-29,South,Privatkunde,SELF_CONSUME,30060,20290.7,19817.9,2227.7098,2411.6746,183.9648,128.7544,55.2143
2026-05-29,West,Gewerbekunde,CHARGE,1343,3978.9,42.4,40.1695,1.9528,-38.2167,-26.7471,-11.4657
2026-05-29,West,Gewerbekunde,DISCHARGE,2528,158.4,7963.1,21.4936,1365.2033,1343.7097,940.6029,403.1174
2026-05-29,West,Gewerbekunde,MAX_CHARGE,869,3381.9,0,-0.2352,0,0.2352,0.1639,0.0626
2026-05-29,West,Gewerbekunde,SELF_CONSUME,2844,1848.8,1965.7,204.1226,239.6255,35.5029,24.8509,10.6538
2026-05-29,West,Kleingewerbe,CHARGE,3638,10832.7,128,110.2689,5.8964,-104.3725,-73.0506,-31.313
2026-05-29,West,Kleingewerbe,DISCHARGE,6848,481.7,21179.6,65.4609,3640.4504,3574.9895,2502.5104,1072.5072
2026-05-29,West,Kleingewerbe,MAX_CHARGE,2354,9140.1,0,-0.6294,0,0.6294,0.4374,0.1701
2026-05-29,West,Kleingewerbe,SELF_CONSUME,7704,4990.7,5105.2,546.3516,620.6501,74.2985,52.0022,22.2939
2026-05-29,West,Privatkunde,CHARGE,15385,46139.7,576.6,468.1376,26.5593,-441.5783,-309.0706,-132.4831
2026-05-29,West,Privatkunde,DISCHARGE,28960,2098.3,89843.3,285.1953,15403.9816,15118.7863,10583.2495,4535.6791
2026-05-29,West,Privatkunde,MAX_CHARGE,9955,38712.9,0,-2.6651,0,2.6651,1.8546,0.7179
2026-05-29,West,Privatkunde,SELF_CONSUME,32580,21753.1,21570.1,2391.2335,2624.4955,233.262,163.2613,69.9969
2026-05-30,East,Gewerbekunde,CHARGE,748,2439.8,15.7,23.8883,0.9784,-22.9099,-16.0354,-6.8728
2026-05-30,East,Gewerbekunde,DISCHARGE,1012,26.6,3466.1,3.5272,535.3031,531.7759,372.2467,159.5372
2026-05-30,East,Gewerbekunde,MAX_CHARGE,748,3172.4,0,-1.666,0,1.666,1.167,0.4968
2026-05-30,East,Gewerbekunde,SELF_CONSUME,1716,1319.6,800.6,142.9321,96.5286,-46.4035,-32.4808,-13.9198
2026-05-30,East,Kleingewerbe,CHARGE,2567,8344.2,55.6,79.9558,3.4644,-76.4914,-53.54,-22.9436
2026-05-30,East,Kleingewerbe,DISCHARGE,3473,96.8,11536.3,12.8358,1777.1233,1764.2875,1235.0161,529.2931
2026-05-30,East,Kleingewerbe,MAX_CHARGE,2567,10955.1,0,-5.8264,0,5.8264,4.0761,1.7388
2026-05-30,East,Kleingewerbe,SELF_CONSUME,5889,4410.7,2758.9,478.6909,331.6991,-146.9918,-102.8914,-44.0974
2026-05-30,East,Privatkunde,CHARGE,10421,34222.8,206.2,325.4416,12.8474,-312.5942,-218.7956,-93.7576
2026-05-30,East,Privatkunde,DISCHARGE,14099,348.9,47466.6,46.2651,7314.8455,7268.5804,5088.0565,2180.6157
2026-05-30,East,Privatkunde,MAX_CHARGE,10421,44265.6,0,-23.4613,0,23.4613,16.4123,6.9996
2026-05-30,East,Privatkunde,SELF_CONSUME,23907,17692.7,11449.2,1912.2357,1381.4053,-530.8304,-371.5699,-159.2487
2026-05-30,North,Gewerbekunde,CHARGE,1139,3714.4,24.3,35.681,1.5141,-34.1669,-23.9148,-10.2488
2026-05-30,North,Gewerbekunde,DISCHARGE,1541,38.6,5218.4,5.1185,804.9325,799.814,559.8746,239.9491
2026-05-30,North,Gewerbekunde,MAX_CHARGE,1139,4916.3,0,-2.5972,0,2.5972,1.8169,0.7763
2026-05-30,North,Gewerbekunde,SELF_CONSUME,2613,2075.9,1155.7,225.0586,139.0586,-86,-60.1958,-25.7992
2026-05-30,North,Kleingewerbe,CHARGE,2737,8935.4,61.9,83.729,3.8571,-79.8719,-55.908,-23.9584
2026-05-30,North,Kleingewerbe,DISCHARGE,3703,93.4,12485.1,12.3848,1923.3038,1910.919,1337.6575,573.2862
2026-05-30,North,Kleingewerbe,MAX_CHARGE,2737,11647.5,0,-6.17,0,6.17,4.3145,1.8406
2026-05-30,North,Kleingewerbe,SELF_CONSUME,6279,4489.3,3025.8,484.3585,364.1367,-120.2218,-84.1527,-36.0709
2026-05-30,North,Privatkunde,CHARGE,11662,37830.1,229,363.8463,14.2689,-349.5774,-244.6887,-104.8565
2026-05-30,North,Privatkunde,DISCHARGE,15778,410.8,52993.8,54.4721,8170.4928,8116.0207,5681.2717,2434.8586
2026-05-30,North,Privatkunde,MAX_CHARGE,11662,49543.2,0,-26.2483,0,26.2483,18.3656,7.8305
2026-05-30,North,Privatkunde,SELF_CONSUME,26754,20295.9,12406.8,2198.1681,1496.6847,-701.4834,-491.0193,-210.441
2026-05-30,South,Gewerbekunde,CHARGE,1275,4188.8,22.7,40.5311,1.4145,-39.1166,-27.3816,-11.7334
2026-05-30,South,Gewerbekunde,DISCHARGE,1725,39,5809.9,5.1711,895.689,890.5179,623.3678,267.1588
2026-05-30,South,Gewerbekunde,MAX_CHARGE,1275,5415.6,0,-2.8547,0,2.8547,1.9962,0.8501
2026-05-30,South,Gewerbekunde,SELF_CONSUME,2925,2315.4,1372.6,251.0165,166.1678,-84.8487,-59.3925,-25.4535
2026-05-30,South,Kleingewerbe,CHARGE,3604,11680.2,85.5,112.2169,5.3274,-106.8895,-74.8174,-32.0611
2026-05-30,South,Kleingewerbe,DISCHARGE,4876,118.4,16771,15.6999,2585.5279,2569.828,1798.9009,770.9594
2026-05-30,South,Kleingewerbe,MAX_CHARGE,3604,15271.1,0,-8.0713,0,8.0713,5.6459,2.4066
2026-05-30,South,Kleingewerbe,SELF_CONSUME,8268,5978.7,4130.7,644.8288,497.7863,-147.0425,-102.9272,-44.1145
2026-05-30,South,Privatkunde,CHARGE,14195,46431.7,281.9,442.102,17.5638,-424.5382,-297.1577,-127.34
2026-05-30,South,Privatkunde,DISCHARGE,19205,487.8,64669.5,64.6815,9964.6006,9899.9191,6930.0144,2970.0276
2026-05-30,South,Privatkunde,MAX_CHARGE,14195,60266.2,0,-31.9134,0,31.9134,22.3285,9.5253
2026-05-30,South,Privatkunde,SELF_CONSUME,32565,24076.7,15408.2,2605.7342,1858.9681,-746.7661,-522.717,-224.0313
2026-05-30,West,Gewerbekunde,CHARGE,1343,4418.7,26.2,43.2656,1.6324,-41.6332,-29.1415,-12.4876
2026-05-30,West,Gewerbekunde,DISCHARGE,1817,46.4,6289.7,6.1526,969.055,962.9024,674.0389,288.8769
2026-05-30,West,Gewerbekunde,MAX_CHARGE,1343,5680.3,0,-2.9906,0,2.9906,2.0894,0.8913
2026-05-30,West,Gewerbekunde,SELF_CONSUME,3081,2336.6,1518.1,252.1356,182.8792,-69.2564,-48.4789,-20.7759
2026-05-30,West,Kleingewerbe,CHARGE,3638,12088.5,61,114.9198,3.8008,-111.119,-77.7787,-33.3307
2026-05-30,West,Kleingewerbe,DISCHARGE,4922,131.3,16391.3,17.4105,2526.3373,2508.9268,1756.2647,752.6968
2026-05-30,West,Kleingewerbe,MAX_CHARGE,3638,15513.6,0,-8.201,0,8.201,5.7397,2.4479
2026-05-30,West,Kleingewerbe,SELF_CONSUME,8346,6491,3829.3,705.064,462.3105,-242.7535,-169.9249,-72.8227
2026-05-30,West,Privatkunde,CHARGE,15385,50404.8,297.8,484.4807,18.5551,-465.9256,-326.1219,-139.754
2026-05-30,West,Privatkunde,DISCHARGE,20815,535.9,70104.8,71.0603,10808.9178,10737.8575,7516.5791,3221.4151
2026-05-30,West,Privatkunde,MAX_CHARGE,15385,65255.4,0,-34.5959,0,34.5959,24.2053,10.3263
2026-05-30,West,Privatkunde,SELF_CONSUME,35295,26833.9,16608.2,2903.7053,2005.505,-898.2003,-628.7126,-269.4545
2026-05-31,East,Gewerbekunde,CHARGE,880,2882.9,14.2,44.9835,0.9358,-44.0477,-30.8319,-13.2148
2026-05-31,East,Gewerbekunde,DISCHARGE,1188,74.6,3897.9,10.5595,577.8426,567.2831,397.1024,170.1909
2026-05-31,East,Gewerbekunde,MAX_CHARGE,484,2020.5,0,0,0,0,0,0
2026-05-31,East,Gewerbekunde,SELF_CONSUME,1672,1297.2,514.7,139.3201,59.5695,-79.7506,-55.8292,-23.9253
2026-05-31,East,Kleingewerbe,CHARGE,3020,9692.4,53,146.2898,3.4931,-142.7967,-99.9516,-42.841
2026-05-31,East,Kleingewerbe,DISCHARGE,4077,243.1,12980.6,34.4175,1923.6837,1889.2662,1322.5015,566.798
2026-05-31,East,Kleingewerbe,MAX_CHARGE,1661,6901.5,0,0,0,0,0,0
2026-05-31,East,Kleingewerbe,SELF_CONSUME,5738,4060.6,1887.6,435.8691,216.9732,-218.8959,-153.2229,-65.67
2026-05-31,East,Privatkunde,CHARGE,12260,39654.6,199.5,596.7376,13.1485,-583.5891,-408.4886,-175.0811
2026-05-31,East,Privatkunde,DISCHARGE,16551,1116.7,52429.8,158.2522,7773.4096,7615.1574,5330.6734,2284.6125
2026-05-31,East,Privatkunde,MAX_CHARGE,6743,28003.8,0,0,0,0,0,0
2026-05-31,East,Privatkunde,SELF_CONSUME,23294,16922.1,7443.5,1814.1773,857.7536,-956.4237,-669.4993,-286.9286
2026-05-31,North,Gewerbekunde,CHARGE,1340,4369.1,18.8,66.1733,1.239,-64.9343,-45.4518,-19.4798
2026-05-31,North,Gewerbekunde,DISCHARGE,1809,141.5,5689.9,20.0703,842.8151,822.7448,575.9292,246.8306
2026-05-31,North,Gewerbekunde,MAX_CHARGE,737,3044.5,0,0,0,0,0,0
2026-05-31,North,Gewerbekunde,SELF_CONSUME,2546,1898.1,779.3,204.5833,90.0361,-114.5472,-80.183,-34.3631
2026-05-31,North,Kleingewerbe,CHARGE,3220,10435.3,63.1,158.4206,4.1587,-154.2619,-107.9796,-46.2793
2026-05-31,North,Kleingewerbe,DISCHARGE,4347,279.8,13592.9,39.6249,2014.8671,1975.2422,1382.6862,592.5886
2026-05-31,North,Kleingewerbe,MAX_CHARGE,1771,7367.7,0,0,0,0,0,0
2026-05-31,North,Kleingewerbe,SELF_CONSUME,6118,4369.2,2022.4,468.0472,233.2124,-234.8348,-164.3836,-70.4473
2026-05-31,North,Privatkunde,CHARGE,13720,44265.8,212.5,674.7419,14.0062,-660.7357,-462.4936,-198.2271
2026-05-31,North,Privatkunde,DISCHARGE,18522,1225.6,58299.3,173.5537,8639.809,8466.2553,5926.4474,2539.9512
2026-05-31,North,Privatkunde,MAX_CHARGE,7546,31392.3,0,0,0,0,0,0
2026-05-31,North,Privatkunde,SELF_CONSUME,26068,18770.3,8211.8,2009.8885,944.3929,-1065.4956,-745.8438,-319.6543
2026-05-31,South,Gewerbekunde,CHARGE,1500,4869.6,23.7,73.0158,1.5617,-71.4541,-50.0162,-21.4357
2026-05-31,South,Gewerbekunde,DISCHARGE,2025,125.9,6510.2,17.7948,963.6495,945.8547,662.1074,283.764
2026-05-31,South,Gewerbekunde,MAX_CHARGE,825,3429.9,0,0,0,0,0,0
2026-05-31,South,Gewerbekunde,SELF_CONSUME,2850,2103.8,891.7,226.9652,101.9898,-124.9754,-87.48,-37.4932
2026-05-31,South,Kleingewerbe,CHARGE,4240,13526.1,69.1,204.4423,4.5544,-199.8879,-139.9129,-59.9683
2026-05-31,South,Kleingewerbe,DISCHARGE,5724,322,17745,45.5323,2629.0617,2583.5294,1808.4917,775.0801
2026-05-31,South,Kleingewerbe,MAX_CHARGE,2332,9712.5,0,0,0,0,0,0
2026-05-31,South,Kleingewerbe,SELF_CONSUME,8056,5820.6,2509.1,625.1298,288.1313,-336.9985,-235.8977,-101.0983
2026-05-31,South,Privatkunde,CHARGE,16700,53874.5,267.1,817.5123,17.6045,-799.9078,-559.9047,-239.9792
2026-05-31,South,Privatkunde,DISCHARGE,22545,1612.2,71108.5,228.3957,10537.241,10308.8453,7216.2711,3092.7433
2026-05-31,South,Privatkunde,MAX_CHARGE,9185,38249.2,0,0,0,0,0,0
2026-05-31,South,Privatkunde,SELF_CONSUME,31730,23016.9,10096,2468.8932,1165.5649,-1303.3283,-912.3078,-390.9974
2026-05-31,West,Gewerbekunde,CHARGE,1580,5082.1,35,77.4324,2.3063,-75.1261,-52.5875,-22.5395
2026-05-31,West,Gewerbekunde,DISCHARGE,2133,134.5,6689.4,19.0553,990.4018,971.3465,679.9495,291.4113
2026-05-31,West,Gewerbekunde,MAX_CHARGE,869,3613,0,0,0,0,0,0
2026-05-31,West,Gewerbekunde,SELF_CONSUME,3002,2035.2,968.4,216.1938,111.6102,-104.5836,-73.2108,-31.3756
2026-05-31,West,Kleingewerbe,CHARGE,4280,13844.6,66.9,209.4093,4.4096,-204.9997,-143.4927,-61.5026
2026-05-31,West,Kleingewerbe,DISCHARGE,5778,359.3,17772.7,50.8741,2631.6272,2580.7531,1806.5449,774.2447
2026-05-31,West,Kleingewerbe,MAX_CHARGE,2354,9735,0,0,0,0,0,0
2026-05-31,West,Kleingewerbe,SELF_CONSUME,8132,5806.7,2546.4,622.3007,292.111,-330.1897,-231.1292,-99.0613
2026-05-31,West,Privatkunde,CHARGE,18100,58060.4,293.2,880.6135,19.3248,-861.2887,-602.8714,-258.3978
2026-05-31,West,Privatkunde,DISCHARGE,24435,1574,76590.7,222.9064,11348.4778,11125.5714,7787.9931,3337.7674
2026-05-31,West,Privatkunde,MAX_CHARGE,9955,41259.7,0,0,0,0,0,0
2026-05-31,West,Privatkunde,SELF_CONSUME,34390,24671.5,10882.9,2644.4626,1249.885,-1394.5776,-976.187,-418.3838
2026-06-01,East,Gewerbekunde,DISCHARGE,1980,59.2,6692.2,8.341,1367.0373,1358.6963,951.0813,407.6171
2026-06-01,East,Gewerbekunde,SELF_CONSUME,2244,1142.4,1969.8,121.1944,232.4636,111.2692,77.8963,33.3816
2026-06-01,East,Kleingewerbe,DISCHARGE,6795,162.8,23084.8,22.9387,4673.1879,4650.2492,3255.1541,1395.103
2026-06-01,East,Kleingewerbe,SELF_CONSUME,7701,3754.8,6849.6,400.3048,806.7654,406.4606,284.546,121.9303
2026-06-01,East,Privatkunde,DISCHARGE,27585,679.2,93037,95.6989,18900.2686,18804.5697,13163.115,5641.5002
2026-06-01,East,Privatkunde,SELF_CONSUME,31263,15100.8,27841.4,1611.9523,3279.0387,1667.0864,1167.0704,500.0993
2026-06-01,North,Gewerbekunde,DISCHARGE,3015,82.6,10197.4,11.6383,2068.3808,2056.7425,1439.7129,617.0364
2026-06-01,North,Gewerbekunde,SELF_CONSUME,3417,1623,2996.2,172.8461,351.1292,178.2831,124.8104,53.4832
2026-06-01,North,Kleingewerbe,DISCHARGE,7245,190.2,24231.2,26.7992,4936.1092,4909.31,3436.4922,1472.8284
2026-06-01,North,Kleingewerbe,SELF_CONSUME,8211,3655.8,7311.6,391.1245,859.8923,468.7678,328.1636,140.6193
2026-06-01,North,Privatkunde,DISCHARGE,30870,735,103666.6,103.562,21033.7877,20930.2257,14651.0651,6279.2149
2026-06-01,North,Privatkunde,SELF_CONSUME,34986,16799.8,30924.6,1794.819,3637.1749,1842.3559,1289.7708,552.6803
2026-06-01,South,Gewerbekunde,DISCHARGE,3375,81.4,11388.6,11.4692,2314.5118,2303.0426,1612.1193,690.9263
2026-06-01,South,Gewerbekunde,SELF_CONSUME,3825,1884.6,3349.8,203.9432,390.7466,186.8034,130.7756,56.038
2026-06-01,South,Kleingewerbe,DISCHARGE,9540,218.8,31723.4,30.829,6399.137,6368.308,4457.7875,1910.5344
2026-06-01,South,Kleingewerbe,SELF_CONSUME,10812,5359.6,9547,571.3567,1125.4511,554.0944,387.9025,166.2225
2026-06-01,South,Privatkunde,DISCHARGE,37575,1017.2,125652.4,143.3244,25487.65,25344.3256,17740.9203,7603.4748
2026-06-01,South,Privatkunde,SELF_CONSUME,42585,20488.4,37638,2187.3418,4423.5119,2236.1701,1565.4636,670.8152
2026-06-01,West,Gewerbekunde,DISCHARGE,3555,86,11867.6,12.1177,2416.247,2404.1293,1682.8815,721.2541
2026-06-01,West,Gewerbekunde,SELF_CONSUME,4029,1923.6,3566,206.0264,418.3539,212.3275,148.6407,63.695
2026-06-01,West,Kleingewerbe,DISCHARGE,9630,266.4,31963.6,37.5357,6485.0339,6447.4982,4513.2211,1934.2908
2026-06-01,West,Kleingewerbe,SELF_CONSUME,10914,5268.4,9687.2,562.5307,1137.3782,574.8475,402.4273,172.444
2026-06-01,West,Privatkunde,DISCHARGE,40725,1088.8,137189,153.4118,27796.8816,27643.4698,19350.3109,8293.2238
2026-06-01,West,Privatkunde,SELF_CONSUME,46155,22404.4,40809,2400.2248,4794.8558,2394.631,1676.3985,718.3547
2026-06-02,East,Gewerbekunde,DISCHARGE,1188,21.6,4082,2.9614,616.1554,613.194,429.2379,183.9638
2026-06-02,East,Gewerbekunde,SELF_CONSUME,3036,1627.2,1840,173.4372,213.1859,39.7487,27.8254,11.9287
2026-06-02,East,Kleingewerbe,DISCHARGE,4077,80,13666.9,10.9685,2058.9643,2047.9958,1433.601,614.4197
2026-06-02,East,Kleingewerbe,SELF_CONSUME,10419,5619.6,6131.9,599.0884,714.9931,115.9047,81.133,34.7746
2026-06-02,East,Privatkunde,DISCHARGE,16551,346.1,55769.5,47.4522,8402.9202,8355.468,5848.8422,2506.7267
2026-06-02,East,Privatkunde,SELF_CONSUME,42297,22915.1,25799.3,2440.3544,3005.6487,565.2943,395.7098,169.5921
2026-06-02,North,Gewerbekunde,DISCHARGE,1809,33.3,6162.7,4.5654,929.9872,925.4218,647.7962,277.6355
2026-06-02,North,Gewerbekunde,SELF_CONSUME,4623,2516.3,2750.9,267.1935,320.981,53.7875,37.6513,16.1338
2026-06-02,North,Kleingewerbe,DISCHARGE,4347,90.5,14879,12.4079,2241.533,2229.1251,1560.3897,668.7616
2026-06-02,North,Kleingewerbe,SELF_CONSUME,11109,6042.7,6731.4,643.7882,784.1872,140.399,98.2765,42.1251
2026-06-02,North,Privatkunde,DISCHARGE,18522,429.7,62655.5,58.9136,9439.1675,9380.2539,6566.1938,2814.1712
2026-06-02,North,Privatkunde,SELF_CONSUME,47334,25538.3,28602.9,2721.534,3332.315,610.781,427.5513,183.2271
2026-06-02,South,Gewerbekunde,DISCHARGE,2025,41,6871.3,5.6212,1036.8313,1031.2101,721.8493,309.3718
2026-06-02,South,Gewerbekunde,SELF_CONSUME,5175,2797.8,3089.9,297.2975,359.1948,61.8973,43.3291,18.5709
2026-06-02,South,Kleingewerbe,DISCHARGE,5724,129.4,19248.8,17.7409,2896.7157,2878.9748,2015.2885,863.7215
2026-06-02,South,Kleingewerbe,SELF_CONSUME,14628,7515,8912.8,800.5999,1041.4227,240.8228,168.5731,72.2493
2026-06-02,South,Privatkunde,DISCHARGE,22545,445.6,76797.4,61.0946,11575.1931,11514.0985,8059.8842,3454.341
2026-06-02,South,Privatkunde,SELF_CONSUME,57615,30449.6,35175.4,3247.5213,4089.5146,841.9933,589.3934,252.6038
2026-06-02,West,Gewerbekunde,DISCHARGE,2133,47.7,7251.7,6.5399,1093.6224,1087.0825,760.9583,326.137
2026-06-02,West,Gewerbekunde,SELF_CONSUME,5451,2896.3,3409.9,306.0757,397.5393,91.4636,64.0247,27.4374
2026-06-02,West,Kleingewerbe,DISCHARGE,5778,123.6,19778.8,16.9462,2983.6369,2966.6907,2076.6875,890.0385
2026-06-02,West,Kleingewerbe,SELF_CONSUME,14766,7614,9014,809.3771,1050.4906,241.1135,168.781,72.3403
2026-06-02,West,Privatkunde,DISCHARGE,24435,537.8,82948.9,73.7352,12507.7338,12433.9986,8703.8128,3730.3294
2026-06-02,West,Privatkunde,SELF_CONSUME,62445,33232.6,37787.9,3547.632,4398.5901,850.9581,595.6612,255.2884
2026-06-03,East,Gewerbekunde,CHARGE,880,2254.3,73.7,99.8976,4.5688,-95.3288,-66.7301,-28.5993
2026-06-03,East,Gewerbekunde,DISCHARGE,880,102.2,2475.4,13.7747,349.6938,335.9191,235.1393,100.7825
2026-06-03,East,Gewerbekunde,SELF_CONSUME,2464,1451.9,1892.5,143.8332,221.0228,77.1896,54.0298,23.1593
2026-06-03,East,Kleingewerbe,CHARGE,3020,7763,257.8,343.5817,16.2526,-327.3291,-229.134,-98.1994
2026-06-03,East,Kleingewerbe,DISCHARGE,3020,347.9,8689.9,46.8595,1228.4272,1181.5677,827.089,354.4918
2026-06-03,East,Kleingewerbe,SELF_CONSUME,8456,4530.3,6737.5,445.4794,784.4798,339.0004,237.2825,101.709
2026-06-03,East,Privatkunde,CHARGE,12260,31843.8,1035.2,1409.2554,65.4527,-1343.8027,-940.661,-403.141
2026-06-03,East,Privatkunde,DISCHARGE,12260,1394.7,35147.2,187.8741,4969.4413,4781.5672,3347.0553,1434.5527
2026-06-03,East,Privatkunde,SELF_CONSUME,34328,18701.9,26919.2,1841.7493,3132.9925,1291.2432,903.7993,387.3915
2026-06-03,North,Gewerbekunde,CHARGE,1340,3432,104.8,151.5599,6.6127,-144.9472,-101.4648,-43.4856
2026-06-03,North,Gewerbekunde,DISCHARGE,1340,115.7,3779.6,15.5976,534.0556,518.458,362.9153,155.5479
2026-06-03,North,Gewerbekunde,SELF_CONSUME,3752,1981.9,2885.6,195.0024,337.3412,142.3388,99.6276,42.7024
2026-06-03,North,Kleingewerbe,CHARGE,3220,8342.5,256,369.7499,16.0511,-353.6988,-247.5881,-106.1104
2026-06-03,North,Kleingewerbe,DISCHARGE,3220,373.3,9225.1,50.2885,1304.1482,1253.8597,877.6868,376.1813
2026-06-03,North,Kleingewerbe,SELF_CONSUME,9016,4961,6962.1,487.8521,812.853,325.0009,227.4827,97.5103
2026-06-03,North,Privatkunde,CHARGE,13720,35433,1143.7,1568.4618,72.5164,-1495.9454,-1047.1555,-448.784
2026-06-03,North,Privatkunde,DISCHARGE,13720,1584.1,39598.4,213.3713,5599.2889,5385.9176,3770.0886,1615.8731
2026-06-03,North,Privatkunde,SELF_CONSUME,38416,21031.7,30064.7,2070.5098,3503.3584,1432.8486,1002.9255,429.882
2026-06-03,South,Gewerbekunde,CHARGE,1500,3824.2,115.4,169.5178,7.2675,-162.2503,-113.5748,-48.676
2026-06-03,South,Gewerbekunde,DISCHARGE,1500,168,4318.2,22.6286,610.2047,587.5761,411.2979,176.2828
2026-06-03,South,Gewerbekunde,SELF_CONSUME,4200,2348.6,3310.8,231.1824,387.1073,155.9249,109.1402,46.78
2026-06-03,South,Kleingewerbe,CHARGE,4240,11120.5,347.2,492.6065,21.8947,-470.7118,-329.5003,-141.217
2026-06-03,South,Kleingewerbe,DISCHARGE,4240,480.2,12086.6,64.7021,1708.8781,1644.176,1150.9054,493.2838
2026-06-03,South,Kleingewerbe,SELF_CONSUME,11872,6744.9,9103.4,663.7861,1060.9507,397.1646,277.9948,119.1596
2026-06-03,South,Privatkunde,CHARGE,16700,42974.3,1424.7,1903.4921,90.1702,-1813.3219,-1269.327,-544.0031
2026-06-03,South,Privatkunde,DISCHARGE,16700,1967.9,47370.9,265.096,6696.8733,6431.7773,4502.1857,1929.6468
2026-06-03,South,Privatkunde,SELF_CONSUME,46760,25610.6,36490.4,2520.2881,4246.0521,1725.764,1207.9524,517.7722
2026-06-03,West,Gewerbekunde,CHARGE,1580,4046.8,115.4,179.0031,7.3028,-171.7003,-120.191,-51.5093
2026-06-03,West,Gewerbekunde,DISCHARGE,1580,206.1,4609.7,27.7399,651.9858,624.2459,436.9668,187.284
2026-06-03,West,Gewerbekunde,SELF_CONSUME,4424,2481.1,3407.7,243.9904,399.2438,155.2534,108.6716,46.5772
2026-06-03,West,Kleingewerbe,CHARGE,4280,11052.2,362,489.7609,22.5404,-467.2205,-327.0513,-140.1668
2026-06-03,West,Kleingewerbe,DISCHARGE,4280,509.7,12167.4,68.6452,1720.5779,1651.9327,1156.3376,495.6112
2026-06-03,West,Kleingewerbe,SELF_CONSUME,11984,6421.7,9337.4,631.9817,1086.0872,454.1055,317.8552,136.2474
2026-06-03,West,Privatkunde,CHARGE,18100,46573.8,1525.3,2064.0271,96.9995,-1967.0276,-1376.9177,-590.1176
2026-06-03,West,Privatkunde,DISCHARGE,18100,2018.6,52143.5,271.8762,7372.045,7100.1688,4970.0544,2130.1762
2026-06-03,West,Privatkunde,SELF_CONSUME,50680,27410,39792.4,2693.6913,4634.8857,1941.1944,1358.7299,582.3948
2026-06-04,East,Gewerbekunde,CHARGE,1276,4031.1,38.6,121.1706,1.8441,-119.3265,-83.5287,-35.8013
2026-06-04,East,Gewerbekunde,MAX_CHARGE,616,2563.5,0,-0.0569,0,0.0569,0.0396,0.0132
2026-06-04,East,Gewerbekunde,SELF_CONSUME,2332,1751.4,744.2,151.5127,70.1748,-81.3379,-56.9344,-24.4041
2026-06-04,East,Kleingewerbe,CHARGE,4379,13324.7,147.2,403.0269,7.0627,-395.9642,-277.1749,-118.7968
2026-06-04,East,Kleingewerbe,MAX_CHARGE,2114,8817.5,0,-0.2001,0,0.2001,0.135,0.0453
2026-06-04,East,Kleingewerbe,SELF_CONSUME,8003,6217.4,2420.4,539.9544,232.651,-307.3034,-215.1034,-92.1925
2026-06-04,East,Privatkunde,CHARGE,17777,54803.5,638.1,1656.4982,30.5347,-1625.9635,-1138.1809,-487.819
2026-06-04,East,Privatkunde,MAX_CHARGE,8582,35885.7,0,-0.806,0,0.806,0.5518,0.1839
2026-06-04,East,Privatkunde,SELF_CONSUME,32489,25248.8,10212.7,2205.6782,964.1685,-1241.5097,-869.0255,-372.461
2026-06-04,North,Gewerbekunde,CHARGE,1943,5926.9,55.5,181.117,2.6314,-178.4856,-124.9408,-53.5501
2026-06-04,North,Gewerbekunde,MAX_CHARGE,938,3908.4,0,-0.0872,0,0.0872,0.0613,0.0201
2026-06-04,North,Gewerbekunde,SELF_CONSUME,3551,2850.3,1091.7,249.1677,103.371,-145.7967,-102.0549,-43.7394
2026-06-04,North,Kleingewerbe,CHARGE,4669,14374.3,154.6,437.8693,7.3838,-430.4855,-301.3434,-129.1574
2026-06-04,North,Kleingewerbe,MAX_CHARGE,2254,9418.1,0,-0.2109,0,0.2109,0.1458,0.0483
2026-06-04,North,Kleingewerbe,SELF_CONSUME,8533,6688.8,2558.2,586.2819,239.9104,-346.3715,-242.451,-103.9053
2026-06-04,North,Privatkunde,CHARGE,19894,61261.6,679.7,1859.8223,32.4924,-1827.3299,-1279.126,-548.2391
2026-06-04,North,Privatkunde,MAX_CHARGE,9604,40204.6,0,-0.9028,0,0.9028,0.6185,0.2058
2026-06-04,North,Privatkunde,SELF_CONSUME,36358,28791.8,11104.7,2515.2778,1048.553,-1466.7248,-1026.6747,-440.0094
2026-06-04,South,Gewerbekunde,CHARGE,2175,6714.9,69.6,205.374,3.3564,-202.0176,-141.4127,-60.6098
2026-06-04,South,Gewerbekunde,MAX_CHARGE,1050,4402.5,0,-0.0982,0,0.0982,0.0673,0.0225
2026-06-04,South,Gewerbekunde,SELF_CONSUME,3975,3243.4,1298.4,283.9123,121.8136,-162.0987,-113.4677,-48.6278
2026-06-04,South,Kleingewerbe,CHARGE,6148,18977.8,209.1,578.9948,10.0086,-568.9862,-398.2913,-170.7073
2026-06-04,South,Kleingewerbe,MAX_CHARGE,2968,12359.9,0,-0.2789,0,0.2789,0.1911,0.0636
2026-06-04,South,Kleingewerbe,SELF_CONSUME,11236,9003.5,3538.1,784.0904,338.0867,-446.0037,-312.1997,-133.8037
2026-06-04,South,Privatkunde,CHARGE,24215,74169.2,818.3,2248.3387,39.2101,-2209.1286,-1546.3963,-662.7828
2026-06-04,South,Privatkunde,MAX_CHARGE,11690,49008.3,0,-1.098,0,1.098,0.7524,0.2505
2026-06-04,South,Privatkunde,SELF_CONSUME,44255,34549.7,13695.3,3005.9265,1300.315,-1705.6115,-1193.8794,-511.6839
2026-06-04,West,Gewerbekunde,CHARGE,2291,7053.1,89.2,211.8086,4.2842,-207.5244,-145.2672,-62.2597
2026-06-04,West,Gewerbekunde,MAX_CHARGE,1106,4637.7,0,-0.1027,0,0.1027,0.0707,0.0237
2026-06-04,West,Gewerbekunde,SELF_CONSUME,4187,3302,1324,286.9001,123.9564,-162.9437,-114.0544,-48.8841
2026-06-04,West,Kleingewerbe,CHARGE,6206,19290.7,221.5,590.9717,10.6309,-580.3408,-406.238,-174.111
2026-06-04,West,Kleingewerbe,MAX_CHARGE,2996,12521.9,0,-0.2808,0,0.2808,0.1904,0.0642
2026-06-04,West,Kleingewerbe,SELF_CONSUME,11342,9159,3379.3,796.0015,323.6626,-472.3389,-330.6267,-141.7042
2026-06-04,West,Privatkunde,CHARGE,26245,80862.8,887.8,2454.1661,42.4456,-2411.7205,-1688.224,-723.5687
2026-06-04,West,Privatkunde,MAX_CHARGE,12670,52846,0,-1.1832,0,1.1832,0.8132,0.2715
2026-06-04,West,Privatkunde,SELF_CONSUME,47965,37253.6,14580.2,3243.093,1387.0398,-1856.0532,-1299.1997,-556.8146
2026-06-05,East,Gewerbekunde,CHARGE,880,2491.6,81.8,91.8626,4.7337,-87.1289,-60.9858,-26.1373
2026-06-05,East,Gewerbekunde,DISCHARGE,1320,72.2,4178.5,10.3243,674.2624,663.9381,464.7628,199.1845
2026-06-05,East,Gewerbekunde,SELF_CONSUME,2024,1158.2,825.7,115.0167,84.1907,-30.826,-21.579,-9.2483
2026-06-05,East,Kleingewerbe,CHARGE,3020,8239,220.2,304.5037,12.6257,-291.878,-204.3052,-87.5615
2026-06-05,East,Kleingewerbe,DISCHARGE,4530,276.3,14581.7,39.3117,2362.2773,2322.9656,1626.0953,696.894
2026-06-05,East,Kleingewerbe,SELF_CONSUME,6946,3985.1,2757.7,390.1772,283.7694,-106.4078,-74.4873,-31.9196
2026-06-05,East,Privatkunde,CHARGE,12260,33300.6,844.8,1231.0511,49.0233,-1182.0278,-827.3767,-354.599
2026-06-05,East,Privatkunde,DISCHARGE,18390,1076.5,58810.2,153.5952,9515.5205,9361.9253,6553.4335,2808.6113
2026-06-05,East,Privatkunde,SELF_CONSUME,28198,15940.1,11496.2,1559.9054,1187.6064,-372.299,-260.6351,-111.6896
2026-06-05,North,Gewerbekunde,CHARGE,1340,3699.6,76.8,137.9002,4.4543,-133.4459,-93.409,-40.0331
2026-06-05,North,Gewerbekunde,DISCHARGE,2010,138.7,6611.6,19.7467,1073.0642,1053.3175,737.3313,315.9994
2026-06-05,North,Gewerbekunde,SELF_CONSUME,3082,1819.7,1251.6,177.2986,129.8074,-47.4912,-33.2462,-14.2479
2026-06-05,North,Kleingewerbe,CHARGE,3220,8805.4,243,326.7195,14.1317,-312.5878,-218.8014,-93.7752
2026-06-05,North,Kleingewerbe,DISCHARGE,4830,289.3,15310.2,41.2986,2475.0181,2433.7195,1703.6247,730.1247
2026-06-05,North,Kleingewerbe,SELF_CONSUME,7406,4227.7,2950,416.2855,300.8418,-115.4437,-80.8148,-34.6362
2026-06-05,North,Privatkunde,CHARGE,13720,37225,870.6,1379.7672,50.1017,-1329.6655,-930.7261,-398.8861
2026-06-05,North,Privatkunde,DISCHARGE,20580,1212.8,65253.7,172.7209,10557.0444,10384.3235,7269.1229,3115.3249
2026-06-05,North,Privatkunde,SELF_CONSUME,31556,18000.2,12339.7,1759.885,1279.2339,-480.6511,-336.4705,-144.1966
2026-06-05,South,Gewerbekunde,CHARGE,1500,4094,99.6,152.0738,5.6671,-146.4067,-102.479,-43.9193
2026-06-05,South,Gewerbekunde,DISCHARGE,2250,137.8,7149.5,19.5517,1154.623,1135.0713,794.5608,340.5258
2026-06-05,South,Gewerbekunde,SELF_CONSUME,3450,1918.6,1395.7,188.1011,143.6607,-44.4404,-31.1097,-13.3343
2026-06-05,South,Kleingewerbe,CHARGE,4240,11501.6,305,427.2464,17.7116,-409.5348,-286.6604,-122.8577
2026-06-05,South,Kleingewerbe,DISCHARGE,6360,369,20414.8,52.3392,3299.9595,3247.6203,2273.3647,974.2963
2026-06-05,South,Kleingewerbe,SELF_CONSUME,9752,5499,3860.6,536.626,400.1027,-136.5233,-95.5686,-40.9651
2026-06-05,South,Privatkunde,CHARGE,16700,45365.8,1081,1683.9697,62.3476,-1621.6221,-1135.0843,-486.4728
2026-06-05,South,Privatkunde,DISCHARGE,25050,1442.8,79862.9,205.9876,12919.9382,12713.9506,8899.8793,3814.2218
2026-06-05,South,Privatkunde,SELF_CONSUME,38410,21640.6,15476.5,2118.3789,1596.922,-521.4569,-365.0383,-156.4411
2026-06-05,West,Gewerbekunde,CHARGE,1580,4228.8,104,156.8902,5.9928,-150.8974,-105.6229,-45.2684
2026-06-05,West,Gewerbekunde,DISCHARGE,2370,134.3,7455.3,19.2363,1207.5211,1188.2848,831.8108,356.4913
2026-06-05,West,Gewerbekunde,SELF_CONSUME,3634,2032.1,1528.7,199.3915,157.3989,-41.9926,-29.3939,-12.5959
2026-06-05,West,Kleingewerbe,CHARGE,4280,11455.6,313.2,423.4631,18.2509,-405.2122,-283.6344,-121.5596
2026-06-05,West,Kleingewerbe,DISCHARGE,6420,411.3,20420.3,58.5661,3306.8872,3248.3211,2273.8569,974.5053
2026-06-05,West,Kleingewerbe,SELF_CONSUME,9844,5577.9,3916.9,545.7893,403.4313,-142.358,-99.6597,-42.7105
2026-06-05,West,Privatkunde,CHARGE,18100,48858.6,1290.6,1814.1291,74.6926,-1739.4365,-1217.5505,-521.8114
2026-06-05,West,Privatkunde,DISCHARGE,27150,1680.6,86356.3,239.6824,13983.3492,13743.6668,9620.6889,4123.1415
2026-06-05,West,Privatkunde,SELF_CONSUME,41630,24043.2,16785.9,2350.0477,1726.4948,-623.5529,-436.5149,-187.0623
2026-06-06,East,Gewerbekunde,CHARGE,1056,3186.9,26.5,51.181,1.5565,-49.6245,-34.7364,-14.8866
2026-06-06,East,Gewerbekunde,DISCHARGE,880,46.9,2821.7,6.2037,404.4963,398.2926,278.8038,119.4907
2026-06-06,East,Gewerbekunde,MAX_CHARGE,352,1439.1,0,-0.0191,0,0.0191,0.013,0.0044
2026-06-06,East,Gewerbekunde,SELF_CONSUME,1936,1270.7,934.2,130.8898,108.3481,-22.5417,-15.7784,-6.7639
2026-06-06,East,Kleingewerbe,CHARGE,3624,11092.9,124.9,177.0434,7.2685,-169.7749,-118.8378,-50.9284
2026-06-06,East,Kleingewerbe,DISCHARGE,3020,167.5,9780.8,22.1418,1401.517,1379.3752,965.56,413.8227
2026-06-06,East,Kleingewerbe,MAX_CHARGE,1208,4965.7,0,-0.066,0,0.066,0.045,0.0151
2026-06-06,East,Kleingewerbe,SELF_CONSUME,6644,4432.7,3210.3,459.111,370.7156,-88.3954,-61.8701,-26.5195
2026-06-06,East,Privatkunde,CHARGE,14712,45215.3,414.9,716.2,24.4514,-691.7486,-484.2125,-207.5027
2026-06-06,East,Privatkunde,DISCHARGE,12260,735.5,38850,97.2053,5561.0922,5463.8869,3824.7117,1639.2038
2026-06-06,East,Privatkunde,MAX_CHARGE,4904,20212,0,-0.2672,0,0.2672,0.1839,0.0613
2026-06-06,East,Privatkunde,SELF_CONSUME,26972,18271.6,12427.1,1891.7864,1443.0334,-448.753,-314.1184,-134.6301
2026-06-06,North,Gewerbekunde,CHARGE,1608,4989.8,31,79.9544,1.8542,-78.1002,-54.668,-23.4274
2026-06-06,North,Gewerbekunde,DISCHARGE,1340,74.2,4271.5,9.7829,612.8226,603.0397,422.1286,180.9153
2026-06-06,North,Gewerbekunde,MAX_CHARGE,536,2189.6,0,-0.0292,0,0.0292,0.0201,0.0067
2026-06-06,North,Gewerbekunde,SELF_CONSUME,2948,1980,1287.1,203.9034,150.1714,-53.732,-37.6095,-16.1182
2026-06-06,North,Kleingewerbe,CHARGE,3864,12083,100.9,188.5429,5.938,-182.6049,-127.8209,-54.7755
2026-06-06,North,Kleingewerbe,DISCHARGE,3220,188.4,10183.6,24.9258,1458.2487,1433.3229,1003.3243,430.0045
2026-06-06,North,Kleingewerbe,MAX_CHARGE,1288,5396.9,0,-0.071,0,0.071,0.0488,0.0161
2026-06-06,North,Kleingewerbe,SELF_CONSUME,7084,4778.9,3220.7,495.2715,373.1107,-122.1608,-85.5145,-36.646
2026-06-06,North,Privatkunde,CHARGE,16464,50826.7,444.4,808.2308,26.0987,-782.1321,-547.4692,-234.6153
2026-06-06,North,Privatkunde,DISCHARGE,13720,773.9,43904.2,102.2819,6288.8247,6186.5428,4330.5728,1856.0014
2026-06-06,North,Privatkunde,MAX_CHARGE,5488,22594.1,0,-0.2987,0,0.2987,0.2055,0.0686
2026-06-06,North,Privatkunde,SELF_CONSUME,30184,20207.7,14066.2,2087.4654,1630.3031,-457.1623,-319.9947,-137.1463
2026-06-06,South,Gewerbekunde,CHARGE,1800,5483.9,49.2,86.974,2.8955,-84.0785,-58.8544,-25.223
2026-06-06,South,Gewerbekunde,DISCHARGE,1500,92,4754.3,12.1486,681.8369,669.6883,468.7816,200.9121
2026-06-06,South,Gewerbekunde,MAX_CHARGE,600,2460.1,0,-0.0332,0,0.0332,0.0226,0.0075
2026-06-06,South,Gewerbekunde,SELF_CONSUME,3300,2311.6,1545.7,239.7024,179.1069,-60.5955,-42.4187,-18.1811
2026-06-06,South,Kleingewerbe,CHARGE,5088,15767.1,131.3,255.0255,7.7527,-247.2728,-173.0865,-74.177
2026-06-06,South,Kleingewerbe,DISCHARGE,4240,266.8,13519.1,35.259,1933.9849,1898.7259,1329.1058,569.6318
2026-06-06,South,Kleingewerbe,MAX_CHARGE,1696,6941.5,0,-0.0926,0,0.0926,0.064,0.0212
2026-06-06,South,Kleingewerbe,SELF_CONSUME,9328,6575,4163.6,680.6644,483.4408,-197.2236,-138.0552,-59.1702
2026-06-06,South,Privatkunde,CHARGE,20040,61162.5,583.6,973.1392,34.3523,-938.7869,-657.1331,-281.6121
2026-06-06,South,Privatkunde,DISCHARGE,16700,970.9,53072.1,128.3308,7598.2177,7469.8869,5228.9143,2241.0158
2026-06-06,South,Privatkunde,MAX_CHARGE,6680,27475.9,0,-0.3632,0,0.3632,0.2496,0.0835
2026-06-06,South,Privatkunde,SELF_CONSUME,36740,24786.3,17019.9,2566.0622,1974.8123,-591.2499,-413.8603,-177.3802
2026-06-06,West,Gewerbekunde,CHARGE,1896,5825.9,55.9,91.9113,3.2922,-88.6191,-62.0301,-26.5847
2026-06-06,West,Gewerbekunde,DISCHARGE,1580,90.2,5089.7,11.9176,728.6208,716.7032,501.6906,215.014
2026-06-06,West,Gewerbekunde,MAX_CHARGE,632,2621.5,0,-0.0347,0,0.0347,0.0238,0.0079
2026-06-06,West,Gewerbekunde,SELF_CONSUME,3476,2352.8,1588.8,243.0299,184.3836,-58.6463,-41.0513,-17.5932
2026-06-06,West,Kleingewerbe,CHARGE,5136,15698.6,148.5,249.5589,8.7083,-240.8506,-168.5936,-72.2499
2026-06-06,West,Kleingewerbe,DISCHARGE,4280,253.5,13529.2,33.4979,1940.005,1906.5071,1334.5552,571.9649
2026-06-06,West,Kleingewerbe,MAX_CHARGE,1712,7053.7,0,-0.0947,0,0.0947,0.0638,0.0214
2026-06-06,West,Kleingewerbe,SELF_CONSUME,9416,6218.2,4475.1,642.4906,518.6891,-123.8015,-86.6563,-37.1458
2026-06-06,West,Privatkunde,CHARGE,21720,66689.8,645.9,1060.9772,38.1701,-1022.8071,-715.9551,-306.8164
2026-06-06,West,Privatkunde,DISCHARGE,18100,1062.9,57831.1,140.4625,8285.2975,8144.835,5701.3719,2443.4956
2026-06-06,West,Privatkunde,MAX_CHARGE,7240,29939.4,0,-0.3966,0,0.3966,0.2708,0.0905
2026-06-06,West,Privatkunde,SELF_CONSUME,39820,26382.3,18804.2,2722.9325,2180.4873,-542.4452,-379.7029,-162.7434
2026-06-07,East,Gewerbekunde,CHARGE,660,2105.8,0,44.779,0,-44.779,-31.3451,-13.4338
2026-06-07,East,Gewerbekunde,DISCHARGE,880,30.6,2929.7,4.1341,407.7233,403.5892,282.5173,121.0818
2026-06-07,East,Gewerbekunde,MAX_CHARGE,1804,7608.4,0,-135.2426,0,135.2426,94.6621,40.5679
2026-06-07,East,Gewerbekunde,SELF_CONSUME,880,925.2,375.1,84.9587,41.3979,-43.5608,-30.4925,-13.069
2026-06-07,East,Kleingewerbe,CHARGE,2265,7350.9,0,156.899,0,-156.899,-109.8316,-47.0697
2026-06-07,East,Kleingewerbe,DISCHARGE,3020,90.9,10060.1,12.2812,1399.7324,1387.4512,971.2287,416.2546
2026-06-07,East,Kleingewerbe,MAX_CHARGE,6191,26128.1,0,-461.3156,0,461.3156,322.9054,138.3789
2026-06-07,East,Kleingewerbe,SELF_CONSUME,3020,3364.9,1259.1,305.8311,142.2534,-163.5777,-114.502,-49.0733
2026-06-07,East,Privatkunde,CHARGE,9195,29666.1,0,641.2948,0,-641.2948,-448.9049,-192.386
2026-06-07,East,Privatkunde,DISCHARGE,12260,356.7,41514.4,48.1917,5774.9248,5726.7331,4008.7738,1718.1081
2026-06-07,East,Privatkunde,MAX_CHARGE,25133,106116.7,0,-1877.0002,0,1877.0002,1313.8209,563.0403
2026-06-07,East,Privatkunde,SELF_CONSUME,12260,13192.1,5243.2,1198.9258,591.4736,-607.4522,-425.212,-182.2373
2026-06-07,North,Gewerbekunde,CHARGE,1005,3231.8,0,69.1441,0,-69.1441,-48.3998,-20.742
2026-06-07,North,Gewerbekunde,DISCHARGE,1340,32,4561.5,4.3234,634.4586,630.1352,441.1003,189.0508
2026-06-07,North,Gewerbekunde,MAX_CHARGE,2747,11661.2,0,-206.5854,0,206.5854,144.6027,61.9674
2026-06-07,North,Gewerbekunde,SELF_CONSUME,1340,1411,584.1,127.68,65.5117,-62.1683,-43.5156,-18.6514
2026-06-07,North,Kleingewerbe,CHARGE,2415,7766.3,0,167.7347,0,-167.7347,-117.4162,-50.321
2026-06-07,North,Kleingewerbe,DISCHARGE,3220,102.1,10780.9,13.7946,1500.0119,1486.2173,1040.3705,445.8838
2026-06-07,North,Kleingewerbe,MAX_CHARGE,6601,27817.9,0,-491.4567,0,491.4567,343.9978,147.4191
2026-06-07,North,Kleingewerbe,SELF_CONSUME,3220,3482.9,1422.7,316.5013,158.3919,-158.1094,-110.674,-47.433
2026-06-07,North,Privatkunde,CHARGE,10290,33363.3,0,717.8085,0,-717.8085,-502.4667,-215.3418
2026-06-07,North,Privatkunde,DISCHARGE,13720,455.3,45792.5,61.5135,6370.9029,6309.3894,4416.641,1892.905
2026-06-07,North,Privatkunde,MAX_CHARGE,28126,118930.9,0,-2106.4642,0,2106.4642,1474.4391,631.8774
2026-06-07,North,Privatkunde,SELF_CONSUME,13720,14942.1,5725.5,1365.1006,642.975,-722.1256,-505.4812,-216.6378
2026-06-07,South,Gewerbekunde,CHARGE,1125,3659,0,78.9967,0,-78.9967,-55.2962,-23.6995
2026-06-07,South,Gewerbekunde,DISCHARGE,1500,46.6,4886.8,6.2959,679.703,673.4071,471.391,202.0328
2026-06-07,South,Gewerbekunde,MAX_CHARGE,3075,12939.2,0,-230.0458,0,230.0458,161.023,69.0081
2026-06-07,South,Gewerbekunde,SELF_CONSUME,1500,1595.6,654,145.1141,72.4581,-72.656,-50.8583,-21.7972
2026-06-07,South,Kleingewerbe,CHARGE,3180,10344.7,0,221.4605,0,-221.4605,-155.0215,-66.4361
2026-06-07,South,Kleingewerbe,DISCHARGE,4240,125.4,14278.6,16.9421,1985.9979,1969.0558,1378.3614,590.7432
2026-06-07,South,Kleingewerbe,MAX_CHARGE,8692,36784.1,0,-650.7428,0,650.7428,455.4918,195.2037
2026-06-07,South,Kleingewerbe,SELF_CONSUME,4240,4665.4,1820.6,423.3206,206.0132,-217.3074,-152.1179,-65.1906
2026-06-07,South,Privatkunde,CHARGE,12525,40777.9,0,877.574,0,-877.574,-614.3053,-263.2659
2026-06-07,South,Privatkunde,DISCHARGE,16700,486.6,55183.7,65.7419,7675.0816,7609.3397,5326.6152,2282.9076
2026-06-07,South,Privatkunde,MAX_CHARGE,34235,144770.3,0,-2559.5721,0,2559.5721,1791.602,767.7909
2026-06-07,South,Privatkunde,SELF_CONSUME,16700,18380,6964.7,1670.7086,786.7802,-883.9284,-618.746,-265.1704
2026-06-07,West,Gewerbekunde,CHARGE,1185,3855.8,0,82.098,0,-82.098,-57.4686,-24.6275
2026-06-07,West,Gewerbekunde,DISCHARGE,1580,45.9,5088.2,6.2012,707.8997,701.6985,491.1963,210.5173
2026-06-07,West,Gewerbekunde,MAX_CHARGE,3239,13635.4,0,-241.1589,0,241.1589,168.7992,72.34
2026-06-07,West,Gewerbekunde,SELF_CONSUME,1580,1634.5,669.8,148.101,74.7411,-73.3599,-51.3523,-22.009
2026-06-07,West,Kleingewerbe,CHARGE,3210,10543.3,0,227.0877,0,-227.0877,-158.9622,-68.1215
2026-06-07,West,Kleingewerbe,DISCHARGE,4280,103.1,14039.5,13.9289,1952.6682,1938.7393,1357.1368,581.6482
2026-06-07,West,Kleingewerbe,MAX_CHARGE,8774,37078.5,0,-653.8944,0,653.8944,457.6981,196.1517
2026-06-07,West,Kleingewerbe,SELF_CONSUME,4280,4563.5,1885.3,412.2185,210.9601,-201.2584,-140.8801,-60.3798
2026-06-07,West,Privatkunde,CHARGE,13575,43953.6,0,952.6204,0,-952.6204,-666.8423,-285.7784
2026-06-07,West,Privatkunde,DISCHARGE,18100,520.7,60528.7,70.3491,8420.2423,8349.8932,5845.0137,2505.0853
2026-06-07,West,Privatkunde,MAX_CHARGE,37105,156778.6,0,-2775.3122,0,2775.3122,1942.6053,832.5071
2026-06-07,West,Privatkunde,SELF_CONSUME,18100,19435.9,7795.3,1765.26,872.8167,-892.4433,-624.6986,-267.737
2026-06-08,East,Gewerbekunde,CHARGE,660,1816.6,33.2,100.3257,1.8912,-98.4345,-68.9041,-29.5285
2026-06-08,East,Gewerbekunde,DISCHARGE,1716,115.2,5238.5,16.1854,859.8887,843.7033,590.5916,253.1242
2026-06-08,East,Gewerbekunde,SELF_CONSUME,1584,1003.6,729.3,94.0554,85.0384,-9.017,-6.3098,-2.7077
2026-06-08,East,Kleingewerbe,CHARGE,2265,6106.4,128.5,337.2178,7.302,-329.9158,-230.9388,-98.9733
2026-06-08,East,Kleingewerbe,DISCHARGE,5889,430.2,18013.5,60.1373,2961.3131,2901.1758,2030.8269,870.398
2026-06-08,East,Kleingewerbe,SELF_CONSUME,5436,3278,2657,313.1826,300.001,-13.1816,-9.217,-3.9556
2026-06-08,East,Privatkunde,CHARGE,9195,24929.6,615.3,1376.2741,35.0092,-1341.2649,-938.8844,-402.3673
2026-06-08,East,Privatkunde,DISCHARGE,23907,1868.6,74141.5,262.1395,12173.6273,11911.4878,8338.0537,3573.6395
2026-06-08,East,Privatkunde,SELF_CONSUME,22068,13405.4,10849.6,1283.0642,1233.1767,-49.8875,-34.8833,-14.9826
2026-06-08,North,Gewerbekunde,CHARGE,1005,2739.2,84,151.2245,4.7923,-146.4322,-102.5022,-43.9291
2026-06-08,North,Gewerbekunde,DISCHARGE,2613,193.9,8093.3,27.1362,1328.8148,1301.6786,911.1776,390.5235
2026-06-08,North,Gewerbekunde,SELF_CONSUME,2412,1558.3,1109.1,149.217,125.9572,-23.2598,-16.2773,-6.9809
2026-06-08,North,Kleingewerbe,CHARGE,2415,6471.5,170.3,357.2571,9.6835,-347.5736,-243.3012,-104.2697
2026-06-08,North,Kleingewerbe,DISCHARGE,6279,489.1,19377.2,68.4652,3183.8733,3115.4081,2180.7899,934.6729
2026-06-08,North,Kleingewerbe,SELF_CONSUME,5796,3551.2,2891.9,340.2251,327.195,-13.0301,-9.1116,-3.9123
2026-06-08,North,Privatkunde,CHARGE,10290,27930.1,717.8,1541.8007,40.8561,-1500.9446,-1050.6567,-450.2748
2026-06-08,North,Privatkunde,DISCHARGE,26754,2115,83194.7,296.7012,13682.4974,13385.7962,9370.0765,4015.9494
2026-06-08,North,Privatkunde,SELF_CONSUME,24696,14461.9,12581.3,1377.2056,1421.4792,44.2736,31.0157,13.2641
2026-06-08,South,Gewerbekunde,CHARGE,1125,3046.4,72.9,168.1723,4.1492,-164.0231,-114.8162,-49.2072
2026-06-08,South,Gewerbekunde,DISCHARGE,2925,224.6,9042.1,31.5557,1488.2587,1456.703,1019.6959,437.0308
2026-06-08,South,Gewerbekunde,SELF_CONSUME,2700,1570.4,1346.2,145.5564,153.3909,7.8345,5.4884,2.3473
2026-06-08,South,Kleingewerbe,CHARGE,3180,8419.4,219.4,464.7075,12.4916,-452.2159,-316.5526,-135.6619
2026-06-08,South,Kleingewerbe,DISCHARGE,8268,613.4,25533.5,85.9873,4198.7216,4112.7343,2878.919,1233.884
2026-06-08,South,Kleingewerbe,SELF_CONSUME,7632,4464,3836.1,425.6314,436.8166,11.1852,7.8374,3.3508
2026-06-08,South,Privatkunde,CHARGE,12525,34181,826.3,1886.9008,47.0249,-1839.8759,-1287.9088,-551.9518
2026-06-08,South,Privatkunde,DISCHARGE,32565,2411.7,100927.6,338.0356,16610.3092,16272.2736,11390.6061,4881.9344
2026-06-08,South,Privatkunde,SELF_CONSUME,30060,17464.7,15147.7,1662.0303,1715.5603,53.53,37.4988,16.0398
2026-06-08,West,Gewerbekunde,CHARGE,1185,3182.2,82.8,175.6754,4.7143,-170.9611,-119.6717,-51.288
2026-06-08,West,Gewerbekunde,DISCHARGE,3081,240.8,9468.7,33.7323,1559.0421,1525.3098,1067.7162,457.617
2026-06-08,West,Gewerbekunde,SELF_CONSUME,2844,1768.2,1419.7,171.436,159.8021,-11.6339,-8.1409,-3.4908
2026-06-08,West,Kleingewerbe,CHARGE,3210,8703.8,207.1,480.5758,11.7919,-468.7839,-328.1486,-140.6351
2026-06-08,West,Kleingewerbe,DISCHARGE,8346,618.9,25839.9,86.8897,4248.5661,4161.6764,2913.1797,1248.5681
2026-06-08,West,Kleingewerbe,SELF_CONSUME,7704,4346.7,3862.2,411.1328,437.6986,26.5658,18.607,7.9653
2026-06-08,West,Privatkunde,CHARGE,13575,36717.1,938.1,2027.0075,53.3826,-1973.6249,-1381.5373,-592.072
2026-06-08,West,Privatkunde,DISCHARGE,35295,2620.2,109342.4,367.1714,17996.2044,17629.033,12340.3472,5288.9752
2026-06-08,West,Privatkunde,SELF_CONSUME,32580,19180.5,16434.1,1820.6041,1863.9039,43.2998,30.3547,12.9741
