HOUR,REGION,ACTIVE_VPP_DEVICES,TOTAL_BATTERY_SOC,AVG_BATTERY_SOC_PCT,TOTAL_SOLAR_YIELD_KW,AVG_SOLAR_YIELD_KW,NET_GRID_KW,PRICE_EUR_MWH,PRICE_EUR_KWH,DAY_OF_WEEK,HOUR_OF_DAY
2026-04-10 00:00:00.000,East,808,43856,54.3,0,0,222.4,78.83,0.07885,Fri,0
2026-04-10 00:00:00.000,North,914,51149,56,0,0,243.8,78.83,0.07885,Fri,0
2026-04-10 00:00:00.000,South,1122,61448,54.8,0,0,199.4,78.83,0.07885,Fri,0
2026-04-10 00:00:00.000,West,1198,65586,54.7,0,0,361.4,78.83,0.07885,Fri,0
2026-04-10 01:00:00.000,East,808,44622,55.2,0,0,230.1,78.5525,0.07855,Fri,1
2026-04-10 01:00:00.000,North,914,50068,54.8,0,0,177.3,78.5525,0.07855,Fri,1
2026-04-10 01:00:00.000,South,1122,61672,55,0,0,278,78.5525,0.07855,Fri,1
2026-04-10 01:00:00.000,West,1198,65873,55,0,0,303.1,78.5525,0.07855,Fri,1
2026-04-10 02:00:00.000,East,808,44986,55.7,0,0,175.6,81.1225,0.081125,Fri,2
2026-04-10 02:00:00.000,North,914,50680,55.4,0,0,227.8,81.1225,0.081125,Fri,2
2026-04-10 02:00:00.000,South,1122,61963,55.2,0,0,253.1,81.1225,0.081125,Fri,2
2026-04-10 02:00:00.000,West,1198,66302,55.3,0,0,313.5,81.1225,0.081125,Fri,2
2026-04-10 03:00:00.000,East,808,44609,55.2,0,0,205.1,88.7675,0.088775,Fri,3
2026-04-10 03:00:00.000,North,914,50260,55,0,0,268,88.7675,0.088775,Fri,3
2026-04-10 03:00:00.000,South,1122,62114,55.4,0,0,284.5,88.7675,0.088775,Fri,3
2026-04-10 03:00:00.000,West,1198,65842,55,0,0,287.2,88.7675,0.088775,Fri,3
2026-04-10 04:00:00.000,East,808,44347,54.9,0,0,211.1,112.1575,0.11215,Fri,4
2026-04-10 04:00:00.000,North,914,50471,55.2,0,0,229.3,112.1575,0.11215,Fri,4
2026-04-10 04:00:00.000,South,1122,61977,55.2,0,0,308.1,112.1575,0.11215,Fri,4
2026-04-10 04:00:00.000,West,1198,66126,55.2,0,0,230.4,112.1575,0.11215,Fri,4
2026-04-10 05:00:00.000,East,808,44421,55,0,0,238.5,126.4375,0.126425,Fri,5
2026-04-10 05:00:00.000,North,914,49814,54.5,0,0,200.5,126.4375,0.126425,Fri,5
2026-04-10 05:00:00.000,South,1122,61835,55.1,0,0,280.6,126.4375,0.126425,Fri,5
2026-04-10 05:00:00.000,West,1198,66011,55.1,0,0,327.7,126.4375,0.126425,Fri,5
2026-04-10 06:00:00.000,East,808,44322,54.9,1483.44,1.84,213.4,123.16,0.12315,Fri,6
2026-04-10 06:00:00.000,North,914,50334,55.1,1690.76,1.85,250,123.16,0.12315,Fri,6
2026-04-10 06:00:00.000,South,1122,61858,55.1,2135.23,1.9,305.1,123.16,0.12315,Fri,6
2026-04-10 06:00:00.000,West,1198,65559,54.7,2239.28,1.87,316.2,123.16,0.12315,Fri,6
2026-04-10 07:00:00.000,East,808,44947,55.6,1783.22,2.21,244.4,119.265,0.11925,Fri,7
2026-04-10 07:00:00.000,North,914,49935,54.6,2022.1,2.21,214.3,119.265,0.11925,Fri,7
2026-04-10 07:00:00.000,South,1122,61620,54.9,2489.73,2.22,336.8,119.265,0.11925,Fri,7
2026-04-10 07:00:00.000,West,1198,66261,55.3,2608.73,2.18,289.4,119.265,0.11925,Fri,7
2026-04-10 08:00:00.000,East,808,44339,54.9,2070,2.56,196.4,109.84,0.10985,Fri,8
2026-04-10 08:00:00.000,North,914,50410,55.2,2363.16,2.59,265.1,109.84,0.10985,Fri,8
2026-04-10 08:00:00.000,South,1122,61405,54.7,2857.8,2.55,275.1,109.84,0.10985,Fri,8
2026-04-10 08:00:00.000,West,1198,65739,54.9,3048.18,2.54,401,109.84,0.10985,Fri,8
2026-04-10 09:00:00.000,East,808,44556,55.1,2318.51,2.87,163.8,102.99,0.103,Fri,9
2026-04-10 09:00:00.000,North,914,50288,55,2571.94,2.81,197.1,102.99,0.103,Fri,9
2026-04-10 09:00:00.000,South,1122,61980,55.2,3124.52,2.78,255.5,102.99,0.103,Fri,9
2026-04-10 09:00:00.000,West,1198,66188,55.2,3539.06,2.95,277.2,102.99,0.103,Fri,9
2026-04-10 10:00:00.000,East,808,44787,55.4,2586.87,3.2,231.5,92.09,0.0921,Fri,10
2026-04-10 10:00:00.000,North,914,50360,55.1,2936.43,3.21,249.8,92.09,0.0921,Fri,10
2026-04-10 10:00:00.000,South,1122,61112,54.5,3653,3.26,300.5,92.09,0.0921,Fri,10
2026-04-10 10:00:00.000,West,1198,66324,55.4,3928.22,3.28,291.8,92.09,0.0921,Fri,10
2026-04-10 11:00:00.000,East,808,44214,54.7,2881.58,3.57,183.8,88.9375,0.088925,Fri,11
2026-04-10 11:00:00.000,North,914,50606,55.4,3260.28,3.57,220.6,88.9375,0.088925,Fri,11
2026-04-10 11:00:00.000,South,1122,62092,55.3,3967.19,3.54,257.9,88.9375,0.088925,Fri,11
2026-04-10 11:00:00.000,West,1198,66077,55.2,4301.58,3.59,301.6,88.9375,0.088925,Fri,11
2026-04-10 12:00:00.000,East,808,44082,54.6,3137.19,3.88,207.9,87.4,0.087425,Fri,12
2026-04-10 12:00:00.000,North,914,50274,55,3561.18,3.9,251.3,87.4,0.087425,Fri,12
2026-04-10 12:00:00.000,South,1122,61999,55.3,4311.98,3.84,338,87.4,0.087425,Fri,12
2026-04-10 12:00:00.000,West,1198,66213,55.3,4709.84,3.93,324,87.4,0.087425,Fri,12
2026-04-10 13:00:00.000,East,808,44463,55,3447.3,4.27,194.8,94.0175,0.094,Fri,13
2026-04-10 13:00:00.000,North,914,50411,55.2,3907.9,4.28,227.3,94.0175,0.094,Fri,13
2026-04-10 13:00:00.000,South,1122,61573,54.9,4806.6,4.28,216.6,94.0175,0.094,Fri,13
2026-04-10 13:00:00.000,West,1198,66114,55.2,5006.7,4.18,369.1,94.0175,0.094,Fri,13
2026-04-10 14:00:00.000,East,808,44599,55.2,3129.53,3.87,232.9,108.78,0.108775,Fri,14
2026-04-10 14:00:00.000,North,914,50512,55.3,3577.6,3.91,218.9,108.78,0.108775,Fri,14
2026-04-10 14:00:00.000,South,1122,61477,54.8,4475.68,3.99,272.9,108.78,0.108775,Fri,14
2026-04-10 14:00:00.000,West,1198,65939,55,4625.91,3.86,266.4,108.78,0.108775,Fri,14
2026-04-10 15:00:00.000,East,808,44268,54.8,2778.27,3.44,198.6,130.1025,0.1301,Fri,15
2026-04-10 15:00:00.000,North,914,50513,55.3,3270.51,3.58,221.4,130.1025,0.1301,Fri,15
2026-04-10 15:00:00.000,South,1122,61710,55,4136.42,3.69,291.7,130.1025,0.1301,Fri,15
2026-04-10 15:00:00.000,West,1198,65596,54.8,4296.51,3.59,299.4,130.1025,0.1301,Fri,15
2026-04-10 16:00:00.000,East,808,19089,23.6,2647.46,3.28,-2833,155.29,0.155275,Fri,16
2026-04-10 16:00:00.000,North,914,21385,23.4,2951.88,3.23,-3202,155.29,0.155275,Fri,16
2026-04-10 16:00:00.000,South,1122,26168,23.3,3556.52,3.17,-3944,155.29,0.155275,Fri,16
2026-04-10 16:00:00.000,West,1198,28160,23.5,3887.14,3.24,-4159,155.29,0.155275,Fri,16
2026-04-10 17:00:00.000,East,808,19055,23.6,2257.32,2.79,-2753,227.7675,0.227775,Fri,17
2026-04-10 17:00:00.000,North,914,21545,23.6,2637.89,2.89,-3160,227.7675,0.227775,Fri,17
2026-04-10 17:00:00.000,South,1122,26255,23.4,3231.4,2.88,-3920,227.7675,0.227775,Fri,17
2026-04-10 17:00:00.000,West,1198,28504,23.8,3383.51,2.82,-4225,227.7675,0.227775,Fri,17
2026-04-10 18:00:00.000,East,808,19056,23.6,2052.24,2.54,-2817,245.115,0.2451,Fri,18
2026-04-10 18:00:00.000,North,914,21805,23.9,2405.76,2.63,-3247,245.115,0.2451,Fri,18
2026-04-10 18:00:00.000,South,1122,26577,23.7,2847.42,2.54,-3920,245.115,0.2451,Fri,18
2026-04-10 18:00:00.000,West,1198,27787,23.2,3158.1,2.64,-4161,245.115,0.2451,Fri,18
2026-04-10 19:00:00.000,East,808,18936,23.4,1787.1,2.21,-2792,176.4775,0.176475,Fri,19
2026-04-10 19:00:00.000,North,914,21503,23.5,1992.43,2.18,-3223,176.4775,0.176475,Fri,19
2026-04-10 19:00:00.000,South,1122,26339,23.5,2562.36,2.28,-3903,176.4775,0.176475,Fri,19
2026-04-10 19:00:00.000,West,1198,28154,23.5,2598.72,2.17,-4152,176.4775,0.176475,Fri,19
2026-04-10 20:00:00.000,East,808,19012,23.5,1534.83,1.9,-2841,149.305,0.1493,Fri,20
2026-04-10 20:00:00.000,North,914,21391,23.4,1734.17,1.9,-3235,149.305,0.1493,Fri,20
2026-04-10 20:00:00.000,South,1122,26216,23.4,2080.54,1.85,-3985,149.305,0.1493,Fri,20
2026-04-10 20:00:00.000,West,1198,28299,23.6,2255.45,1.88,-4167,149.305,0.1493,Fri,20
2026-04-10 21:00:00.000,East,808,18747,23.2,0,0,-2852,131.96,0.131975,Fri,21
2026-04-10 21:00:00.000,North,914,21267,23.3,0,0,-3194,131.96,0.131975,Fri,21
2026-04-10 21:00:00.000,South,1122,26181,23.3,0,0,-3887,131.96,0.131975,Fri,21
2026-04-10 21:00:00.000,West,1198,28356,23.7,0,0,-4218,131.96,0.131975,Fri,21
2026-04-10 22:00:00.000,East,808,19029,23.6,0,0,-2908,134.015,0.13405,Fri,22
2026-04-10 22:00:00.000,North,914,21432,23.4,0,0,-3205,134.015,0.13405,Fri,22
2026-04-10 22:00:00.000,South,1122,25991,23.2,0,0,-4029,134.015,0.13405,Fri,22
2026-04-10 22:00:00.000,West,1198,27555,23,0,0,-4209,134.015,0.13405,Fri,22
2026-04-10 23:00:00.000,East,808,44404,55,0,0,237,120.6325,0.120625,Fri,23
2026-04-10 23:00:00.000,North,914,50208,54.9,0,0,205.3,120.6325,0.120625,Fri,23
2026-04-10 23:00:00.000,South,1122,61641,54.9,0,0,285.2,120.6325,0.120625,Fri,23
2026-04-10 23:00:00.000,West,1198,66726,55.7,0,0,347.7,120.6325,0.120625,Fri,23
2026-04-11 00:00:00.000,East,808,44407,55,0,0,181.1,114.3825,0.114375,Sat,0
2026-04-11 00:00:00.000,North,914,49987,54.7,0,0,207.9,114.3825,0.114375,Sat,0
2026-04-11 00:00:00.000,South,1122,61267,54.6,0,0,285.6,114.3825,0.114375,Sat,0
2026-04-11 00:00:00.000,West,1198,66010,55.1,0,0,292.9,114.3825,0.114375,Sat,0
2026-04-11 01:00:00.000,East,808,44619,55.2,0,0,193.2,112.35,0.11235,Sat,1
2026-04-11 01:00:00.000,North,914,49739,54.4,0,0,255.2,112.35,0.11235,Sat,1
2026-04-11 01:00:00.000,South,1122,61727,55,0,0,274.9,112.35,0.11235,Sat,1
2026-04-11 01:00:00.000,West,1198,66454,55.5,0,0,256.1,112.35,0.11235,Sat,1
2026-04-11 02:00:00.000,East,808,44857,55.5,0,0,196.8,110.8375,0.11085,Sat,2
2026-04-11 02:00:00.000,North,914,49778,54.5,0,0,244.4,110.8375,0.11085,Sat,2
2026-04-11 02:00:00.000,South,1122,61685,55,0,0,234.9,110.8375,0.11085,Sat,2
2026-04-11 02:00:00.000,West,1198,65897,55,0,0,236.8,110.8375,0.11085,Sat,2
2026-04-11 03:00:00.000,East,808,44570,55.2,0,0,196.4,108.36,0.108375,Sat,3
2026-04-11 03:00:00.000,North,914,50349,55.1,0,0,198.7,108.36,0.108375,Sat,3
2026-04-11 03:00:00.000,South,1122,62180,55.4,0,0,297.2,108.36,0.108375,Sat,3
2026-04-11 03:00:00.000,West,1198,66168,55.2,0,0,321.3,108.36,0.108375,Sat,3
2026-04-11 04:00:00.000,East,808,44660,55.3,0,0,222,106.605,0.106625,Sat,4
2026-04-11 04:00:00.000,North,914,50214,54.9,0,0,254.2,106.605,0.106625,Sat,4
2026-04-11 04:00:00.000,South,1122,61347,54.7,0,0,235.4,106.605,0.106625,Sat,4
2026-04-11 04:00:00.000,West,1198,65700,54.8,0,0,326,106.605,0.106625,Sat,4
2026-04-11 05:00:00.000,East,808,44151,54.6,0,0,243.8,93.2375,0.09325,Sat,5
2026-04-11 05:00:00.000,North,914,50498,55.2,0,0,267.9,93.2375,0.09325,Sat,5
2026-04-11 05:00:00.000,South,1122,61376,54.7,0,0,282.4,93.2375,0.09325,Sat,5
2026-04-11 05:00:00.000,West,1198,66422,55.4,0,0,312.9,93.2375,0.09325,Sat,5
2026-04-11 06:00:00.000,East,808,44652,55.3,1486.97,1.84,206.9,69.61,0.0696,Sat,6
2026-04-11 06:00:00.000,North,914,50262,55,1741.11,1.9,252.1,69.61,0.0696,Sat,6
2026-04-11 06:00:00.000,South,1122,61618,54.9,2070.35,1.85,293.5,69.61,0.0696,Sat,6
2026-04-11 06:00:00.000,West,1198,66035,55.1,2289.31,1.91,253.3,69.61,0.0696,Sat,6
2026-04-11 07:00:00.000,East,808,65333,80.9,1738.61,2.15,2606.4,21.57,0.021575,Sat,7
2026-04-11 07:00:00.000,North,914,73878,80.8,2053.18,2.25,2999.4,21.57,0.021575,Sat,7
2026-04-11 07:00:00.000,South,1122,90446,80.6,2435.89,2.17,3658.5,21.57,0.021575,Sat,7
2026-04-11 07:00:00.000,West,1198,97182,81.1,2631.11,2.2,3892,21.57,0.021575,Sat,7
2026-04-11 08:00:00.000,East,808,72630,89.9,2063.88,2.55,3442.2,-0.1575,-0.000175,Sat,8
2026-04-11 08:00:00.000,North,914,82360,90.1,2354.28,2.58,3906.6,-0.1575,-0.000175,Sat,8
2026-04-11 08:00:00.000,South,1122,101005,90,2819.94,2.51,4762.7,-0.1575,-0.000175,Sat,8
2026-04-11 08:00:00.000,West,1198,107681,89.9,3078,2.57,5086.6,-0.1575,-0.000175,Sat,8
2026-04-11 09:00:00.000,East,808,72734,90,2300.77,2.85,3443.8,-8.3075,-0.008325,Sat,9
2026-04-11 09:00:00.000,North,914,82243,90,2624.91,2.87,3877.2,-8.3075,-0.008325,Sat,9
2026-04-11 09:00:00.000,South,1122,101160,90.2,3280.49,2.92,4768,-8.3075,-0.008325,Sat,9
2026-04-11 09:00:00.000,West,1198,107935,90.1,3367.05,2.81,5081.8,-8.3075,-0.008325,Sat,9
2026-04-11 10:00:00.000,East,808,72756,90,2444.76,3.03,3433.8,-40.2525,-0.04025,Sat,10
2026-04-11 10:00:00.000,North,914,82292,90,2918.95,3.19,3890.6,-40.2525,-0.04025,Sat,10
2026-04-11 10:00:00.000,South,1122,100917,89.9,3587.77,3.2,4785.6,-40.2525,-0.04025,Sat,10
2026-04-11 10:00:00.000,West,1198,107911,90.1,3924.76,3.28,5085.5,-40.2525,-0.04025,Sat,10
2026-04-11 11:00:00.000,East,808,72753,90,2878.6,3.56,3436,-79.965,-0.07995,Sat,11
2026-04-11 11:00:00.000,North,914,82350,90.1,3292.61,3.6,3867,-79.965,-0.07995,Sat,11
2026-04-11 11:00:00.000,South,1122,101110,90.1,4071.64,3.63,4774.3,-79.965,-0.07995,Sat,11
2026-04-11 11:00:00.000,West,1198,107587,89.8,4274.15,3.57,5124.4,-79.965,-0.07995,Sat,11
2026-04-11 12:00:00.000,East,808,72813,90.1,3147,3.89,3423.3,-77.635,-0.07765,Sat,12
2026-04-11 12:00:00.000,North,914,82166,89.9,3626.35,3.97,3911.8,-77.635,-0.07765,Sat,12
2026-04-11 12:00:00.000,South,1122,100957,90,4317.17,3.85,4795.9,-77.635,-0.07765,Sat,12
2026-04-11 12:00:00.000,West,1198,107901,90.1,4698.59,3.92,5098.1,-77.635,-0.07765,Sat,12
2026-04-11 13:00:00.000,East,808,72792,90.1,3449.3,4.27,3451.5,-45.8275,-0.045825,Sat,13
2026-04-11 13:00:00.000,North,914,82329,90.1,3806.4,4.16,3871.5,-45.8275,-0.045825,Sat,13
2026-04-11 13:00:00.000,South,1122,100982,90,4704.7,4.19,4748.3,-45.8275,-0.045825,Sat,13
2026-04-11 13:00:00.000,West,1198,107822,90,4931.1,4.12,5105.7,-45.8275,-0.045825,Sat,13
2026-04-11 14:00:00.000,East,808,72703,90,3068.5,3.8,3451.5,-15.7975,-0.0158,Sat,14
2026-04-11 14:00:00.000,North,914,82176,89.9,3506.9,3.84,3898.1,-15.7975,-0.0158,Sat,14
2026-04-11 14:00:00.000,South,1122,101220,90.2,4366.86,3.89,4768.2,-15.7975,-0.0158,Sat,14
2026-04-11 14:00:00.000,West,1198,107726,89.9,4621.72,3.86,5102.2,-15.7975,-0.0158,Sat,14
2026-04-11 15:00:00.000,East,808,72782,90.1,2904.2,3.59,3439.4,-0.715,-0.000725,Sat,15
2026-04-11 15:00:00.000,North,914,82210,89.9,3269.97,3.58,3886.5,-0.715,-0.000725,Sat,15
2026-04-11 15:00:00.000,South,1122,100915,89.9,4037.67,3.6,4762,-0.715,-0.000725,Sat,15
2026-04-11 15:00:00.000,West,1198,107713,89.9,4306.9,3.6,5083.8,-0.715,-0.000725,Sat,15
2026-04-11 16:00:00.000,East,808,65684,81.3,2598.9,3.22,2645.6,43.6975,0.0437,Sat,16
2026-04-11 16:00:00.000,North,914,73821,80.8,3003.54,3.29,2959.6,43.6975,0.0437,Sat,16
2026-04-11 16:00:00.000,South,1122,91227,81.3,3678.22,3.28,3623.5,43.6975,0.0437,Sat,16
2026-04-11 16:00:00.000,West,1198,96830,80.8,3768.36,3.15,3901.4,43.6975,0.0437,Sat,16
2026-04-11 17:00:00.000,East,808,44293,54.8,2380.04,2.95,191.9,73.8175,0.073825,Sat,17
2026-04-11 17:00:00.000,North,914,50015,54.7,2616.18,2.86,237.2,73.8175,0.073825,Sat,17
2026-04-11 17:00:00.000,South,1122,61976,55.2,3278.7,2.92,324.7,73.8175,0.073825,Sat,17
2026-04-11 17:00:00.000,West,1198,66078,55.2,3387.95,2.83,354.7,73.8175,0.073825,Sat,17
2026-04-11 18:00:00.000,East,808,44185,54.7,2069.52,2.56,210.6,74.7875,0.0748,Sat,18
2026-04-11 18:00:00.000,North,914,50021,54.7,2344.74,2.57,319.4,74.7875,0.0748,Sat,18
2026-04-11 18:00:00.000,South,1122,62261,55.5,2926.38,2.61,261.4,74.7875,0.0748,Sat,18
2026-04-11 18:00:00.000,West,1198,65789,54.9,2995.5,2.5,420.5,74.7875,0.0748,Sat,18
2026-04-11 19:00:00.000,East,808,65499,81.1,1808.91,2.24,2589.8,65.2325,0.065225,Sat,19
2026-04-11 19:00:00.000,North,914,74341,81.3,1989.04,2.18,2935.3,65.2325,0.065225,Sat,19
2026-04-11 19:00:00.000,South,1122,91151,81.2,2458.76,2.19,3634.6,65.2325,0.065225,Sat,19
2026-04-11 19:00:00.000,West,1198,96824,80.8,2668.97,2.23,3898,65.2325,0.065225,Sat,19
2026-04-11 20:00:00.000,East,808,44356,54.9,1476.14,1.83,207.7,68.6275,0.068625,Sat,20
2026-04-11 20:00:00.000,North,914,50302,55,1666.4,1.82,234,68.6275,0.068625,Sat,20
2026-04-11 20:00:00.000,South,1122,61761,55,2112.71,1.88,288.7,68.6275,0.068625,Sat,20
2026-04-11 20:00:00.000,West,1198,65932,55,2255.73,1.88,277.9,68.6275,0.068625,Sat,20
2026-04-11 21:00:00.000,East,808,44686,55.3,0,0,184.5,68.625,0.068625,Sat,21
2026-04-11 21:00:00.000,North,914,50449,55.2,0,0,194.2,68.625,0.068625,Sat,21
2026-04-11 21:00:00.000,South,1122,61857,55.1,0,0,285.5,68.625,0.068625,Sat,21
2026-04-11 21:00:00.000,West,1198,66148,55.2,0,0,320.9,68.625,0.068625,Sat,21
2026-04-11 22:00:00.000,East,808,44711,55.3,0,0,161.5,72.5225,0.072525,Sat,22
2026-04-11 22:00:00.000,North,914,49737,54.4,0,0,197.7,72.5225,0.072525,Sat,22
2026-04-11 22:00:00.000,South,1122,61588,54.9,0,0,281.8,72.5225,0.072525,Sat,22
2026-04-11 22:00:00.000,West,1198,66274,55.3,0,0,217.6,72.5225,0.072525,Sat,22
2026-04-11 23:00:00.000,East,808,44561,55.1,0,0,140.3,76.5725,0.076575,Sat,23
2026-04-11 23:00:00.000,North,914,50057,54.8,0,0,184.7,76.5725,0.076575,Sat,23
2026-04-11 23:00:00.000,South,1122,61769,55.1,0,0,161.5,76.5725,0.076575,Sat,23
2026-04-11 23:00:00.000,West,1198,65527,54.7,0,0,340.6,76.5725,0.076575,Sat,23
2026-04-12 00:00:00.000,East,808,44339,54.9,0,0,137.7,80.4225,0.080425,Sun,0
2026-04-12 00:00:00.000,North,914,50068,54.8,0,0,270.5,80.4225,0.080425,Sun,0
2026-04-12 00:00:00.000,South,1122,61824,55.1,0,0,300.2,80.4225,0.080425,Sun,0
2026-04-12 00:00:00.000,West,1198,65970,55.1,0,0,273,80.4225,0.080425,Sun,0
2026-04-12 01:00:00.000,East,808,44824,55.5,0,0,183,85.26,0.08525,Sun,1
2026-04-12 01:00:00.000,North,914,50234,55,0,0,298.6,85.26,0.08525,Sun,1
2026-04-12 01:00:00.000,South,1122,61450,54.8,0,0,311.8,85.26,0.08525,Sun,1
2026-04-12 01:00:00.000,West,1198,65971,55.1,0,0,308.3,85.26,0.08525,Sun,1
2026-04-12 02:00:00.000,East,808,45126,55.8,0,0,225.8,95.1025,0.095125,Sun,2
2026-04-12 02:00:00.000,North,914,50468,55.2,0,0,223.3,95.1025,0.095125,Sun,2
2026-04-12 02:00:00.000,South,1122,61145,54.5,0,0,246.6,95.1025,0.095125,Sun,2
2026-04-12 02:00:00.000,West,1198,65940,55,0,0,262,95.1025,0.095125,Sun,2
2026-04-12 03:00:00.000,East,808,43868,54.3,0,0,211.4,98.05,0.098025,Sun,3
2026-04-12 03:00:00.000,North,914,50162,54.9,0,0,200.8,98.05,0.098025,Sun,3
2026-04-12 03:00:00.000,South,1122,61814,55.1,0,0,265.9,98.05,0.098025,Sun,3
2026-04-12 03:00:00.000,West,1198,65763,54.9,0,0,210.1,98.05,0.098025,Sun,3
2026-04-12 04:00:00.000,East,808,44600,55.2,0,0,183.5,98.7,0.0987,Sun,4
2026-04-12 04:00:00.000,North,914,50619,55.4,0,0,243.6,98.7,0.0987,Sun,4
2026-04-12 04:00:00.000,South,1122,62153,55.4,0,0,349.3,98.7,0.0987,Sun,4
2026-04-12 04:00:00.000,West,1198,65881,55,0,0,263.7,98.7,0.0987,Sun,4
2026-04-12 05:00:00.000,East,808,44489,55.1,0,0,175.3,94.3175,0.094325,Sun,5
2026-04-12 05:00:00.000,North,914,50480,55.2,0,0,233.6,94.3175,0.094325,Sun,5
2026-04-12 05:00:00.000,South,1122,61538,54.8,0,0,329.6,94.3175,0.094325,Sun,5
2026-04-12 05:00:00.000,West,1198,65680,54.8,0,0,271.7,94.3175,0.094325,Sun,5
2026-04-12 06:00:00.000,East,808,44089,54.6,1510.78,1.87,215.5,76.1025,0.0761,Sun,6
2026-04-12 06:00:00.000,North,914,50283,55,1677.67,1.84,132.9,76.1025,0.0761,Sun,6
2026-04-12 06:00:00.000,South,1122,61877,55.1,2023.33,1.8,272.4,76.1025,0.0761,Sun,6
2026-04-12 06:00:00.000,West,1198,66452,55.5,2251.81,1.88,234.9,76.1025,0.0761,Sun,6
2026-04-12 07:00:00.000,East,808,65455,81,1824.14,2.26,2613.8,53.3225,0.053325,Sun,7
2026-04-12 07:00:00.000,North,914,74283,81.3,2025.02,2.22,2984.8,53.3225,0.053325,Sun,7
2026-04-12 07:00:00.000,South,1122,90898,81,2498.9,2.23,3661.5,53.3225,0.053325,Sun,7
2026-04-12 07:00:00.000,West,1198,97101,81.1,2577.93,2.15,3886.2,53.3225,0.053325,Sun,7
2026-04-12 08:00:00.000,East,808,65424,81,2071.5,2.56,2611.9,30.2325,0.030225,Sun,8
2026-04-12 08:00:00.000,North,914,74107,81.1,2345.4,2.57,2958.3,30.2325,0.030225,Sun,8
2026-04-12 08:00:00.000,South,1122,91170,81.3,2820.18,2.51,3646.9,30.2325,0.030225,Sun,8
2026-04-12 08:00:00.000,West,1198,96863,80.9,3015.18,2.52,3907.6,30.2325,0.030225,Sun,8
2026-04-12 09:00:00.000,East,808,65474,81,2287.7,2.83,2629.2,22.415,0.022425,Sun,9
2026-04-12 09:00:00.000,North,914,74096,81.1,2574.45,2.82,3018.4,22.415,0.022425,Sun,9
2026-04-12 09:00:00.000,South,1122,90462,80.6,3282.88,2.93,3650.7,22.415,0.022425,Sun,9
2026-04-12 09:00:00.000,West,1198,96787,80.8,3470.07,2.9,3894,22.415,0.022425,Sun,9
2026-04-12 10:00:00.000,East,808,65361,80.9,2668.13,3.3,2612.9,14.975,0.015,Sun,10
2026-04-12 10:00:00.000,North,914,74271,81.3,3067.04,3.36,2970,14.975,0.015,Sun,10
2026-04-12 10:00:00.000,South,1122,90835,81,3650.69,3.25,3629.9,14.975,0.015,Sun,10
2026-04-12 10:00:00.000,West,1198,96647,80.7,3770.2,3.15,3918.2,14.975,0.015,Sun,10
2026-04-12 11:00:00.000,East,808,65443,81,2926.51,3.62,2655.9,1.97,0.001975,Sun,11
2026-04-12 11:00:00.000,North,914,74114,81.1,3210.39,3.51,2960.1,1.97,0.001975,Sun,11
2026-04-12 11:00:00.000,South,1122,90707,80.8,3909.64,3.48,3626.5,1.97,0.001975,Sun,11
2026-04-12 11:00:00.000,West,1198,96650,80.7,4241.26,3.54,3902.9,1.97,0.001975,Sun,11
2026-04-12 12:00:00.000,East,808,65535,81.1,3058.7,3.79,2626.9,4.625,0.004625,Sun,12
2026-04-12 12:00:00.000,North,914,73981,80.9,3546.7,3.88,2966.7,4.625,0.004625,Sun,12
2026-04-12 12:00:00.000,South,1122,90771,80.9,4433.94,3.95,3630.8,4.625,0.004625,Sun,12
2026-04-12 12:00:00.000,West,1198,97549,81.4,4668.09,3.9,3899.8,4.625,0.004625,Sun,12
2026-04-12 13:00:00.000,East,808,65638,81.2,3360.3,4.16,2640.8,15.905,0.0159,Sun,13
2026-04-12 13:00:00.000,North,914,74010,81,3886.4,4.25,2981.9,15.905,0.0159,Sun,13
2026-04-12 13:00:00.000,South,1122,90915,81,4728.1,4.21,3654.3,15.905,0.0159,Sun,13
2026-04-12 13:00:00.000,West,1198,96807,80.8,5144,4.29,3871.1,15.905,0.0159,Sun,13
2026-04-12 14:00:00.000,East,808,65363,80.9,3206.24,3.97,2638.5,67.55,0.06755,Sun,14
2026-04-12 14:00:00.000,North,914,74334,81.3,3596.72,3.94,2966.6,67.55,0.06755,Sun,14
2026-04-12 14:00:00.000,South,1122,90992,81.1,4454.04,3.97,3628.4,67.55,0.06755,Sun,14
2026-04-12 14:00:00.000,West,1198,97036,81,4716.72,3.94,3858.4,67.55,0.06755,Sun,14
2026-04-12 15:00:00.000,East,808,44410,55,2914.45,3.61,208.6,110.1775,0.110175,Sun,15
2026-04-12 15:00:00.000,North,914,50217,54.9,3324.08,3.64,204.5,110.1775,0.110175,Sun,15
2026-04-12 15:00:00.000,South,1122,62582,55.8,4050.97,3.61,276.9,110.1775,0.110175,Sun,15
2026-04-12 15:00:00.000,West,1198,65630,54.8,4383.48,3.66,356.9,110.1775,0.110175,Sun,15
2026-04-12 16:00:00.000,East,808,18986,23.5,2620.45,3.24,-2856,135.3875,0.135375,Sun,16
2026-04-12 16:00:00.000,North,914,21733,23.8,2993.11,3.27,-3206,135.3875,0.135375,Sun,16
2026-04-12 16:00:00.000,South,1122,26306,23.4,3680.42,3.28,-3953,135.3875,0.135375,Sun,16
2026-04-12 16:00:00.000,West,1198,28064,23.4,3767.57,3.14,-4171,135.3875,0.135375,Sun,16
2026-04-12 17:00:00.000,East,808,18901,23.4,2311.08,2.86,-2770,144.765,0.1448,Sun,17
2026-04-12 17:00:00.000,North,914,21722,23.8,2622.6,2.87,-3170,144.765,0.1448,Sun,17
2026-04-12 17:00:00.000,South,1122,26427,23.6,3155.73,2.81,-3884,144.765,0.1448,Sun,17
2026-04-12 17:00:00.000,West,1198,27967,23.3,3414.7,2.85,-4148,144.765,0.1448,Sun,17
2026-04-12 18:00:00.000,East,808,18692,23.1,2102.1,2.6,-2806,146.8025,0.146775,Sun,18
2026-04-12 18:00:00.000,North,914,21399,23.4,2315.88,2.53,-3243,146.8025,0.146775,Sun,18
2026-04-12 18:00:00.000,South,1122,26359,23.5,2918.82,2.6,-3938,146.8025,0.146775,Sun,18
2026-04-12 18:00:00.000,West,1198,28165,23.5,3144.72,2.62,-4248,146.8025,0.146775,Sun,18
2026-04-12 19:00:00.000,East,808,19063,23.6,1823.68,2.26,-2834,136.7325,0.136725,Sun,19
2026-04-12 19:00:00.000,North,914,21355,23.4,2045.55,2.24,-3188,136.7325,0.136725,Sun,19
2026-04-12 19:00:00.000,South,1122,26241,23.4,2418.65,2.16,-3883,136.7325,0.136725,Sun,19
2026-04-12 19:00:00.000,West,1198,28277,23.6,2684.83,2.24,-4219,136.7325,0.136725,Sun,19
2026-04-12 20:00:00.000,East,808,44380,54.9,1476.34,1.83,231.9,130.6075,0.1306,Sun,20
2026-04-12 20:00:00.000,North,914,50092,54.8,1700.75,1.86,267.5,130.6075,0.1306,Sun,20
2026-04-12 20:00:00.000,South,1122,61859,55.1,2062.31,1.84,311.2,130.6075,0.1306,Sun,20
2026-04-12 20:00:00.000,West,1198,65864,55,2240.4,1.87,254.7,130.6075,0.1306,Sun,20
2026-04-12 21:00:00.000,East,808,44056,54.5,0,0,202.1,121.0175,0.121025,Sun,21
2026-04-12 21:00:00.000,North,914,50566,55.3,0,0,227.8,121.0175,0.121025,Sun,21
2026-04-12 21:00:00.000,South,1122,62081,55.3,0,0,304.7,121.0175,0.121025,Sun,21
2026-04-12 21:00:00.000,West,1198,65979,55.1,0,0,294.3,121.0175,0.121025,Sun,21
2026-04-12 22:00:00.000,East,808,44442,55,0,0,205.9,116.5425,0.11655,Sun,22
2026-04-12 22:00:00.000,North,914,50017,54.7,0,0,240.3,116.5425,0.11655,Sun,22
2026-04-12 22:00:00.000,South,1122,62083,55.3,0,0,370.7,116.5425,0.11655,Sun,22
2026-04-12 22:00:00.000,West,1198,66411,55.4,0,0,282.7,116.5425,0.11655,Sun,22
2026-04-12 23:00:00.000,East,808,44617,55.2,0,0,226.6,109.795,0.1098,Sun,23
2026-04-12 23:00:00.000,North,914,50122,54.8,0,0,286.9,109.795,0.1098,Sun,23
2026-04-12 23:00:00.000,South,1122,61917,55.2,0,0,303.7,109.795,0.1098,Sun,23
2026-04-12 23:00:00.000,West,1198,66197,55.3,0,0,321.5,109.795,0.1098,Sun,23
2026-04-13 00:00:00.000,East,808,44614,55.2,0,0,206,107.315,0.107325,Mon,0
2026-04-13 00:00:00.000,North,914,50557,55.3,0,0,239.7,107.315,0.107325,Mon,0
2026-04-13 00:00:00.000,South,1122,61792,55.1,0,0,263,107.315,0.107325,Mon,0
2026-04-13 00:00:00.000,West,1198,65825,54.9,0,0,329.5,107.315,0.107325,Mon,0
2026-04-13 01:00:00.000,East,808,44461,55,0,0,204.8,107.59,0.1076,Mon,1
2026-04-13 01:00:00.000,North,914,50766,55.5,0,0,256.5,107.59,0.1076,Mon,1
2026-04-13 01:00:00.000,South,1122,61238,54.6,0,0,250.9,107.59,0.1076,Mon,1
2026-04-13 01:00:00.000,West,1198,65549,54.7,0,0,313.3,107.59,0.1076,Mon,1
2026-04-13 02:00:00.000,East,808,44181,54.7,0,0,239.8,110.02,0.110025,Mon,2
2026-04-13 02:00:00.000,North,914,50095,54.8,0,0,251.3,110.02,0.110025,Mon,2
2026-04-13 02:00:00.000,South,1122,61919,55.2,0,0,299.5,110.02,0.110025,Mon,2
2026-04-13 02:00:00.000,West,1198,65470,54.6,0,0,324,110.02,0.110025,Mon,2
2026-04-13 03:00:00.000,East,808,44030,54.5,0,0,171.3,119.0725,0.119075,Mon,3
2026-04-13 03:00:00.000,North,914,49764,54.4,0,0,213.4,119.0725,0.119075,Mon,3
2026-04-13 03:00:00.000,South,1122,61568,54.9,0,0,249.3,119.0725,0.119075,Mon,3
2026-04-13 03:00:00.000,West,1198,65752,54.9,0,0,273.4,119.0725,0.119075,Mon,3
2026-04-13 04:00:00.000,East,808,18825,23.3,0,0,-2799,136.115,0.136125,Mon,4
2026-04-13 04:00:00.000,North,914,21686,23.7,0,0,-3179,136.115,0.136125,Mon,4
2026-04-13 04:00:00.000,South,1122,26173,23.3,0,0,-3933,136.115,0.136125,Mon,4
2026-04-13 04:00:00.000,West,1198,28421,23.7,0,0,-4149,136.115,0.136125,Mon,4
2026-04-13 05:00:00.000,East,808,18882,23.4,0,0,-2813,145.12,0.14515,Mon,5
2026-04-13 05:00:00.000,North,914,21166,23.2,0,0,-3158,145.12,0.14515,Mon,5
2026-04-13 05:00:00.000,South,1122,26214,23.4,0,0,-3943,145.12,0.14515,Mon,5
2026-04-13 05:00:00.000,West,1198,28112,23.5,0,0,-4242,145.12,0.14515,Mon,5
2026-04-13 06:00:00.000,East,808,18763,23.2,1516.71,1.88,-2832,173.88,0.173875,Mon,6
2026-04-13 06:00:00.000,North,914,21478,23.5,1715.41,1.88,-3216,173.88,0.173875,Mon,6
2026-04-13 06:00:00.000,South,1122,26220,23.4,2128.13,1.9,-3919,173.88,0.173875,Mon,6
2026-04-13 06:00:00.000,West,1198,28370,23.7,2279.91,1.9,-4156,173.88,0.173875,Mon,6
2026-04-13 07:00:00.000,East,808,18854,23.3,1722.04,2.13,-2871,160.965,0.160975,Mon,7
2026-04-13 07:00:00.000,North,914,21192,23.2,2015.21,2.2,-3214,160.965,0.160975,Mon,7
2026-04-13 07:00:00.000,South,1122,26810,23.9,2506.57,2.23,-3874,160.965,0.160975,Mon,7
2026-04-13 07:00:00.000,West,1198,27999,23.4,2642.29,2.21,-4173,160.965,0.160975,Mon,7
2026-04-13 08:00:00.000,East,808,18938,23.4,2082.6,2.58,-2834,138.63,0.138625,Mon,8
2026-04-13 08:00:00.000,North,914,21602,23.6,2276.52,2.49,-3180,138.63,0.138625,Mon,8
2026-04-13 08:00:00.000,South,1122,26217,23.4,2827.44,2.52,-3965,138.63,0.138625,Mon,8
2026-04-13 08:00:00.000,West,1198,28704,24,3077.88,2.57,-4214,138.63,0.138625,Mon,8
2026-04-13 09:00:00.000,East,808,44085,54.6,2347.64,2.91,186.4,116,0.116,Mon,9
2026-04-13 09:00:00.000,North,914,50491,55.2,2645.51,2.89,235.4,116,0.116,Mon,9
2026-04-13 09:00:00.000,South,1122,61695,55,3220.71,2.87,326.1,116,0.116,Mon,9
2026-04-13 09:00:00.000,West,1198,65988,55.1,3522.05,2.94,322.9,116,0.116,Mon,9
2026-04-13 10:00:00.000,East,808,44872,55.5,2578.21,3.19,208,104.735,0.104725,Mon,10
2026-04-13 10:00:00.000,North,914,50376,55.1,2949.92,3.23,236.6,104.735,0.104725,Mon,10
2026-04-13 10:00:00.000,South,1122,61539,54.8,3556.03,3.17,271.3,104.735,0.104725,Mon,10
2026-04-13 10:00:00.000,West,1198,65536,54.7,3845.01,3.21,333.1,104.735,0.104725,Mon,10
2026-04-13 11:00:00.000,East,808,43922,54.4,2984.28,3.69,245.9,97.3925,0.0974,Mon,11
2026-04-13 11:00:00.000,North,914,50345,55.1,3251.21,3.56,244.4,97.3925,0.0974,Mon,11
2026-04-13 11:00:00.000,South,1122,61753,55,4000.92,3.57,257.6,97.3925,0.0974,Mon,11
2026-04-13 11:00:00.000,West,1198,65851,55,4323.16,3.61,312.1,97.3925,0.0974,Mon,11
2026-04-13 12:00:00.000,East,808,44217,54.7,3327.59,4.12,201.2,101.695,0.1017,Mon,12
2026-04-13 12:00:00.000,North,914,50480,55.2,3528.7,3.86,238.2,101.695,0.1017,Mon,12
2026-04-13 12:00:00.000,South,1122,61816,55.1,4507.01,4.02,245,101.695,0.1017,Mon,12
2026-04-13 12:00:00.000,West,1198,65939,55,4733.29,3.95,299.8,101.695,0.1017,Mon,12
2026-04-13 13:00:00.000,East,808,44293,54.8,3449.2,4.27,241.5,104.6375,0.10465,Mon,13
2026-04-13 13:00:00.000,North,914,50425,55.2,3812.4,4.17,227.3,104.6375,0.10465,Mon,13
2026-04-13 13:00:00.000,South,1122,62008,55.3,4725.6,4.21,292.6,104.6375,0.10465,Mon,13
2026-04-13 13:00:00.000,West,1198,66195,55.3,5041.5,4.21,259.7,104.6375,0.10465,Mon,13
2026-04-13 14:00:00.000,East,808,44195,54.7,3153.19,3.9,194.6,114.5975,0.1146,Mon,14
2026-04-13 14:00:00.000,North,914,50367,55.1,3544.72,3.88,203.6,114.5975,0.1146,Mon,14
2026-04-13 14:00:00.000,South,1122,61432,54.8,4309.99,3.84,248.5,114.5975,0.1146,Mon,14
2026-04-13 14:00:00.000,West,1198,66313,55.4,4678.3,3.91,327.1,114.5975,0.1146,Mon,14
2026-04-13 15:00:00.000,East,808,44291,54.8,2918.16,3.61,209.7,130.3775,0.130375,Mon,15
2026-04-13 15:00:00.000,North,914,50187,54.9,3164.07,3.46,270.1,130.3775,0.130375,Mon,15
2026-04-13 15:00:00.000,South,1122,61804,55.1,4015.38,3.58,270.4,130.3775,0.130375,Mon,15
2026-04-13 15:00:00.000,West,1198,65424,54.6,4277.05,3.57,332.1,130.3775,0.130375,Mon,15
2026-04-13 16:00:00.000,East,808,18850,23.3,2525.91,3.13,-2775,148.2,0.1482,Mon,16
2026-04-13 16:00:00.000,North,914,21130,23.1,2945.57,3.22,-3245,148.2,0.1482,Mon,16
2026-04-13 16:00:00.000,South,1122,26467,23.6,3565.24,3.18,-3867,148.2,0.1482,Mon,16
2026-04-13 16:00:00.000,West,1198,28426,23.7,3888.01,3.25,-4237,148.2,0.1482,Mon,16
2026-04-13 17:00:00.000,East,808,19077,23.6,2372.26,2.94,-2795,164.5225,0.164525,Mon,17
2026-04-13 17:00:00.000,North,914,21718,23.8,2615.07,2.86,-3192,164.5225,0.164525,Mon,17
2026-04-13 17:00:00.000,South,1122,26785,23.9,3211.39,2.86,-3924,164.5225,0.164525,Mon,17
2026-04-13 17:00:00.000,West,1198,28438,23.7,3432.69,2.87,-4180,164.5225,0.164525,Mon,17
2026-04-13 18:00:00.000,East,808,19027,23.5,2116.56,2.62,-2849,156.61,0.156625,Mon,18
2026-04-13 18:00:00.000,North,914,21322,23.3,2345.82,2.57,-3235,156.61,0.156625,Mon,18
2026-04-13 18:00:00.000,South,1122,26577,23.7,2855.46,2.54,-3894,156.61,0.156625,Mon,18
2026-04-13 18:00:00.000,West,1198,28264,23.6,3098.04,2.59,-4218,156.61,0.156625,Mon,18
2026-04-13 19:00:00.000,East,808,19276,23.9,1807.01,2.24,-2838,139.0475,0.13905,Mon,19
2026-04-13 19:00:00.000,North,914,21200,23.2,2070.37,2.27,-3238,139.0475,0.13905,Mon,19
2026-04-13 19:00:00.000,South,1122,26482,23.6,2480.24,2.21,-3944,139.0475,0.13905,Mon,19
2026-04-13 19:00:00.000,West,1198,27924,23.3,2624.9,2.19,-4214,139.0475,0.13905,Mon,19
2026-04-13 20:00:00.000,East,808,44295,54.8,1522.05,1.88,197.4,129.76,0.129775,Mon,20
2026-04-13 20:00:00.000,North,914,50192,54.9,1700.8,1.86,293.2,129.76,0.129775,Mon,20
2026-04-13 20:00:00.000,South,1122,61869,55.1,2091.11,1.86,280.7,129.76,0.129775,Mon,20
2026-04-13 20:00:00.000,West,1198,65805,54.9,2258.5,1.89,321.1,129.76,0.129775,Mon,20
2026-04-13 21:00:00.000,East,808,44705,55.3,0,0,181.9,122.6275,0.122625,Mon,21
2026-04-13 21:00:00.000,North,914,50603,55.4,0,0,251.3,122.6275,0.122625,Mon,21
2026-04-13 21:00:00.000,South,1122,61559,54.9,0,0,196.4,122.6275,0.122625,Mon,21
2026-04-13 21:00:00.000,West,1198,65578,54.7,0,0,285.2,122.6275,0.122625,Mon,21
2026-04-13 22:00:00.000,East,808,44256,54.8,0,0,218.6,116.0625,0.11605,Mon,22
2026-04-13 22:00:00.000,North,914,50126,54.8,0,0,271.6,116.0625,0.11605,Mon,22
2026-04-13 22:00:00.000,South,1122,61788,55.1,0,0,289.9,116.0625,0.11605,Mon,22
2026-04-13 22:00:00.000,West,1198,65508,54.7,0,0,259.8,116.0625,0.11605,Mon,22
2026-04-13 23:00:00.000,East,808,44375,54.9,0,0,207.7,113.665,0.1137,Mon,23
2026-04-13 23:00:00.000,North,914,50507,55.3,0,0,170.8,113.665,0.1137,Mon,23
2026-04-13 23:00:00.000,South,1122,61348,54.7,0,0,283.4,113.665,0.1137,Mon,23
2026-04-13 23:00:00.000,West,1198,65763,54.9,0,0,299.7,113.665,0.1137,Mon,23
2026-04-14 00:00:00.000,East,808,44276,54.8,0,0,138.1,114.99,0.115,Tue,0
2026-04-14 00:00:00.000,North,914,50039,54.7,0,0,168,114.99,0.115,Tue,0
2026-04-14 00:00:00.000,South,1122,61513,54.8,0,0,324.3,114.99,0.115,Tue,0
2026-04-14 00:00:00.000,West,1198,65925,55,0,0,338.7,114.99,0.115,Tue,0
2026-04-14 01:00:00.000,East,808,44629,55.2,0,0,186.5,113.385,0.1134,Tue,1
2026-04-14 01:00:00.000,North,914,50306,55,0,0,268.7,113.385,0.1134,Tue,1
2026-04-14 01:00:00.000,South,1122,61531,54.8,0,0,341.6,113.385,0.1134,Tue,1
2026-04-14 01:00:00.000,West,1198,66115,55.2,0,0,291.4,113.385,0.1134,Tue,1
2026-04-14 02:00:00.000,East,808,44530,55.1,0,0,204.8,114.68,0.114675,Tue,2
2026-04-14 02:00:00.000,North,914,49807,54.5,0,0,225.8,114.68,0.114675,Tue,2
2026-04-14 02:00:00.000,South,1122,61578,54.9,0,0,284.9,114.68,0.114675,Tue,2
2026-04-14 02:00:00.000,West,1198,65352,54.6,0,0,302.4,114.68,0.114675,Tue,2
2026-04-14 03:00:00.000,East,808,44659,55.3,0,0,179.6,118.1475,0.118175,Tue,3
2026-04-14 03:00:00.000,North,914,50357,55.1,0,0,217.9,118.1475,0.118175,Tue,3
2026-04-14 03:00:00.000,South,1122,61713,55,0,0,338.1,118.1475,0.118175,Tue,3
2026-04-14 03:00:00.000,West,1198,66131,55.2,0,0,248.2,118.1475,0.118175,Tue,3
2026-04-14 04:00:00.000,East,808,18976,23.5,0,0,-2799,138.72,0.138725,Tue,4
2026-04-14 04:00:00.000,North,914,21380,23.4,0,0,-3187,138.72,0.138725,Tue,4
2026-04-14 04:00:00.000,South,1122,26422,23.5,0,0,-3962,138.72,0.138725,Tue,4
2026-04-14 04:00:00.000,West,1198,28344,23.7,0,0,-4257,138.72,0.138725,Tue,4
2026-04-14 05:00:00.000,East,808,18779,23.2,0,0,-2870,163.0225,0.16305,Tue,5
2026-04-14 05:00:00.000,North,914,21742,23.8,0,0,-3279,163.0225,0.16305,Tue,5
2026-04-14 05:00:00.000,South,1122,26494,23.6,0,0,-3896,163.0225,0.16305,Tue,5
2026-04-14 05:00:00.000,West,1198,28371,23.7,0,0,-4073,163.0225,0.16305,Tue,5
2026-04-14 06:00:00.000,East,808,18613,23,1512.97,1.87,-2782,164.495,0.1645,Tue,6
2026-04-14 06:00:00.000,North,914,21396,23.4,1677.51,1.84,-3225,164.495,0.1645,Tue,6
2026-04-14 06:00:00.000,South,1122,26369,23.5,2014.88,1.8,-3947,164.495,0.1645,Tue,6
2026-04-14 06:00:00.000,West,1198,28330,23.6,2186.2,1.82,-4198,164.495,0.1645,Tue,6
2026-04-14 07:00:00.000,East,808,18724,23.2,1823.34,2.26,-2810,144.33,0.144325,Tue,7
2026-04-14 07:00:00.000,North,914,21201,23.2,1978.14,2.16,-3165,144.33,0.144325,Tue,7
2026-04-14 07:00:00.000,South,1122,26505,23.6,2525.26,2.25,-3970,144.33,0.144325,Tue,7
2026-04-14 07:00:00.000,West,1198,28389,23.7,2621.55,2.19,-4168,144.33,0.144325,Tue,7
2026-04-14 08:00:00.000,East,808,44660,55.3,2034.84,2.52,234.1,128.83,0.128825,Tue,8
2026-04-14 08:00:00.000,North,914,49934,54.6,2355.84,2.58,211.8,128.83,0.128825,Tue,8
2026-04-14 08:00:00.000,South,1122,61589,54.9,2913.78,2.6,258.7,128.83,0.128825,Tue,8
2026-04-14 08:00:00.000,West,1198,66016,55.1,3016.02,2.52,332.1,128.83,0.128825,Tue,8
2026-04-14 09:00:00.000,East,808,44571,55.2,2327.64,2.88,140.2,117.3325,0.11735,Tue,9
2026-04-14 09:00:00.000,North,914,50522,55.3,2613.69,2.86,254.9,117.3325,0.11735,Tue,9
2026-04-14 09:00:00.000,South,1122,61707,55,3275.54,2.92,298.2,117.3325,0.11735,Tue,9
2026-04-14 09:00:00.000,West,1198,65726,54.9,3422.64,2.86,252.6,117.3325,0.11735,Tue,9
2026-04-14 10:00:00.000,East,808,44117,54.6,2603.15,3.22,228.1,109.5075,0.1095,Tue,10
2026-04-14 10:00:00.000,North,914,50470,55.2,3024.35,3.31,266.2,109.5075,0.1095,Tue,10
2026-04-14 10:00:00.000,South,1122,62126,55.4,3681.82,3.28,243.4,109.5075,0.1095,Tue,10
2026-04-14 10:00:00.000,West,1198,65992,55.1,3865.14,3.23,355.5,109.5075,0.1095,Tue,10
2026-04-14 11:00:00.000,East,808,44389,54.9,2891.89,3.58,205.2,104.7,0.104725,Tue,11
2026-04-14 11:00:00.000,North,914,50071,54.8,3245.29,3.55,218.1,104.7,0.104725,Tue,11
2026-04-14 11:00:00.000,South,1122,62233,55.5,4050.87,3.61,275.8,104.7,0.104725,Tue,11
2026-04-14 11:00:00.000,West,1198,66147,55.2,4248.81,3.55,282.6,104.7,0.104725,Tue,11
2026-04-14 12:00:00.000,East,808,44195,54.7,3186.74,3.94,196.4,108.91,0.108925,Tue,12
2026-04-14 12:00:00.000,North,914,50180,54.9,3653.9,4,193.2,108.91,0.108925,Tue,12
2026-04-14 12:00:00.000,South,1122,61310,54.6,4355.57,3.88,246.3,108.91,0.108925,Tue,12
2026-04-14 12:00:00.000,West,1198,65570,54.7,4605.91,3.84,280.9,108.91,0.108925,Tue,12
2026-04-14 13:00:00.000,East,808,44450,55,3502.7,4.34,181.2,115.5675,0.115575,Tue,13
2026-04-14 13:00:00.000,North,914,50521,55.3,3881,4.25,175.4,115.5675,0.115575,Tue,13
2026-04-14 13:00:00.000,South,1122,61212,54.6,4703.1,4.19,300.8,115.5675,0.115575,Tue,13
2026-04-14 13:00:00.000,West,1198,65799,54.9,5133.1,4.28,283.7,115.5675,0.115575,Tue,13
2026-04-14 14:00:00.000,East,808,44687,55.3,3199.62,3.96,154.9,121.695,0.1217,Tue,14
2026-04-14 14:00:00.000,North,914,49944,54.6,3443.16,3.77,251.3,121.695,0.1217,Tue,14
2026-04-14 14:00:00.000,South,1122,61715,55,4320.48,3.85,278.1,121.695,0.1217,Tue,14
2026-04-14 14:00:00.000,West,1198,66395,55.4,4666.86,3.9,283.8,121.695,0.1217,Tue,14
2026-04-14 15:00:00.000,East,808,19094,23.6,2876.75,3.56,-2806,137.4375,0.13745,Tue,15
2026-04-14 15:00:00.000,North,914,21349,23.4,3196.64,3.5,-3200,137.4375,0.13745,Tue,15
2026-04-14 15:00:00.000,South,1122,26589,23.7,3995.02,3.56,-3940,137.4375,0.13745,Tue,15
2026-04-14 15:00:00.000,West,1198,27719,23.1,4253.31,3.55,-4147,137.4375,0.13745,Tue,15
2026-04-14 16:00:00.000,East,808,19003,23.5,2647.28,3.28,-2785,160.015,0.160025,Tue,16
2026-04-14 16:00:00.000,North,914,21251,23.3,2944.32,3.22,-3226,160.015,0.160025,Tue,16
2026-04-14 16:00:00.000,South,1122,26263,23.4,3657.48,3.26,-3961,160.015,0.160025,Tue,16
2026-04-14 16:00:00.000,West,1198,28232,23.6,3860.74,3.22,-4222,160.015,0.160025,Tue,16
2026-04-14 17:00:00.000,East,808,19122,23.7,2364.86,2.93,-2781,224.7525,0.22475,Tue,17
2026-04-14 17:00:00.000,North,914,21665,23.7,2621.38,2.87,-3248,224.7525,0.22475,Tue,17
2026-04-14 17:00:00.000,South,1122,26589,23.7,3168.7,2.82,-3918,224.7525,0.22475,Tue,17
2026-04-14 17:00:00.000,West,1198,28012,23.4,3413.1,2.85,-4175,224.7525,0.22475,Tue,17
2026-04-14 18:00:00.000,East,808,18891,23.4,2066.22,2.56,-2849,234.2775,0.234275,Tue,18
2026-04-14 18:00:00.000,North,914,21749,23.8,2277.54,2.49,-3197,234.2775,0.234275,Tue,18
2026-04-14 18:00:00.000,South,1122,25892,23.1,2820.78,2.51,-3924,234.2775,0.234275,Tue,18
2026-04-14 18:00:00.000,West,1198,28200,23.5,3055.74,2.55,-4173,234.2775,0.234275,Tue,18
2026-04-14 19:00:00.000,East,808,18603,23,1758.69,2.18,-2847,165.9475,0.16595,Tue,19
2026-04-14 19:00:00.000,North,914,21067,23,1991.09,2.18,-3275,165.9475,0.16595,Tue,19
2026-04-14 19:00:00.000,South,1122,26420,23.5,2532.44,2.26,-3949,165.9475,0.16595,Tue,19
2026-04-14 19:00:00.000,West,1198,28546,23.8,2625.93,2.19,-4214,165.9475,0.16595,Tue,19
2026-04-14 20:00:00.000,East,808,19150,23.7,1478.93,1.83,-2785,148.2575,0.148275,Tue,20
2026-04-14 20:00:00.000,North,914,21674,23.7,1711.62,1.87,-3246,148.2575,0.148275,Tue,20
2026-04-14 20:00:00.000,South,1122,26439,23.6,2087.68,1.86,-3912,148.2575,0.148275,Tue,20
2026-04-14 20:00:00.000,West,1198,28070,23.4,2260.55,1.89,-4193,148.2575,0.148275,Tue,20
2026-04-14 21:00:00.000,East,808,18892,23.4,0,0,-2785,135.37,0.13535,Tue,21
2026-04-14 21:00:00.000,North,914,21736,23.8,0,0,-3262,135.37,0.13535,Tue,21
2026-04-14 21:00:00.000,South,1122,26256,23.4,0,0,-3902,135.37,0.13535,Tue,21
2026-04-14 21:00:00.000,West,1198,27891,23.3,0,0,-4194,135.37,0.13535,Tue,21
2026-04-14 22:00:00.000,East,808,43950,54.4,0,0,155.1,121.6,0.1216,Tue,22
2026-04-14 22:00:00.000,North,914,50365,55.1,0,0,214.2,121.6,0.1216,Tue,22
2026-04-14 22:00:00.000,South,1122,61590,54.9,0,0,292,121.6,0.1216,Tue,22
2026-04-14 22:00:00.000,West,1198,66019,55.1,0,0,266.8,121.6,0.1216,Tue,22
2026-04-14 23:00:00.000,East,808,44393,54.9,0,0,190.7,116.4575,0.11645,Tue,23
2026-04-14 23:00:00.000,North,914,50367,55.1,0,0,181.8,116.4575,0.11645,Tue,23
2026-04-14 23:00:00.000,South,1122,61714,55,0,0,294.3,116.4575,0.11645,Tue,23
2026-04-14 23:00:00.000,West,1198,65753,54.9,0,0,318.8,116.4575,0.11645,Tue,23
2026-04-15 00:00:00.000,East,808,44683,55.3,0,0,179.3,111.7675,0.111775,Wed,0
2026-04-15 00:00:00.000,North,914,50159,54.9,0,0,233.9,111.7675,0.111775,Wed,0
2026-04-15 00:00:00.000,South,1122,61213,54.6,0,0,288.2,111.7675,0.111775,Wed,0
2026-04-15 00:00:00.000,West,1198,65442,54.6,0,0,281.6,111.7675,0.111775,Wed,0
2026-04-15 01:00:00.000,East,808,44313,54.8,0,0,190.5,110.0175,0.11,Wed,1
2026-04-15 01:00:00.000,North,914,50564,55.3,0,0,221.4,110.0175,0.11,Wed,1
2026-04-15 01:00:00.000,South,1122,62103,55.4,0,0,355.7,110.0175,0.11,Wed,1
2026-04-15 01:00:00.000,West,1198,65566,54.7,0,0,270.6,110.0175,0.11,Wed,1
2026-04-15 02:00:00.000,East,808,44676,55.3,0,0,150.8,110.8425,0.11085,Wed,2
2026-04-15 02:00:00.000,North,914,50460,55.2,0,0,216.9,110.8425,0.11085,Wed,2
2026-04-15 02:00:00.000,South,1122,61807,55.1,0,0,277.7,110.8425,0.11085,Wed,2
2026-04-15 02:00:00.000,West,1198,65845,55,0,0,236.1,110.8425,0.11085,Wed,2
2026-04-15 03:00:00.000,East,808,44262,54.8,0,0,167.6,123.18,0.1232,Wed,3
2026-04-15 03:00:00.000,North,914,49960,54.7,0,0,215.2,123.18,0.1232,Wed,3
2026-04-15 03:00:00.000,South,1122,61743,55,0,0,256.5,123.18,0.1232,Wed,3
2026-04-15 03:00:00.000,West,1198,65834,55,0,0,348,123.18,0.1232,Wed,3
2026-04-15 04:00:00.000,East,808,19256,23.8,0,0,-2844,148.44,0.14845,Wed,4
2026-04-15 04:00:00.000,North,914,21542,23.6,0,0,-3218,148.44,0.14845,Wed,4
2026-04-15 04:00:00.000,South,1122,26040,23.2,0,0,-3903,148.44,0.14845,Wed,4
2026-04-15 04:00:00.000,West,1198,28078,23.4,0,0,-4136,148.44,0.14845,Wed,4
2026-04-15 05:00:00.000,East,808,19111,23.7,0,0,-2815,159.5525,0.15955,Wed,5
2026-04-15 05:00:00.000,North,914,21803,23.9,0,0,-3196,159.5525,0.15955,Wed,5
2026-04-15 05:00:00.000,South,1122,26425,23.6,0,0,-3944,159.5525,0.15955,Wed,5
2026-04-15 05:00:00.000,West,1198,27997,23.4,0,0,-4181,159.5525,0.15955,Wed,5
2026-04-15 06:00:00.000,East,808,18919,23.4,1565.37,1.94,-2770,140.1,0.140125,Wed,6
2026-04-15 06:00:00.000,North,914,21711,23.8,1692.28,1.85,-3169,140.1,0.140125,Wed,6
2026-04-15 06:00:00.000,South,1122,25884,23.1,2087.96,1.86,-3951,140.1,0.140125,Wed,6
2026-04-15 06:00:00.000,West,1198,28282,23.6,2331.69,1.95,-4162,140.1,0.140125,Wed,6
2026-04-15 07:00:00.000,East,808,44620,55.2,1786.45,2.21,121.6,116.32,0.1163,Wed,7
2026-04-15 07:00:00.000,North,914,50022,54.7,2004.1,2.19,234.6,116.32,0.1163,Wed,7
2026-04-15 07:00:00.000,South,1122,61544,54.9,2450.6,2.18,260.2,116.32,0.1163,Wed,7
2026-04-15 07:00:00.000,West,1198,66277,55.3,2667.44,2.23,287.5,116.32,0.1163,Wed,7
2026-04-15 08:00:00.000,East,808,44148,54.6,2039.46,2.52,211.2,100.8025,0.1008,Wed,8
2026-04-15 08:00:00.000,North,914,50550,55.3,2398.32,2.62,240.7,100.8025,0.1008,Wed,8
2026-04-15 08:00:00.000,South,1122,61499,54.8,2806.08,2.5,286.7,100.8025,0.1008,Wed,8
2026-04-15 08:00:00.000,West,1198,65789,54.9,2966.64,2.48,217.5,100.8025,0.1008,Wed,8
2026-04-15 09:00:00.000,East,808,44046,54.5,2386.74,2.95,187.3,78.94,0.078925,Wed,9
2026-04-15 09:00:00.000,North,914,50117,54.8,2620.75,2.87,237.1,78.94,0.078925,Wed,9
2026-04-15 09:00:00.000,South,1122,61405,54.7,3329.7,2.97,342.2,78.94,0.078925,Wed,9
2026-04-15 09:00:00.000,West,1198,66227,55.3,3416.03,2.85,221.4,78.94,0.078925,Wed,9
2026-04-15 10:00:00.000,East,808,65618,81.2,2585.51,3.2,2590.3,58.3175,0.058325,Wed,10
2026-04-15 10:00:00.000,North,914,74271,81.3,2975.37,3.26,3014.1,58.3175,0.058325,Wed,10
2026-04-15 10:00:00.000,South,1122,91246,81.3,3550.83,3.16,3643.1,58.3175,0.058325,Wed,10
2026-04-15 10:00:00.000,West,1198,97204,81.1,3811.16,3.18,3891.5,58.3175,0.058325,Wed,10
2026-04-15 11:00:00.000,East,808,65251,80.8,2916.56,3.61,2618.5,50.2325,0.050225,Wed,11
2026-04-15 11:00:00.000,North,914,74143,81.1,3316.37,3.63,2944.9,50.2325,0.050225,Wed,11
2026-04-15 11:00:00.000,South,1122,90995,81.1,3986.85,3.55,3594.4,50.2325,0.050225,Wed,11
2026-04-15 11:00:00.000,West,1198,96735,80.7,4308.24,3.6,3919.3,50.2325,0.050225,Wed,11
2026-04-15 12:00:00.000,East,808,65547,81.1,3163.64,3.92,2583.5,67.2575,0.067275,Wed,12
2026-04-15 12:00:00.000,North,914,74218,81.2,3576.18,3.91,2984.2,67.2575,0.067275,Wed,12
2026-04-15 12:00:00.000,South,1122,90832,81,4510.58,4.02,3643.3,67.2575,0.067275,Wed,12
2026-04-15 12:00:00.000,West,1198,97001,81,4714.57,3.94,3888.9,67.2575,0.067275,Wed,12
2026-04-15 13:00:00.000,East,808,44713,55.3,3392.4,4.2,215.8,81.4925,0.0815,Wed,13
2026-04-15 13:00:00.000,North,914,50612,55.4,3839.7,4.2,238.7,81.4925,0.0815,Wed,13
2026-04-15 13:00:00.000,South,1122,61478,54.8,4864.4,4.34,295.3,81.4925,0.0815,Wed,13
2026-04-15 13:00:00.000,West,1198,65420,54.6,5207.4,4.35,299.3,81.4925,0.0815,Wed,13
2026-04-15 14:00:00.000,East,808,44456,55,3171.19,3.92,252.4,99.255,0.09925,Wed,14
2026-04-15 14:00:00.000,North,914,50172,54.9,3525.61,3.86,196.7,99.255,0.09925,Wed,14
2026-04-15 14:00:00.000,South,1122,61571,54.9,4365.72,3.89,345.8,99.255,0.09925,Wed,14
2026-04-15 14:00:00.000,West,1198,65804,54.9,4703.39,3.93,307.6,99.255,0.09925,Wed,14
2026-04-15 15:00:00.000,East,808,44708,55.3,2773.97,3.43,211.3,124.84,0.124825,Wed,15
2026-04-15 15:00:00.000,North,914,50257,55,3338.24,3.65,214.2,124.84,0.124825,Wed,15
2026-04-15 15:00:00.000,South,1122,62140,55.4,4046.96,3.61,183.2,124.84,0.124825,Wed,15
2026-04-15 15:00:00.000,West,1198,65601,54.8,4346.8,3.63,295.7,124.84,0.124825,Wed,15
2026-04-15 16:00:00.000,East,808,18677,23.1,2584.08,3.2,-2786,141.9,0.1419,Wed,16
2026-04-15 16:00:00.000,North,914,21571,23.6,2934.8,3.21,-3178,141.9,0.1419,Wed,16
2026-04-15 16:00:00.000,South,1122,26504,23.6,3488.4,3.11,-3967,141.9,0.1419,Wed,16
2026-04-15 16:00:00.000,West,1198,28482,23.8,3878.94,3.24,-4166,141.9,0.1419,Wed,16
2026-04-15 17:00:00.000,East,808,18953,23.5,2367.86,2.93,-2851,180.08,0.180075,Wed,17
2026-04-15 17:00:00.000,North,914,21349,23.4,2593.83,2.84,-3203,180.08,0.180075,Wed,17
2026-04-15 17:00:00.000,South,1122,26544,23.7,3213.57,2.86,-3937,180.08,0.180075,Wed,17
2026-04-15 17:00:00.000,West,1198,27931,23.3,3501.57,2.92,-4223,180.08,0.180075,Wed,17
2026-04-15 18:00:00.000,East,808,19000,23.5,2070.3,2.56,-2833,180.8,0.180775,Wed,18
2026-04-15 18:00:00.000,North,914,21210,23.2,2341.92,2.56,-3198,180.8,0.180775,Wed,18
2026-04-15 18:00:00.000,South,1122,26142,23.3,2894.46,2.58,-3959,180.8,0.180775,Wed,18
2026-04-15 18:00:00.000,West,1198,28208,23.5,3119.94,2.6,-4106,180.8,0.180775,Wed,18
2026-04-15 19:00:00.000,East,808,19117,23.7,1774.17,2.2,-2777,148.08,0.148075,Wed,19
2026-04-15 19:00:00.000,North,914,21388,23.4,2023.96,2.21,-3206,148.08,0.148075,Wed,19
2026-04-15 19:00:00.000,South,1122,26588,23.7,2489.74,2.22,-3936,148.08,0.148075,Wed,19
2026-04-15 19:00:00.000,West,1198,28152,23.5,2639.49,2.2,-4151,148.08,0.148075,Wed,19
2026-04-15 20:00:00.000,East,808,19079,23.6,1539.82,1.91,-2812,132.685,0.132675,Wed,20
2026-04-15 20:00:00.000,North,914,21075,23.1,1699.82,1.86,-3205,132.685,0.132675,Wed,20
2026-04-15 20:00:00.000,South,1122,26343,23.5,2070.65,1.85,-3934,132.685,0.132675,Wed,20
2026-04-15 20:00:00.000,West,1198,27640,23.1,2210.17,1.84,-4206,132.685,0.132675,Wed,20
2026-04-15 21:00:00.000,East,808,44546,55.1,0,0,242.5,117.77,0.117775,Wed,21
2026-04-15 21:00:00.000,North,914,50917,55.7,0,0,238.9,117.77,0.117775,Wed,21
2026-04-15 21:00:00.000,South,1122,61551,54.9,0,0,345.6,117.77,0.117775,Wed,21
2026-04-15 21:00:00.000,West,1198,65746,54.9,0,0,369.6,117.77,0.117775,Wed,21
2026-04-15 22:00:00.000,East,808,44478,55,0,0,217.5,106.215,0.1062,Wed,22
2026-04-15 22:00:00.000,North,914,49947,54.6,0,0,201,106.215,0.1062,Wed,22
2026-04-15 22:00:00.000,South,1122,62128,55.4,0,0,270.1,106.215,0.1062,Wed,22
2026-04-15 22:00:00.000,West,1198,65697,54.8,0,0,352.5,106.215,0.1062,Wed,22
2026-04-15 23:00:00.000,East,808,44232,54.7,0,0,203.5,101.3975,0.1014,Wed,23
2026-04-15 23:00:00.000,North,914,50586,55.3,0,0,248.3,101.3975,0.1014,Wed,23
2026-04-15 23:00:00.000,South,1122,61573,54.9,0,0,314.9,101.3975,0.1014,Wed,23
2026-04-15 23:00:00.000,West,1198,65960,55.1,0,0,306.6,101.3975,0.1014,Wed,23
2026-04-16 00:00:00.000,East,808,44439,55,0,0,194.3,99.595,0.0996,Thu,0
2026-04-16 00:00:00.000,North,914,49861,54.6,0,0,263.4,99.595,0.0996,Thu,0
2026-04-16 00:00:00.000,South,1122,61465,54.8,0,0,276.5,99.595,0.0996,Thu,0
2026-04-16 00:00:00.000,West,1198,65786,54.9,0,0,348.5,99.595,0.0996,Thu,0
2026-04-16 01:00:00.000,East,808,44789,55.4,0,0,195.2,98.365,0.0984,Thu,1
2026-04-16 01:00:00.000,North,914,50320,55.1,0,0,271,98.365,0.0984,Thu,1
2026-04-16 01:00:00.000,South,1122,61813,55.1,0,0,277.3,98.365,0.0984,Thu,1
2026-04-16 01:00:00.000,West,1198,65768,54.9,0,0,304.5,98.365,0.0984,Thu,1
2026-04-16 02:00:00.000,East,808,44359,54.9,0,0,284.6,100.9025,0.1009,Thu,2
2026-04-16 02:00:00.000,North,914,50097,54.8,0,0,246.5,100.9025,0.1009,Thu,2
2026-04-16 02:00:00.000,South,1122,61707,55,0,0,279.6,100.9025,0.1009,Thu,2
2026-04-16 02:00:00.000,West,1198,65503,54.7,0,0,266.6,100.9025,0.1009,Thu,2
2026-04-16 03:00:00.000,East,808,44263,54.8,0,0,197.5,110.605,0.1106,Thu,3
2026-04-16 03:00:00.000,North,914,50215,54.9,0,0,247.8,110.605,0.1106,Thu,3
2026-04-16 03:00:00.000,South,1122,61878,55.1,0,0,247.6,110.605,0.1106,Thu,3
2026-04-16 03:00:00.000,West,1198,65829,54.9,0,0,326.3,110.605,0.1106,Thu,3
2026-04-16 04:00:00.000,East,808,18812,23.3,0,0,-2817,139.475,0.139475,Thu,4
2026-04-16 04:00:00.000,North,914,21840,23.9,0,0,-3190,139.475,0.139475,Thu,4
2026-04-16 04:00:00.000,South,1122,26454,23.6,0,0,-3918,139.475,0.139475,Thu,4
2026-04-16 04:00:00.000,West,1198,27972,23.3,0,0,-4150,139.475,0.139475,Thu,4
2026-04-16 05:00:00.000,East,808,18944,23.4,0,0,-2767,145.0225,0.145025,Thu,5
2026-04-16 05:00:00.000,North,914,21408,23.4,0,0,-3172,145.0225,0.145025,Thu,5
2026-04-16 05:00:00.000,South,1122,26638,23.7,0,0,-3903,145.0225,0.145025,Thu,5
2026-04-16 05:00:00.000,West,1198,27985,23.4,0,0,-4169,145.0225,0.145025,Thu,5
2026-04-16 06:00:00.000,East,808,18819,23.3,1491.98,1.85,-2773,133.635,0.13365,Thu,6
2026-04-16 06:00:00.000,North,914,21421,23.4,1714.33,1.88,-3209,133.635,0.13365,Thu,6
2026-04-16 06:00:00.000,South,1122,25998,23.2,2100.1,1.87,-3964,133.635,0.13365,Thu,6
2026-04-16 06:00:00.000,West,1198,28241,23.6,2279.66,1.9,-4215,133.635,0.13365,Thu,6
2026-04-16 07:00:00.000,East,808,44312,54.8,1779.98,2.2,232.5,110.195,0.1102,Thu,7
2026-04-16 07:00:00.000,North,914,49751,54.4,1999.51,2.19,207,110.195,0.1102,Thu,7
2026-04-16 07:00:00.000,South,1122,61807,55.1,2540.17,2.26,263.7,110.195,0.1102,Thu,7
2026-04-16 07:00:00.000,West,1198,65540,54.7,2609.98,2.18,336.9,110.195,0.1102,Thu,7
2026-04-16 08:00:00.000,East,808,44424,55,2043.66,2.53,214.2,96.3525,0.09635,Thu,8
2026-04-16 08:00:00.000,North,914,50184,54.9,2293.92,2.51,234.7,96.3525,0.09635,Thu,8
2026-04-16 08:00:00.000,South,1122,61958,55.2,2860.2,2.55,333.2,96.3525,0.09635,Thu,8
2026-04-16 08:00:00.000,West,1198,65514,54.7,3048.72,2.54,297,96.3525,0.09635,Thu,8
2026-04-16 09:00:00.000,East,808,44707,55.3,2362.33,2.92,207.1,75.6725,0.075675,Thu,9
2026-04-16 09:00:00.000,North,914,50054,54.8,2657.76,2.91,151.3,75.6725,0.075675,Thu,9
2026-04-16 09:00:00.000,South,1122,61466,54.8,3181.34,2.84,305.5,75.6725,0.075675,Thu,9
2026-04-16 09:00:00.000,West,1198,65383,54.6,3445.59,2.88,294.9,75.6725,0.075675,Thu,9
2026-04-16 10:00:00.000,East,808,65334,80.9,2514.34,3.11,2640,60.5125,0.060525,Thu,10
2026-04-16 10:00:00.000,North,914,73981,80.9,3019.3,3.3,2975.2,60.5125,0.060525,Thu,10
2026-04-16 10:00:00.000,South,1122,91132,81.2,3604.07,3.21,3649,60.5125,0.060525,Thu,10
2026-04-16 10:00:00.000,West,1198,96536,80.6,3824.3,3.19,3870.2,60.5125,0.060525,Thu,10
2026-04-16 11:00:00.000,East,808,65425,81,2902.8,3.59,2652.4,45.7675,0.04575,Thu,11
2026-04-16 11:00:00.000,North,914,73898,80.9,3255.09,3.56,2998.1,45.7675,0.04575,Thu,11
2026-04-16 11:00:00.000,South,1122,91112,81.2,3952.8,3.52,3684.3,45.7675,0.04575,Thu,11
2026-04-16 11:00:00.000,West,1198,97030,81,4373.74,3.65,3933.5,45.7675,0.04575,Thu,11
2026-04-16 12:00:00.000,East,808,65604,81.2,3237.1,4.01,2593,53.9725,0.053975,Thu,12
2026-04-16 12:00:00.000,North,914,73908,80.9,3536.07,3.87,2945.3,53.9725,0.053975,Thu,12
2026-04-16 12:00:00.000,South,1122,90789,80.9,4379.86,3.9,3659.5,53.9725,0.053975,Thu,12
2026-04-16 12:00:00.000,West,1198,97144,81.1,4742.79,3.96,3893,53.9725,0.053975,Thu,12
2026-04-16 13:00:00.000,East,808,44235,54.7,3424.5,4.24,269,70.87,0.070875,Thu,13
2026-04-16 13:00:00.000,North,914,50733,55.5,3985.3,4.36,263.2,70.87,0.070875,Thu,13
2026-04-16 13:00:00.000,South,1122,61260,54.6,4757.1,4.24,291.5,70.87,0.070875,Thu,13
2026-04-16 13:00:00.000,West,1198,66281,55.3,5102.5,4.26,267.7,70.87,0.070875,Thu,13
2026-04-16 14:00:00.000,East,808,44350,54.9,3246.87,4.02,216.9,89.7575,0.089775,Thu,14
2026-04-16 14:00:00.000,North,914,50338,55.1,3526.26,3.86,278.4,89.7575,0.089775,Thu,14
2026-04-16 14:00:00.000,South,1122,61405,54.7,4435.14,3.95,277.4,89.7575,0.089775,Thu,14
2026-04-16 14:00:00.000,West,1198,65521,54.7,4619.35,3.86,310.2,89.7575,0.089775,Thu,14
2026-04-16 15:00:00.000,East,808,44174,54.7,2870.7,3.55,187.6,111.555,0.111575,Thu,15
2026-04-16 15:00:00.000,North,914,50625,55.4,3353.08,3.67,250.2,111.555,0.111575,Thu,15
2026-04-16 15:00:00.000,South,1122,62220,55.5,4013,3.58,277.2,111.555,0.111575,Thu,15
2026-04-16 15:00:00.000,West,1198,66220,55.3,4294.37,3.58,324.6,111.555,0.111575,Thu,15
2026-04-16 16:00:00.000,East,808,18993,23.5,2548.32,3.15,-2826,131.145,0.13115,Thu,16
2026-04-16 16:00:00.000,North,914,21156,23.1,2978.77,3.26,-3189,131.145,0.13115,Thu,16
2026-04-16 16:00:00.000,South,1122,26404,23.5,3648.05,3.25,-3941,131.145,0.13115,Thu,16
2026-04-16 16:00:00.000,West,1198,28313,23.6,3905.3,3.26,-4265,131.145,0.13115,Thu,16
2026-04-16 17:00:00.000,East,808,18798,23.3,2249.75,2.78,-2873,166.9275,0.166925,Thu,17
2026-04-16 17:00:00.000,North,914,21462,23.5,2601.89,2.85,-3272,166.9275,0.166925,Thu,17
2026-04-16 17:00:00.000,South,1122,26398,23.5,3266.93,2.91,-3830,166.9275,0.166925,Thu,17
2026-04-16 17:00:00.000,West,1198,27978,23.4,3406.83,2.84,-4176,166.9275,0.166925,Thu,17
2026-04-16 18:00:00.000,East,808,18721,23.2,2002.62,2.48,-2839,187.3175,0.187325,Thu,18
2026-04-16 18:00:00.000,North,914,21244,23.2,2371.38,2.59,-3198,187.3175,0.187325,Thu,18
2026-04-16 18:00:00.000,South,1122,26105,23.3,2936.7,2.62,-3959,187.3175,0.187325,Thu,18
2026-04-16 18:00:00.000,West,1198,27748,23.2,3103.14,2.59,-4215,187.3175,0.187325,Thu,18
2026-04-16 19:00:00.000,East,808,19096,23.6,1792.58,2.22,-2836,155.01,0.155,Thu,19
2026-04-16 19:00:00.000,North,914,21648,23.7,2066.63,2.26,-3221,155.01,0.155,Thu,19
2026-04-16 19:00:00.000,South,1122,26324,23.5,2521.56,2.25,-3952,155.01,0.155,Thu,19
2026-04-16 19:00:00.000,West,1198,28489,23.8,2563.66,2.14,-4126,155.01,0.155,Thu,19
2026-04-16 20:00:00.000,East,808,19049,23.6,1529.42,1.89,-2857,138.76,0.13875,Thu,20
2026-04-16 20:00:00.000,North,914,21156,23.1,1778.06,1.95,-3156,138.76,0.13875,Thu,20
2026-04-16 20:00:00.000,South,1122,26390,23.5,2037.29,1.82,-3982,138.76,0.13875,Thu,20
2026-04-16 20:00:00.000,West,1198,28114,23.5,2259.72,1.89,-4165,138.76,0.13875,Thu,20
2026-04-16 21:00:00.000,East,808,44107,54.6,0,0,179,127.3625,0.127375,Thu,21
2026-04-16 21:00:00.000,North,914,50508,55.3,0,0,303.6,127.3625,0.127375,Thu,21
2026-04-16 21:00:00.000,South,1122,61939,55.2,0,0,319,127.3625,0.127375,Thu,21
2026-04-16 21:00:00.000,West,1198,65834,55,0,0,329.3,127.3625,0.127375,Thu,21
2026-04-16 22:00:00.000,East,808,44314,54.8,0,0,193.3,121.7725,0.121775,Thu,22
2026-04-16 22:00:00.000,North,914,50483,55.2,0,0,263.3,121.7725,0.121775,Thu,22
2026-04-16 22:00:00.000,South,1122,61309,54.6,0,0,241.6,121.7725,0.121775,Thu,22
2026-04-16 22:00:00.000,West,1198,65331,54.5,0,0,235.3,121.7725,0.121775,Thu,22
2026-04-16 23:00:00.000,East,808,44508,55.1,0,0,185.3,115.5225,0.115525,Thu,23
2026-04-16 23:00:00.000,North,914,49869,54.6,0,0,242.3,115.5225,0.115525,Thu,23
2026-04-16 23:00:00.000,South,1122,61142,54.5,0,0,252.2,115.5225,0.115525,Thu,23
2026-04-16 23:00:00.000,West,1198,65804,54.9,0,0,377.7,115.5225,0.115525,Thu,23
2026-04-17 00:00:00.000,East,808,44757,55.4,0,0,217.8,112.5325,0.112525,Fri,0
2026-04-17 00:00:00.000,North,914,50280,55,0,0,227,112.5325,0.112525,Fri,0
2026-04-17 00:00:00.000,South,1122,61942,55.2,0,0,353.7,112.5325,0.112525,Fri,0
2026-04-17 00:00:00.000,West,1198,65712,54.9,0,0,292.1,112.5325,0.112525,Fri,0
2026-04-17 01:00:00.000,East,808,44623,55.2,0,0,227.6,108.5125,0.108525,Fri,1
2026-04-17 01:00:00.000,North,914,50072,54.8,0,0,226.2,108.5125,0.108525,Fri,1
2026-04-17 01:00:00.000,South,1122,61939,55.2,0,0,233.1,108.5125,0.108525,Fri,1
2026-04-17 01:00:00.000,West,1198,65584,54.7,0,0,295.4,108.5125,0.108525,Fri,1
2026-04-17 02:00:00.000,East,808,44924,55.6,0,0,175.2,111.4675,0.111475,Fri,2
2026-04-17 02:00:00.000,North,914,50154,54.9,0,0,252.8,111.4675,0.111475,Fri,2
2026-04-17 02:00:00.000,South,1122,61802,55.1,0,0,299.9,111.4675,0.111475,Fri,2
2026-04-17 02:00:00.000,West,1198,65522,54.7,0,0,330.8,111.4675,0.111475,Fri,2
2026-04-17 03:00:00.000,East,808,44728,55.4,0,0,231.1,120.1925,0.1202,Fri,3
2026-04-17 03:00:00.000,North,914,50028,54.7,0,0,201.2,120.1925,0.1202,Fri,3
2026-04-17 03:00:00.000,South,1122,61871,55.1,0,0,298.4,120.1925,0.1202,Fri,3
2026-04-17 03:00:00.000,West,1198,65435,54.6,0,0,327.4,120.1925,0.1202,Fri,3
2026-04-17 04:00:00.000,East,808,18538,22.9,0,0,-2852,146.5675,0.146575,Fri,4
2026-04-17 04:00:00.000,North,914,22021,24.1,0,0,-3180,146.5675,0.146575,Fri,4
2026-04-17 04:00:00.000,South,1122,26292,23.4,0,0,-3975,146.5675,0.146575,Fri,4
2026-04-17 04:00:00.000,West,1198,28317,23.6,0,0,-4212,146.5675,0.146575,Fri,4
2026-04-17 05:00:00.000,East,808,19040,23.6,0,0,-2875,148.555,0.148575,Fri,5
2026-04-17 05:00:00.000,North,914,21753,23.8,0,0,-3200,148.555,0.148575,Fri,5
2026-04-17 05:00:00.000,South,1122,26493,23.6,0,0,-3924,148.555,0.148575,Fri,5
2026-04-17 05:00:00.000,West,1198,28138,23.5,0,0,-4210,148.555,0.148575,Fri,5
2026-04-17 06:00:00.000,East,808,44442,55,1557.41,1.93,152.9,127.1575,0.12715,Fri,6
2026-04-17 06:00:00.000,North,914,50372,55.1,1755.46,1.92,247.7,127.1575,0.12715,Fri,6
2026-04-17 06:00:00.000,South,1122,61549,54.9,2058.36,1.83,310.1,127.1575,0.12715,Fri,6
2026-04-17 06:00:00.000,West,1198,65278,54.5,2213.27,1.85,263.3,127.1575,0.12715,Fri,6
2026-04-17 07:00:00.000,East,808,44491,55.1,1749.86,2.17,190.8,101.9025,0.1019,Fri,7
2026-04-17 07:00:00.000,North,914,50473,55.2,2047.12,2.24,214.7,101.9025,0.1019,Fri,7
2026-04-17 07:00:00.000,South,1122,61333,54.7,2535.7,2.26,322.8,101.9025,0.1019,Fri,7
2026-04-17 07:00:00.000,West,1198,65625,54.8,2611.89,2.18,253.6,101.9025,0.1019,Fri,7
2026-04-17 08:00:00.000,East,808,44323,54.9,2029.92,2.51,164.3,90.7825,0.09075,Fri,8
2026-04-17 08:00:00.000,North,914,49905,54.6,2310.84,2.53,251,90.7825,0.09075,Fri,8
2026-04-17 08:00:00.000,South,1122,62167,55.4,2855.46,2.54,224.6,90.7825,0.09075,Fri,8
2026-04-17 08:00:00.000,West,1198,65828,54.9,3015.42,2.52,310.1,90.7825,0.09075,Fri,8
2026-04-17 09:00:00.000,East,808,65708,81.3,2346.2,2.9,2583.6,57.88,0.057875,Fri,9
2026-04-17 09:00:00.000,North,914,74211,81.2,2724.97,2.98,2977.5,57.88,0.057875,Fri,9
2026-04-17 09:00:00.000,South,1122,90990,81.1,3359.47,2.99,3614.8,57.88,0.057875,Fri,9
2026-04-17 09:00:00.000,West,1198,96916,80.9,3452.25,2.88,3915.9,57.88,0.057875,Fri,9
2026-04-17 10:00:00.000,East,808,65251,80.8,2662.23,3.29,2623,30.87,0.030875,Fri,10
2026-04-17 10:00:00.000,North,914,74208,81.2,2939.45,3.22,2988.5,30.87,0.030875,Fri,10
2026-04-17 10:00:00.000,South,1122,90943,81.1,3628.48,3.23,3614.5,30.87,0.030875,Fri,10
2026-04-17 10:00:00.000,West,1198,96726,80.7,3939.41,3.29,3838.8,30.87,0.030875,Fri,10
2026-04-17 11:00:00.000,East,808,65337,80.9,2910.58,3.6,2628.1,26.445,0.026475,Fri,11
2026-04-17 11:00:00.000,North,914,74160,81.1,3228.02,3.53,2949.4,26.445,0.026475,Fri,11
2026-04-17 11:00:00.000,South,1122,91328,81.4,3948.17,3.52,3648.7,26.445,0.026475,Fri,11
2026-04-17 11:00:00.000,West,1198,97239,81.2,4255.71,3.55,3912.5,26.445,0.026475,Fri,11
2026-04-17 12:00:00.000,East,808,65726,81.3,3184.93,3.94,2640,31.3725,0.031375,Fri,12
2026-04-17 12:00:00.000,North,914,74038,81,3574.15,3.91,2970.1,31.3725,0.031375,Fri,12
2026-04-17 12:00:00.000,South,1122,91068,81.2,4440.29,3.96,3676.6,31.3725,0.031375,Fri,12
2026-04-17 12:00:00.000,West,1198,96786,80.8,4750.17,3.97,3852.1,31.3725,0.031375,Fri,12
2026-04-17 13:00:00.000,East,808,65566,81.1,3389.2,4.19,2632.1,59.9975,0.060025,Fri,13
2026-04-17 13:00:00.000,North,914,74246,81.2,3871,4.24,2965.3,59.9975,0.060025,Fri,13
2026-04-17 13:00:00.000,South,1122,91005,81.1,4641.6,4.14,3650.6,59.9975,0.060025,Fri,13
2026-04-17 13:00:00.000,West,1198,96649,80.7,5116,4.27,3853.6,59.9975,0.060025,Fri,13
2026-04-17 14:00:00.000,East,808,44482,55.1,3167.83,3.92,186.5,81.82,0.081825,Fri,14
2026-04-17 14:00:00.000,North,914,50787,55.6,3599.52,3.94,206.7,81.82,0.081825,Fri,14
2026-04-17 14:00:00.000,South,1122,61975,55.2,4483.06,4,260.7,81.82,0.081825,Fri,14
2026-04-17 14:00:00.000,West,1198,65851,55,4648.03,3.88,347.7,81.82,0.081825,Fri,14
2026-04-17 15:00:00.000,East,808,44621,55.2,2870.88,3.55,226.8,102.31,0.1023,Fri,15
2026-04-17 15:00:00.000,North,914,50258,55,3391,3.71,211.3,102.31,0.1023,Fri,15
2026-04-17 15:00:00.000,South,1122,61680,55,4027.9,3.59,309.1,102.31,0.1023,Fri,15
2026-04-17 15:00:00.000,West,1198,66133,55.2,4174.27,3.48,295.4,102.31,0.1023,Fri,15
2026-04-17 16:00:00.000,East,808,44674,55.3,2580.78,3.19,189.6,126.755,0.126775,Fri,16
2026-04-17 16:00:00.000,North,914,50481,55.2,2928.34,3.2,274,126.755,0.126775,Fri,16
2026-04-17 16:00:00.000,South,1122,61571,54.9,3643.49,3.25,248.6,126.755,0.126775,Fri,16
2026-04-17 16:00:00.000,West,1198,65806,54.9,3868.7,3.23,256.5,126.755,0.126775,Fri,16
2026-04-17 17:00:00.000,East,808,18756,23.2,2325.89,2.88,-2843,157.405,0.1574,Fri,17
2026-04-17 17:00:00.000,North,914,21588,23.6,2656.75,2.91,-3155,157.405,0.1574,Fri,17
2026-04-17 17:00:00.000,South,1122,26450,23.6,3177.01,2.83,-3912,157.405,0.1574,Fri,17
2026-04-17 17:00:00.000,West,1198,28196,23.5,3492.4,2.92,-4179,157.405,0.1574,Fri,17
2026-04-17 18:00:00.000,East,808,18903,23.4,2014.56,2.49,-2875,157.1125,0.157125,Fri,18
2026-04-17 18:00:00.000,North,914,21314,23.3,2296.26,2.51,-3240,157.1125,0.157125,Fri,18
2026-04-17 18:00:00.000,South,1122,27046,24.1,2883.12,2.57,-3887,157.1125,0.157125,Fri,18
2026-04-17 18:00:00.000,West,1198,27791,23.2,3013.98,2.52,-4190,157.1125,0.157125,Fri,18
2026-04-17 19:00:00.000,East,808,18798,23.3,1742.96,2.16,-2773,138.0075,0.138,Fri,19
2026-04-17 19:00:00.000,North,914,21371,23.4,1991.94,2.18,-3218,138.0075,0.138,Fri,19
2026-04-17 19:00:00.000,South,1122,26240,23.4,2424.43,2.16,-3908,138.0075,0.138,Fri,19
2026-04-17 19:00:00.000,West,1198,28596,23.9,2694.77,2.25,-4149,138.0075,0.138,Fri,19
2026-04-17 20:00:00.000,East,808,44513,55.1,1526.92,1.89,178.1,123.93,0.123925,Fri,20
2026-04-17 20:00:00.000,North,914,50409,55.2,1700.94,1.86,222.2,123.93,0.123925,Fri,20
2026-04-17 20:00:00.000,South,1122,61861,55.1,2101.23,1.87,268.3,123.93,0.123925,Fri,20
2026-04-17 20:00:00.000,West,1198,65783,54.9,2187.91,1.83,320.9,123.93,0.123925,Fri,20
2026-04-17 21:00:00.000,East,808,43948,54.4,0,0,213.6,112.71,0.1127,Fri,21
2026-04-17 21:00:00.000,North,914,50082,54.8,0,0,221.2,112.71,0.1127,Fri,21
2026-04-17 21:00:00.000,South,1122,61253,54.6,0,0,305.5,112.71,0.1127,Fri,21
2026-04-17 21:00:00.000,West,1198,65373,54.6,0,0,342.6,112.71,0.1127,Fri,21
2026-04-17 22:00:00.000,East,808,44180,54.7,0,0,225.4,116.245,0.11625,Fri,22
2026-04-17 22:00:00.000,North,914,50168,54.9,0,0,215.2,116.245,0.11625,Fri,22
2026-04-17 22:00:00.000,South,1122,62053,55.3,0,0,284.2,116.245,0.11625,Fri,22
2026-04-17 22:00:00.000,West,1198,65453,54.6,0,0,234.5,116.245,0.11625,Fri,22
2026-04-17 23:00:00.000,East,808,44403,55,0,0,261.2,110.8775,0.110875,Fri,23
2026-04-17 23:00:00.000,North,914,50453,55.2,0,0,267.1,110.8775,0.110875,Fri,23
2026-04-17 23:00:00.000,South,1122,61554,54.9,0,0,252.6,110.8775,0.110875,Fri,23
2026-04-17 23:00:00.000,West,1198,65884,55,0,0,291.5,110.8775,0.110875,Fri,23
2026-04-18 00:00:00.000,East,808,44446,55,0,0,195.8,109.6625,0.109675,Sat,0
2026-04-18 00:00:00.000,North,914,50296,55,0,0,201.3,109.6625,0.109675,Sat,0
2026-04-18 00:00:00.000,South,1122,61865,55.1,0,0,268.8,109.6625,0.109675,Sat,0
2026-04-18 00:00:00.000,West,1198,65900,55,0,0,258.8,109.6625,0.109675,Sat,0
2026-04-18 01:00:00.000,East,808,44454,55,0,0,224.1,107.695,0.1077,Sat,1
2026-04-18 01:00:00.000,North,914,50236,55,0,0,231.2,107.695,0.1077,Sat,1
2026-04-18 01:00:00.000,South,1122,61897,55.2,0,0,231.5,107.695,0.1077,Sat,1
2026-04-18 01:00:00.000,West,1198,65645,54.8,0,0,268.6,107.695,0.1077,Sat,1
2026-04-18 02:00:00.000,East,808,44726,55.4,0,0,161,108.8725,0.108875,Sat,2
2026-04-18 02:00:00.000,North,914,49632,54.3,0,0,205.9,108.8725,0.108875,Sat,2
2026-04-18 02:00:00.000,South,1122,62097,55.3,0,0,283.2,108.8725,0.108875,Sat,2
2026-04-18 02:00:00.000,West,1198,65908,55,0,0,294.8,108.8725,0.108875,Sat,2
2026-04-18 03:00:00.000,East,808,44558,55.1,0,0,248.8,110.905,0.1109,Sat,3
2026-04-18 03:00:00.000,North,914,49753,54.4,0,0,214.2,110.905,0.1109,Sat,3
2026-04-18 03:00:00.000,South,1122,61362,54.7,0,0,298,110.905,0.1109,Sat,3
2026-04-18 03:00:00.000,West,1198,66104,55.2,0,0,277,110.905,0.1109,Sat,3
2026-04-18 04:00:00.000,East,808,44171,54.7,0,0,199.4,110.83,0.110825,Sat,4
2026-04-18 04:00:00.000,North,914,49862,54.6,0,0,219.6,110.83,0.110825,Sat,4
2026-04-18 04:00:00.000,South,1122,61865,55.1,0,0,308.9,110.83,0.110825,Sat,4
2026-04-18 04:00:00.000,West,1198,66073,55.2,0,0,297.6,110.83,0.110825,Sat,4
2026-04-18 05:00:00.000,East,808,44505,55.1,0,0,192.4,105.7425,0.10575,Sat,5
2026-04-18 05:00:00.000,North,914,50283,55,0,0,229.3,105.7425,0.10575,Sat,5
2026-04-18 05:00:00.000,South,1122,61100,54.5,0,0,305.9,105.7425,0.10575,Sat,5
2026-04-18 05:00:00.000,West,1198,65556,54.7,0,0,301.9,105.7425,0.10575,Sat,5
2026-04-18 06:00:00.000,East,808,44855,55.5,1523.4,1.89,165.9,92.2875,0.0923,Sat,6
2026-04-18 06:00:00.000,North,914,50047,54.8,1663.68,1.82,227.5,92.2875,0.0923,Sat,6
2026-04-18 06:00:00.000,South,1122,61801,55.1,2139.54,1.91,274.3,92.2875,0.0923,Sat,6
2026-04-18 06:00:00.000,West,1198,66063,55.1,2251.04,1.88,273,92.2875,0.0923,Sat,6
2026-04-18 07:00:00.000,East,808,44217,54.7,1767.39,2.19,213.6,75.1275,0.075125,Sat,7
2026-04-18 07:00:00.000,North,914,50695,55.5,2032.37,2.22,215.1,75.1275,0.075125,Sat,7
2026-04-18 07:00:00.000,South,1122,61179,54.5,2440.9,2.18,281.6,75.1275,0.075125,Sat,7
2026-04-18 07:00:00.000,West,1198,65845,55,2634.75,2.2,246.1,75.1275,0.075125,Sat,7
2026-04-18 08:00:00.000,East,808,65180,80.7,2036.88,2.52,2644.4,39.5675,0.039575,Sat,8
2026-04-18 08:00:00.000,North,914,74246,81.2,2264.94,2.48,2929.4,39.5675,0.039575,Sat,8
2026-04-18 08:00:00.000,South,1122,90768,80.9,2914.2,2.6,3644.9,39.5675,0.039575,Sat,8
2026-04-18 08:00:00.000,West,1198,97037,81,2992.92,2.5,3896.3,39.5675,0.039575,Sat,8
2026-04-18 09:00:00.000,East,808,65680,81.3,2293.08,2.84,2645.7,3.94,0.003925,Sat,9
2026-04-18 09:00:00.000,North,914,73874,80.8,2609.39,2.85,2961.4,3.94,0.003925,Sat,9
2026-04-18 09:00:00.000,South,1122,90709,80.8,3294.65,2.94,3629.1,3.94,0.003925,Sat,9
2026-04-18 09:00:00.000,West,1198,97092,81,3407.91,2.84,3857.5,3.94,0.003925,Sat,9
2026-04-18 10:00:00.000,East,808,72475,89.7,2650.99,3.28,3429.2,-3.3825,-0.003375,Sat,10
2026-04-18 10:00:00.000,North,914,82263,90,2932.46,3.21,3888.4,-3.3825,-0.003375,Sat,10
2026-04-18 10:00:00.000,South,1122,100904,89.9,3614.43,3.22,4776.9,-3.3825,-0.003375,Sat,10
2026-04-18 10:00:00.000,West,1198,107751,89.9,3898.5,3.25,5080.7,-3.3825,-0.003375,Sat,10
2026-04-18 11:00:00.000,East,808,72677,89.9,2930.1,3.63,3433.8,-4.08,-0.004075,Sat,11
2026-04-18 11:00:00.000,North,914,82396,90.1,3361.53,3.68,3869.6,-4.08,-0.004075,Sat,11
2026-04-18 11:00:00.000,South,1122,100840,89.9,3946.68,3.52,4773.1,-4.08,-0.004075,Sat,11
2026-04-18 11:00:00.000,West,1198,107790,90,4183.11,3.49,5097,-4.08,-0.004075,Sat,11
2026-04-18 12:00:00.000,East,808,72736,90,3154.78,3.9,3439.6,-0.1,-0.0001,Sat,12
2026-04-18 12:00:00.000,North,914,82253,90,3563.39,3.9,3895.4,-0.1,-0.0001,Sat,12
2026-04-18 12:00:00.000,South,1122,101054,90.1,4386.74,3.91,4768.4,-0.1,-0.0001,Sat,12
2026-04-18 12:00:00.000,West,1198,108000,90.2,4767.41,3.98,5089.6,-0.1,-0.0001,Sat,12
2026-04-18 13:00:00.000,East,808,65666,81.3,3458.8,4.28,2632.1,18.8975,0.018925,Sat,13
2026-04-18 13:00:00.000,North,914,73659,80.6,3892.5,4.26,2944.6,18.8975,0.018925,Sat,13
2026-04-18 13:00:00.000,South,1122,90791,80.9,4771,4.25,3650,18.8975,0.018925,Sat,13
2026-04-18 13:00:00.000,West,1198,97264,81.2,5040.5,4.21,3938.4,18.8975,0.018925,Sat,13
2026-04-18 14:00:00.000,East,808,65023,80.5,3192.79,3.95,2611.2,44.8875,0.044875,Sat,14
2026-04-18 14:00:00.000,North,914,74019,81,3497.98,3.83,2983.9,44.8875,0.044875,Sat,14
2026-04-18 14:00:00.000,South,1122,90890,81,4393.89,3.92,3672.7,44.8875,0.044875,Sat,14
2026-04-18 14:00:00.000,West,1198,96977,80.9,4584.49,3.83,3850.9,44.8875,0.044875,Sat,14
2026-04-18 15:00:00.000,East,808,44235,54.7,2801.32,3.47,220.8,90.805,0.0908,Sat,15
2026-04-18 15:00:00.000,North,914,50529,55.3,3205.29,3.51,277.8,90.805,0.0908,Sat,15
2026-04-18 15:00:00.000,South,1122,61405,54.7,3983.56,3.55,238.5,90.805,0.0908,Sat,15
2026-04-18 15:00:00.000,West,1198,65748,54.9,4445.16,3.71,235.6,90.805,0.0908,Sat,15
2026-04-18 16:00:00.000,East,808,44343,54.9,2626.77,3.25,169,119.595,0.1196,Sat,16
2026-04-18 16:00:00.000,North,914,50067,54.8,2844.63,3.11,215.7,119.595,0.1196,Sat,16
2026-04-18 16:00:00.000,South,1122,61586,54.9,3547.24,3.16,286.7,119.595,0.1196,Sat,16
2026-04-18 16:00:00.000,West,1198,66273,55.3,3821.67,3.19,236,119.595,0.1196,Sat,16
2026-04-18 17:00:00.000,East,808,18898,23.4,2291.1,2.84,-2788,131.54,0.13155,Sat,17
2026-04-18 17:00:00.000,North,914,21537,23.6,2559.46,2.8,-3197,131.54,0.13155,Sat,17
2026-04-18 17:00:00.000,South,1122,26463,23.6,3272.06,2.92,-3924,131.54,0.13155,Sat,17
2026-04-18 17:00:00.000,West,1198,28211,23.5,3495.9,2.92,-4246,131.54,0.13155,Sat,17
2026-04-18 18:00:00.000,East,808,18460,22.8,2073.18,2.57,-2842,144.89,0.1449,Sat,18
2026-04-18 18:00:00.000,North,914,21302,23.3,2340.6,2.56,-3238,144.89,0.1449,Sat,18
2026-04-18 18:00:00.000,South,1122,26509,23.6,2780.76,2.48,-3904,144.89,0.1449,Sat,18
2026-04-18 18:00:00.000,West,1198,28281,23.6,3053.34,2.55,-4172,144.89,0.1449,Sat,18
2026-04-18 19:00:00.000,East,808,19218,23.8,1785.9,2.21,-2837,140.295,0.1403,Sat,19
2026-04-18 19:00:00.000,North,914,21266,23.3,1985.62,2.17,-3234,140.295,0.1403,Sat,19
2026-04-18 19:00:00.000,South,1122,26512,23.6,2475.75,2.21,-3924,140.295,0.1403,Sat,19
2026-04-18 19:00:00.000,West,1198,28574,23.9,2644.47,2.21,-4231,140.295,0.1403,Sat,19
2026-04-18 20:00:00.000,East,808,44665,55.3,1503.51,1.86,231.4,129.9925,0.13,Sat,20
2026-04-18 20:00:00.000,North,914,50502,55.3,1653.05,1.81,216.6,129.9925,0.13,Sat,20
2026-04-18 20:00:00.000,South,1122,61665,55,2097.57,1.87,304.8,129.9925,0.13,Sat,20
2026-04-18 20:00:00.000,West,1198,66151,55.2,2261.61,1.89,302.5,129.9925,0.13,Sat,20
2026-04-18 21:00:00.000,East,808,43802,54.2,0,0,231.8,125,0.125025,Sat,21
2026-04-18 21:00:00.000,North,914,50496,55.2,0,0,206.9,125,0.125025,Sat,21
2026-04-18 21:00:00.000,South,1122,61376,54.7,0,0,310.6,125,0.125025,Sat,21
2026-04-18 21:00:00.000,West,1198,66192,55.3,0,0,369.8,125,0.125025,Sat,21
2026-04-18 22:00:00.000,East,808,44401,55,0,0,136.2,116.56,0.116575,Sat,22
2026-04-18 22:00:00.000,North,914,50450,55.2,0,0,226.1,116.56,0.116575,Sat,22
2026-04-18 22:00:00.000,South,1122,61273,54.6,0,0,265.4,116.56,0.116575,Sat,22
2026-04-18 22:00:00.000,West,1198,66207,55.3,0,0,290.7,116.56,0.116575,Sat,22
2026-04-18 23:00:00.000,East,808,45176,55.9,0,0,212.9,109.95,0.10995,Sat,23
2026-04-18 23:00:00.000,North,914,50008,54.7,0,0,248.5,109.95,0.10995,Sat,23
2026-04-18 23:00:00.000,South,1122,61200,54.5,0,0,277.4,109.95,0.10995,Sat,23
2026-04-18 23:00:00.000,West,1198,65915,55,0,0,359.7,109.95,0.10995,Sat,23
2026-04-19 00:00:00.000,East,808,44457,55,0,0,258.1,109.205,0.109225,Sun,0
2026-04-19 00:00:00.000,North,914,50875,55.7,0,0,227,109.205,0.109225,Sun,0
2026-04-19 00:00:00.000,South,1122,61246,54.6,0,0,283.6,109.205,0.109225,Sun,0
2026-04-19 00:00:00.000,West,1198,65972,55.1,0,0,344.3,109.205,0.109225,Sun,0
2026-04-19 01:00:00.000,East,808,43847,54.3,0,0,217.1,106.3225,0.10635,Sun,1
2026-04-19 01:00:00.000,North,914,50215,54.9,0,0,190.9,106.3225,0.10635,Sun,1
2026-04-19 01:00:00.000,South,1122,61663,55,0,0,318,106.3225,0.10635,Sun,1
2026-04-19 01:00:00.000,West,1198,65976,55.1,0,0,288,106.3225,0.10635,Sun,1
2026-04-19 02:00:00.000,East,808,44272,54.8,0,0,205.5,105.415,0.1054,Sun,2
2026-04-19 02:00:00.000,North,914,50211,54.9,0,0,162.8,105.415,0.1054,Sun,2
2026-04-19 02:00:00.000,South,1122,61892,55.2,0,0,298.7,105.415,0.1054,Sun,2
2026-04-19 02:00:00.000,West,1198,66038,55.1,0,0,277.7,105.415,0.1054,Sun,2
2026-04-19 03:00:00.000,East,808,44180,54.7,0,0,181.7,106.55,0.10655,Sun,3
2026-04-19 03:00:00.000,North,914,49613,54.3,0,0,191.6,106.55,0.10655,Sun,3
2026-04-19 03:00:00.000,South,1122,61399,54.7,0,0,291.9,106.55,0.10655,Sun,3
2026-04-19 03:00:00.000,West,1198,66175,55.2,0,0,262.8,106.55,0.10655,Sun,3
2026-04-19 04:00:00.000,East,808,43996,54.5,0,0,182.6,104.7825,0.1048,Sun,4
2026-04-19 04:00:00.000,North,914,50235,55,0,0,223.8,104.7825,0.1048,Sun,4
2026-04-19 04:00:00.000,South,1122,61961,55.2,0,0,288.8,104.7825,0.1048,Sun,4
2026-04-19 04:00:00.000,West,1198,66196,55.3,0,0,245.8,104.7825,0.1048,Sun,4
2026-04-19 05:00:00.000,East,808,44804,55.5,0,0,221.6,100.0325,0.100025,Sun,5
2026-04-19 05:00:00.000,North,914,49960,54.7,0,0,233.5,100.0325,0.100025,Sun,5
2026-04-19 05:00:00.000,South,1122,61682,55,0,0,314.1,100.0325,0.100025,Sun,5
2026-04-19 05:00:00.000,West,1198,66092,55.2,0,0,318.8,100.0325,0.100025,Sun,5
2026-04-19 06:00:00.000,East,808,44198,54.7,1509.39,1.87,236.6,96.63,0.096625,Sun,6
2026-04-19 06:00:00.000,North,914,50835,55.6,1727.42,1.89,218.5,96.63,0.096625,Sun,6
2026-04-19 06:00:00.000,South,1122,62024,55.3,2104.39,1.88,238.7,96.63,0.096625,Sun,6
2026-04-19 06:00:00.000,West,1198,65816,54.9,2300.6,1.92,275.1,96.63,0.096625,Sun,6
2026-04-19 07:00:00.000,East,808,44378,54.9,1754.4,2.17,206.6,93.8425,0.093875,Sun,7
2026-04-19 07:00:00.000,North,914,50101,54.8,2044.93,2.24,240.3,93.8425,0.093875,Sun,7
2026-04-19 07:00:00.000,South,1122,61763,55,2467.88,2.2,280.6,93.8425,0.093875,Sun,7
2026-04-19 07:00:00.000,West,1198,65924,55,2632.98,2.2,315.9,93.8425,0.093875,Sun,7
2026-04-19 08:00:00.000,East,808,44842,55.5,2064.18,2.55,197.3,71.385,0.0714,Sun,8
2026-04-19 08:00:00.000,North,914,50176,54.9,2316.36,2.53,282.3,71.385,0.0714,Sun,8
2026-04-19 08:00:00.000,South,1122,62061,55.3,2852.22,2.54,346.6,71.385,0.0714,Sun,8
2026-04-19 08:00:00.000,West,1198,66227,55.3,3027.66,2.53,294.3,71.385,0.0714,Sun,8
2026-04-19 09:00:00.000,East,808,65638,81.2,2386.83,2.95,2629.7,31.985,0.031975,Sun,9
2026-04-19 09:00:00.000,North,914,74270,81.3,2654.15,2.9,2967.2,31.985,0.031975,Sun,9
2026-04-19 09:00:00.000,South,1122,91239,81.3,3212.75,2.86,3659,31.985,0.031975,Sun,9
2026-04-19 09:00:00.000,West,1198,96837,80.8,3522.05,2.94,3900.6,31.985,0.031975,Sun,9
2026-04-19 10:00:00.000,East,808,65199,80.7,2655.42,3.29,2650.7,5.735,0.00575,Sun,10
2026-04-19 10:00:00.000,North,914,73872,80.8,2926.19,3.2,2943.7,5.735,0.00575,Sun,10
2026-04-19 10:00:00.000,South,1122,90809,80.9,3597.05,3.21,3676,5.735,0.00575,Sun,10
2026-04-19 10:00:00.000,West,1198,96857,80.8,3930.7,3.28,3910.8,5.735,0.00575,Sun,10
2026-04-19 11:00:00.000,East,808,72628,89.9,2918.24,3.61,3433.8,-0.8475,-0.00085,Sun,11
2026-04-19 11:00:00.000,North,914,82213,89.9,3255.38,3.56,3876.7,-0.8475,-0.00085,Sun,11
2026-04-19 11:00:00.000,South,1122,100796,89.8,3961.36,3.53,4761.2,-0.8475,-0.00085,Sun,11
2026-04-19 11:00:00.000,West,1198,107818,90,4342.44,3.62,5096.5,-0.8475,-0.00085,Sun,11
2026-04-19 12:00:00.000,East,808,72710,90,3080.01,3.81,3447,-3.005,-0.003,Sun,12
2026-04-19 12:00:00.000,North,914,82357,90.1,3617.32,3.96,3902,-3.005,-0.003,Sun,12
2026-04-19 12:00:00.000,South,1122,101185,90.2,4359.13,3.89,4782.7,-3.005,-0.003,Sun,12
2026-04-19 12:00:00.000,West,1198,107844,90,4722.74,3.94,5112.4,-3.005,-0.003,Sun,12
2026-04-19 13:00:00.000,East,808,72680,90,3444.8,4.26,3444.7,-2.255,-0.00225,Sun,13
2026-04-19 13:00:00.000,North,914,82101,89.8,3926.8,4.3,3880,-2.255,-0.00225,Sun,13
2026-04-19 13:00:00.000,South,1122,100900,89.9,4740.2,4.22,4745,-2.255,-0.00225,Sun,13
2026-04-19 13:00:00.000,West,1198,107685,89.9,5111.7,4.27,5117.3,-2.255,-0.00225,Sun,13
2026-04-19 14:00:00.000,East,808,65414,81,3174.09,3.93,2651.9,16.02,0.016025,Sun,14
2026-04-19 14:00:00.000,North,914,74099,81.1,3578.67,3.92,2966.9,16.02,0.016025,Sun,14
2026-04-19 14:00:00.000,South,1122,90862,81,4348.86,3.88,3651,16.02,0.016025,Sun,14
2026-04-19 14:00:00.000,West,1198,96839,80.8,4596.63,3.84,3876,16.02,0.016025,Sun,14
2026-04-19 15:00:00.000,East,808,44435,55,3024.13,3.74,188,73.7575,0.07375,Sun,15
2026-04-19 15:00:00.000,North,914,50194,54.9,3256.87,3.56,219.8,73.7575,0.07375,Sun,15
2026-04-19 15:00:00.000,South,1122,61659,55,4023.65,3.59,281.4,73.7575,0.07375,Sun,15
2026-04-19 15:00:00.000,West,1198,66211,55.3,4140.76,3.46,324.8,73.7575,0.07375,Sun,15
2026-04-19 16:00:00.000,East,808,44677,55.3,2598.67,3.22,130.4,103.855,0.103875,Sun,16
2026-04-19 16:00:00.000,North,914,50026,54.7,2946.88,3.22,267.1,103.855,0.103875,Sun,16
2026-04-19 16:00:00.000,South,1122,61125,54.5,3620.01,3.23,256.4,103.855,0.103875,Sun,16
2026-04-19 16:00:00.000,West,1198,66157,55.2,3776.48,3.15,256.3,103.855,0.103875,Sun,16
2026-04-19 17:00:00.000,East,808,44373,54.9,2259.47,2.8,250.4,117.3525,0.117375,Sun,17
2026-04-19 17:00:00.000,North,914,50468,55.2,2653.42,2.9,187.2,117.3525,0.117375,Sun,17
2026-04-19 17:00:00.000,South,1122,61350,54.7,3172.45,2.83,239.1,117.3525,0.117375,Sun,17
2026-04-19 17:00:00.000,West,1198,65326,54.5,3399.09,2.84,297.1,117.3525,0.117375,Sun,17
2026-04-19 18:00:00.000,East,808,44328,54.9,2085.66,2.58,158.8,124.1125,0.124125,Sun,18
2026-04-19 18:00:00.000,North,914,50106,54.8,2374.68,2.6,270.1,124.1125,0.124125,Sun,18
2026-04-19 18:00:00.000,South,1122,61890,55.2,2877.54,2.56,233.9,124.1125,0.124125,Sun,18
2026-04-19 18:00:00.000,West,1198,65513,54.7,3070.98,2.56,300.6,124.1125,0.124125,Sun,18
2026-04-19 19:00:00.000,East,808,44287,54.8,1750.72,2.17,197.1,121.5475,0.12155,Sun,19
2026-04-19 19:00:00.000,North,914,50147,54.9,1990.19,2.18,257.3,121.5475,0.12155,Sun,19
2026-04-19 19:00:00.000,South,1122,61335,54.7,2504.66,2.23,283.3,121.5475,0.12155,Sun,19
2026-04-19 19:00:00.000,West,1198,65547,54.7,2609.47,2.18,344.9,121.5475,0.12155,Sun,19
2026-04-19 20:00:00.000,East,808,44550,55.1,1516.41,1.88,195.1,119.3625,0.119375,Sun,20
2026-04-19 20:00:00.000,North,914,49924,54.6,1712.88,1.87,221.7,119.3625,0.119375,Sun,20
2026-04-19 20:00:00.000,South,1122,61872,55.1,2141.44,1.91,349.5,119.3625,0.119375,Sun,20
2026-04-19 20:00:00.000,West,1198,65717,54.9,2255.09,1.88,267.2,119.3625,0.119375,Sun,20
2026-04-19 21:00:00.000,East,808,44788,55.4,0,0,180.1,111.2325,0.11125,Sun,21
2026-04-19 21:00:00.000,North,914,50576,55.3,0,0,213.3,111.2325,0.11125,Sun,21
2026-04-19 21:00:00.000,South,1122,61877,55.1,0,0,293.2,111.2325,0.11125,Sun,21
2026-04-19 21:00:00.000,West,1198,65870,55,0,0,241.8,111.2325,0.11125,Sun,21
2026-04-19 22:00:00.000,East,808,44039,54.5,0,0,163.5,106.3075,0.106325,Sun,22
2026-04-19 22:00:00.000,North,914,50706,55.5,0,0,265.5,106.3075,0.106325,Sun,22
2026-04-19 22:00:00.000,South,1122,62083,55.3,0,0,288.4,106.3075,0.106325,Sun,22
2026-04-19 22:00:00.000,West,1198,66204,55.3,0,0,257.6,106.3075,0.106325,Sun,22
2026-04-19 23:00:00.000,East,808,44553,55.1,0,0,202,101.1125,0.101125,Sun,23
2026-04-19 23:00:00.000,North,914,50280,55,0,0,218.2,101.1125,0.101125,Sun,23
2026-04-19 23:00:00.000,South,1122,61560,54.9,0,0,274.1,101.1125,0.101125,Sun,23
2026-04-19 23:00:00.000,West,1198,65706,54.8,0,0,362.7,101.1125,0.101125,Sun,23
2026-04-20 00:00:00.000,East,808,44875,55.5,0,0,190.9,99.0125,0.099025,Mon,0
2026-04-20 00:00:00.000,North,914,50225,55,0,0,260.2,99.0125,0.099025,Mon,0
2026-04-20 00:00:00.000,South,1122,61841,55.1,0,0,316.3,99.0125,0.099025,Mon,0
2026-04-20 00:00:00.000,West,1198,65942,55,0,0,310.4,99.0125,0.099025,Mon,0
2026-04-20 01:00:00.000,East,808,44512,55.1,0,0,218.6,99.04,0.09905,Mon,1
2026-04-20 01:00:00.000,North,914,50066,54.8,0,0,274.9,99.04,0.09905,Mon,1
2026-04-20 01:00:00.000,South,1122,61753,55,0,0,258.1,99.04,0.09905,Mon,1
2026-04-20 01:00:00.000,West,1198,66173,55.2,0,0,185.5,99.04,0.09905,Mon,1
2026-04-20 02:00:00.000,East,808,44113,54.6,0,0,241.4,102.3025,0.102325,Mon,2
2026-04-20 02:00:00.000,North,914,49941,54.6,0,0,216,102.3025,0.102325,Mon,2
2026-04-20 02:00:00.000,South,1122,61841,55.1,0,0,302.4,102.3025,0.102325,Mon,2
2026-04-20 02:00:00.000,West,1198,65663,54.8,0,0,275.9,102.3025,0.102325,Mon,2
2026-04-20 03:00:00.000,East,808,44191,54.7,0,0,193.7,111.6,0.111625,Mon,3
2026-04-20 03:00:00.000,North,914,50206,54.9,0,0,184.1,111.6,0.111625,Mon,3
2026-04-20 03:00:00.000,South,1122,61228,54.6,0,0,260.2,111.6,0.111625,Mon,3
2026-04-20 03:00:00.000,West,1198,65718,54.9,0,0,269.5,111.6,0.111625,Mon,3
2026-04-20 04:00:00.000,East,808,44226,54.7,0,0,194.9,129.385,0.129375,Mon,4
2026-04-20 04:00:00.000,North,914,50270,55,0,0,256.4,129.385,0.129375,Mon,4
2026-04-20 04:00:00.000,South,1122,62062,55.3,0,0,344.1,129.385,0.129375,Mon,4
2026-04-20 04:00:00.000,West,1198,66017,55.1,0,0,250,129.385,0.129375,Mon,4
2026-04-20 05:00:00.000,East,808,18709,23.2,0,0,-2819,142.2075,0.1422,Mon,5
2026-04-20 05:00:00.000,North,914,21402,23.4,0,0,-3179,142.2075,0.1422,Mon,5
2026-04-20 05:00:00.000,South,1122,26448,23.6,0,0,-3909,142.2075,0.1422,Mon,5
2026-04-20 05:00:00.000,West,1198,28064,23.4,0,0,-4212,142.2075,0.1422,Mon,5
2026-04-20 06:00:00.000,East,808,18735,23.2,1497.64,1.85,-2831,134.32,0.134325,Mon,6
2026-04-20 06:00:00.000,North,914,21690,23.7,1714.7,1.88,-3194,134.32,0.134325,Mon,6
2026-04-20 06:00:00.000,South,1122,26587,23.7,2092.37,1.86,-3958,134.32,0.134325,Mon,6
2026-04-20 06:00:00.000,West,1198,28044,23.4,2224.51,1.86,-4215,134.32,0.134325,Mon,6
2026-04-20 07:00:00.000,East,808,44656,55.3,1811.52,2.24,228.3,110.015,0.11,Mon,7
2026-04-20 07:00:00.000,North,914,50465,55.2,1988.24,2.18,228,110.015,0.11,Mon,7
2026-04-20 07:00:00.000,South,1122,61551,54.9,2476.93,2.21,237.5,110.015,0.11,Mon,7
2026-04-20 07:00:00.000,West,1198,66215,55.3,2681.48,2.24,311.2,110.015,0.11,Mon,7
2026-04-20 08:00:00.000,East,808,44440,55,1940.46,2.4,215,90.1975,0.090175,Mon,8
2026-04-20 08:00:00.000,North,914,50196,54.9,2279.04,2.49,252.1,90.1975,0.090175,Mon,8
2026-04-20 08:00:00.000,South,1122,61467,54.8,2838,2.53,353.3,90.1975,0.090175,Mon,8
2026-04-20 08:00:00.000,West,1198,66630,55.6,3182.4,2.66,299.8,90.1975,0.090175,Mon,8
2026-04-20 09:00:00.000,East,808,44123,54.6,2393.61,2.96,214.1,75.8875,0.0759,Mon,9
2026-04-20 09:00:00.000,North,914,50003,54.7,2665.5,2.92,190.7,75.8875,0.0759,Mon,9
2026-04-20 09:00:00.000,South,1122,62114,55.4,3311.18,2.95,253.3,75.8875,0.0759,Mon,9
2026-04-20 09:00:00.000,West,1198,66172,55.2,3439.43,2.87,283.5,75.8875,0.0759,Mon,9
2026-04-20 10:00:00.000,East,808,65321,80.8,2603.8,3.22,2614.7,51.1825,0.051175,Mon,10
2026-04-20 10:00:00.000,North,914,74228,81.2,2978.94,3.26,2984.1,51.1825,0.051175,Mon,10
2026-04-20 10:00:00.000,South,1122,90656,80.8,3615.37,3.22,3640.2,51.1825,0.051175,Mon,10
2026-04-20 10:00:00.000,West,1198,96826,80.8,4002.08,3.34,3883.1,51.1825,0.051175,Mon,10
2026-04-20 11:00:00.000,East,808,65322,80.8,2897.51,3.59,2643.7,32.595,0.032575,Mon,11
2026-04-20 11:00:00.000,North,914,73773,80.7,3302.84,3.61,2929.3,32.595,0.032575,Mon,11
2026-04-20 11:00:00.000,South,1122,90843,81,4018.3,3.58,3628,32.595,0.032575,Mon,11
2026-04-20 11:00:00.000,West,1198,96915,80.9,4234.61,3.53,3882.9,32.595,0.032575,Mon,11
2026-04-20 12:00:00.000,East,808,65397,80.9,3131.55,3.88,2604,29.57,0.029575,Mon,12
2026-04-20 12:00:00.000,North,914,74038,81,3400.87,3.72,2964.3,29.57,0.029575,Mon,12
2026-04-20 12:00:00.000,South,1122,90991,81.1,4489.12,4,3667.1,29.57,0.029575,Mon,12
2026-04-20 12:00:00.000,West,1198,97078,81,4714.54,3.94,3869.1,29.57,0.029575,Mon,12
2026-04-20 13:00:00.000,East,808,65473,81,3512.1,4.35,2615,46.475,0.046475,Mon,13
2026-04-20 13:00:00.000,North,914,73906,80.9,3897.8,4.26,2956.6,46.475,0.046475,Mon,13
2026-04-20 13:00:00.000,South,1122,91407,81.5,4794.2,4.27,3686.5,46.475,0.046475,Mon,13
2026-04-20 13:00:00.000,West,1198,97163,81.1,5058.5,4.22,3891.7,46.475,0.046475,Mon,13
2026-04-20 14:00:00.000,East,808,44996,55.7,3122.03,3.86,206.4,78.325,0.078325,Mon,14
2026-04-20 14:00:00.000,North,914,50352,55.1,3653.01,4,240.9,78.325,0.078325,Mon,14
2026-04-20 14:00:00.000,South,1122,61954,55.2,4341.51,3.87,245.2,78.325,0.078325,Mon,14
2026-04-20 14:00:00.000,West,1198,65699,54.8,4799.83,4.01,295.9,78.325,0.078325,Mon,14
2026-04-20 15:00:00.000,East,808,44383,54.9,3009.74,3.72,151.8,97.245,0.09725,Mon,15
2026-04-20 15:00:00.000,North,914,50379,55.1,3319.28,3.63,266,97.245,0.09725,Mon,15
2026-04-20 15:00:00.000,South,1122,61687,55,4082.47,3.64,286.7,97.245,0.09725,Mon,15
2026-04-20 15:00:00.000,West,1198,65644,54.8,4224.36,3.53,290,97.245,0.09725,Mon,15
2026-04-20 16:00:00.000,East,808,44752,55.4,2545.02,3.15,204.4,112.91,0.112925,Mon,16
2026-04-20 16:00:00.000,North,914,50398,55.1,2976.71,3.26,220.2,112.91,0.112925,Mon,16
2026-04-20 16:00:00.000,South,1122,61533,54.8,3594.03,3.2,306.2,112.91,0.112925,Mon,16
2026-04-20 16:00:00.000,West,1198,66213,55.3,3879.23,3.24,285.8,112.91,0.112925,Mon,16
2026-04-20 17:00:00.000,East,808,44661,55.3,2395.04,2.96,237.7,123.4075,0.1234,Mon,17
2026-04-20 17:00:00.000,North,914,50329,55.1,2643.66,2.89,204.3,123.4075,0.1234,Mon,17
2026-04-20 17:00:00.000,South,1122,61633,54.9,3331.15,2.97,308.2,123.4075,0.1234,Mon,17
2026-04-20 17:00:00.000,West,1198,66136,55.2,3497.61,2.92,308.2,123.4075,0.1234,Mon,17
2026-04-20 18:00:00.000,East,808,44574,55.2,2018.7,2.5,173.8,127.18,0.127175,Mon,18
2026-04-20 18:00:00.000,North,914,50462,55.2,2348.7,2.57,214.6,127.18,0.127175,Mon,18
2026-04-20 18:00:00.000,South,1122,61417,54.7,2859.24,2.55,243.9,127.18,0.127175,Mon,18
2026-04-20 18:00:00.000,West,1198,65949,55,3006.6,2.51,299.8,127.18,0.127175,Mon,18
2026-04-20 19:00:00.000,East,808,44509,55.1,1777.65,2.2,232.9,121.94,0.12195,Mon,19
2026-04-20 19:00:00.000,North,914,50222,54.9,2049.18,2.24,257.4,121.94,0.12195,Mon,19
2026-04-20 19:00:00.000,South,1122,61500,54.8,2458.4,2.19,282.4,121.94,0.12195,Mon,19
2026-04-20 19:00:00.000,West,1198,66016,55.1,2636.27,2.2,291.4,121.94,0.12195,Mon,19
2026-04-20 20:00:00.000,East,808,44632,55.2,1504.22,1.86,213.6,115.9725,0.115975,Mon,20
2026-04-20 20:00:00.000,North,914,50193,54.9,1691.2,1.85,242.6,115.9725,0.115975,Mon,20
2026-04-20 20:00:00.000,South,1122,61328,54.7,2067.71,1.84,297.8,115.9725,0.115975,Mon,20
2026-04-20 20:00:00.000,West,1198,66332,55.4,2293,1.91,269.3,115.9725,0.115975,Mon,20
2026-04-20 21:00:00.000,East,808,44057,54.5,0,0,195.4,106.7925,0.1068,Mon,21
2026-04-20 21:00:00.000,North,914,50236,55,0,0,276.3,106.7925,0.1068,Mon,21
2026-04-20 21:00:00.000,South,1122,61450,54.8,0,0,254.9,106.7925,0.1068,Mon,21
2026-04-20 21:00:00.000,West,1198,66027,55.1,0,0,310,106.7925,0.1068,Mon,21
2026-04-20 22:00:00.000,East,808,44720,55.3,0,0,210.3,99,0.099,Mon,22
2026-04-20 22:00:00.000,North,914,50021,54.7,0,0,233.2,99,0.099,Mon,22
2026-04-20 22:00:00.000,South,1122,61935,55.2,0,0,260.1,99,0.099,Mon,22
2026-04-20 22:00:00.000,West,1198,65971,55.1,0,0,301.6,99,0.099,Mon,22
2026-04-20 23:00:00.000,East,808,44316,54.8,0,0,252.2,98.6425,0.09865,Mon,23
2026-04-20 23:00:00.000,North,914,50096,54.8,0,0,243.1,98.6425,0.09865,Mon,23
2026-04-20 23:00:00.000,South,1122,61981,55.2,0,0,370.6,98.6425,0.09865,Mon,23
2026-04-20 23:00:00.000,West,1198,65758,54.9,0,0,353.5,98.6425,0.09865,Mon,23
2026-04-21 00:00:00.000,East,808,44156,54.6,0,0,223.6,98.3725,0.09835,Tue,0
2026-04-21 00:00:00.000,North,914,49795,54.5,0,0,230.7,98.3725,0.09835,Tue,0
2026-04-21 00:00:00.000,South,1122,61771,55.1,0,0,278.1,98.3725,0.09835,Tue,0
2026-04-21 00:00:00.000,West,1198,66000,55.1,0,0,350.6,98.3725,0.09835,Tue,0
2026-04-21 01:00:00.000,East,808,44249,54.8,0,0,159.9,99.075,0.099075,Tue,1
2026-04-21 01:00:00.000,North,914,49817,54.5,0,0,224.4,99.075,0.099075,Tue,1
2026-04-21 01:00:00.000,South,1122,62143,55.4,0,0,290.8,99.075,0.099075,Tue,1
2026-04-21 01:00:00.000,West,1198,65502,54.7,0,0,279.2,99.075,0.099075,Tue,1
2026-04-21 02:00:00.000,East,808,44304,54.8,0,0,198.7,100.19,0.1002,Tue,2
2026-04-21 02:00:00.000,North,914,50022,54.7,0,0,259.8,100.19,0.1002,Tue,2
2026-04-21 02:00:00.000,South,1122,61469,54.8,0,0,247.5,100.19,0.1002,Tue,2
2026-04-21 02:00:00.000,West,1198,65913,55,0,0,307.8,100.19,0.1002,Tue,2
2026-04-21 03:00:00.000,East,808,44219,54.7,0,0,227.1,108.4475,0.10845,Tue,3
2026-04-21 03:00:00.000,North,914,49852,54.5,0,0,195.4,108.4475,0.10845,Tue,3
2026-04-21 03:00:00.000,South,1122,62292,55.5,0,0,304.2,108.4475,0.10845,Tue,3
2026-04-21 03:00:00.000,West,1198,65869,55,0,0,306.8,108.4475,0.10845,Tue,3
2026-04-21 04:00:00.000,East,808,44297,54.8,0,0,235.8,127.085,0.127075,Tue,4
2026-04-21 04:00:00.000,North,914,50277,55,0,0,257.8,127.085,0.127075,Tue,4
2026-04-21 04:00:00.000,South,1122,61478,54.8,0,0,226.5,127.085,0.127075,Tue,4
2026-04-21 04:00:00.000,West,1198,66030,55.1,0,0,292.6,127.085,0.127075,Tue,4
2026-04-21 05:00:00.000,East,808,19117,23.7,0,0,-2841,135.3275,0.135325,Tue,5
2026-04-21 05:00:00.000,North,914,21130,23.1,0,0,-3223,135.3275,0.135325,Tue,5
2026-04-21 05:00:00.000,South,1122,26251,23.4,0,0,-3941,135.3275,0.135325,Tue,5
2026-04-21 05:00:00.000,West,1198,28175,23.5,0,0,-4163,135.3275,0.135325,Tue,5
2026-04-21 06:00:00.000,East,808,44465,55,1482.63,1.83,212.3,118.9475,0.11895,Tue,6
2026-04-21 06:00:00.000,North,914,50431,55.2,1737.46,1.9,213,118.9475,0.11895,Tue,6
2026-04-21 06:00:00.000,South,1122,61736,55,2110.53,1.88,280.8,118.9475,0.11895,Tue,6
2026-04-21 06:00:00.000,West,1198,64919,54.2,2264.67,1.89,360.6,118.9475,0.11895,Tue,6
2026-04-21 07:00:00.000,East,808,44336,54.9,1818.12,2.25,196.2,97.305,0.0973,Tue,7
2026-04-21 07:00:00.000,North,914,50451,55.2,2040.06,2.23,220.1,97.305,0.0973,Tue,7
2026-04-21 07:00:00.000,South,1122,61780,55.1,2481,2.21,376.4,97.305,0.0973,Tue,7
2026-04-21 07:00:00.000,West,1198,65799,54.9,2625.21,2.19,298.3,97.305,0.0973,Tue,7
2026-04-21 08:00:00.000,East,808,65578,81.2,2022.24,2.5,2654.4,59.895,0.0599,Tue,8
2026-04-21 08:00:00.000,North,914,74170,81.1,2371.08,2.59,2969.9,59.895,0.0599,Tue,8
2026-04-21 08:00:00.000,South,1122,90773,80.9,2868.3,2.56,3648.4,59.895,0.0599,Tue,8
2026-04-21 08:00:00.000,West,1198,97249,81.2,3008.82,2.51,3894.3,59.895,0.0599,Tue,8
2026-04-21 09:00:00.000,East,808,65032,80.5,2265.11,2.8,2606.7,19.6025,0.0196,Tue,9
2026-04-21 09:00:00.000,North,914,74056,81,2567.57,2.81,2949.3,19.6025,0.0196,Tue,9
2026-04-21 09:00:00.000,South,1122,90962,81.1,3268.65,2.91,3623.8,19.6025,0.0196,Tue,9
2026-04-21 09:00:00.000,West,1198,96663,80.7,3464.1,2.89,3899.5,19.6025,0.0196,Tue,9
2026-04-21 10:00:00.000,East,808,72701,90,2528.32,3.13,3421.7,-0.0975,-0.0001,Tue,10
2026-04-21 10:00:00.000,North,914,82289,90,2998.59,3.28,3884.5,-0.0975,-0.0001,Tue,10
2026-04-21 10:00:00.000,South,1122,100948,90,3665.61,3.27,4783.6,-0.0975,-0.0001,Tue,10
2026-04-21 10:00:00.000,West,1198,107607,89.8,3824.14,3.19,5080.7,-0.0975,-0.0001,Tue,10
2026-04-21 11:00:00.000,East,808,72613,89.9,2912.66,3.6,3439.2,-1.7525,-0.00175,Tue,11
2026-04-21 11:00:00.000,North,914,82093,89.8,3315.59,3.63,3881.3,-1.7525,-0.00175,Tue,11
2026-04-21 11:00:00.000,South,1122,101133,90.1,4006.05,3.57,4775.4,-1.7525,-0.00175,Tue,11
2026-04-21 11:00:00.000,West,1198,107848,90,4248.79,3.55,5095.6,-1.7525,-0.00175,Tue,11
2026-04-21 12:00:00.000,East,808,72681,90,3108.43,3.85,3434.2,-3.7,-0.0037,Tue,12
2026-04-21 12:00:00.000,North,914,82465,90.2,3586.23,3.92,3896.8,-3.7,-0.0037,Tue,12
2026-04-21 12:00:00.000,South,1122,101114,90.1,4355.62,3.88,4803.4,-3.7,-0.0037,Tue,12
2026-04-21 12:00:00.000,West,1198,107720,89.9,4763.53,3.98,5090.7,-3.7,-0.0037,Tue,12
2026-04-21 13:00:00.000,East,808,72602,89.9,3400.2,4.21,3431.3,-1.8625,-0.001875,Tue,13
2026-04-21 13:00:00.000,North,914,82206,89.9,3882.4,4.25,3889.1,-1.8625,-0.001875,Tue,13
2026-04-21 13:00:00.000,South,1122,101047,90.1,4676.9,4.17,4790.6,-1.8625,-0.001875,Tue,13
2026-04-21 13:00:00.000,West,1198,107942,90.1,5072.5,4.23,5076.7,-1.8625,-0.001875,Tue,13
2026-04-21 14:00:00.000,East,808,65304,80.8,3161.51,3.91,2627.9,14.535,0.01455,Tue,14
2026-04-21 14:00:00.000,North,914,73974,80.9,3620.65,3.96,2944.4,14.535,0.01455,Tue,14
2026-04-21 14:00:00.000,South,1122,91111,81.2,4284.97,3.82,3682,14.535,0.01455,Tue,14
2026-04-21 14:00:00.000,West,1198,97432,81.3,4626.48,3.86,3890.2,14.535,0.01455,Tue,14
2026-04-21 15:00:00.000,East,808,44902,55.6,2811.78,3.48,209,69.83,0.069825,Tue,15
2026-04-21 15:00:00.000,North,914,50232,55,3312.13,3.62,257.5,69.83,0.069825,Tue,15
2026-04-21 15:00:00.000,South,1122,61847,55.1,4044.18,3.6,311.9,69.83,0.069825,Tue,15
2026-04-21 15:00:00.000,West,1198,65816,54.9,4237.29,3.54,308.7,69.83,0.069825,Tue,15
2026-04-21 16:00:00.000,East,808,45070,55.8,2536.94,3.14,212.3,102.645,0.102675,Tue,16
2026-04-21 16:00:00.000,North,914,50466,55.2,2962.43,3.24,185.5,102.645,0.102675,Tue,16
2026-04-21 16:00:00.000,South,1122,61773,55.1,3615.33,3.22,336.5,102.645,0.102675,Tue,16
2026-04-21 16:00:00.000,West,1198,66114,55.2,3902.4,3.26,329.5,102.645,0.102675,Tue,16
2026-04-21 17:00:00.000,East,808,19131,23.7,2308.23,2.86,-2842,134.11,0.1341,Tue,17
2026-04-21 17:00:00.000,North,914,21616,23.6,2597.25,2.84,-3182,134.11,0.1341,Tue,17
2026-04-21 17:00:00.000,South,1122,26350,23.5,3157.52,2.81,-3975,134.11,0.1341,Tue,17
2026-04-21 17:00:00.000,West,1198,28046,23.4,3441.68,2.87,-4156,134.11,0.1341,Tue,17
2026-04-21 18:00:00.000,East,808,18625,23.1,2020.56,2.5,-2831,144.775,0.1448,Tue,18
2026-04-21 18:00:00.000,North,914,21566,23.6,2299.2,2.52,-3150,144.775,0.1448,Tue,18
2026-04-21 18:00:00.000,South,1122,26667,23.8,2842.14,2.53,-3955,144.775,0.1448,Tue,18
2026-04-21 18:00:00.000,West,1198,27892,23.3,3074.64,2.57,-4204,144.775,0.1448,Tue,18
2026-04-21 19:00:00.000,East,808,44314,54.8,1836.69,2.27,187.2,129.62,0.129625,Tue,19
2026-04-21 19:00:00.000,North,914,50369,55.1,2070.09,2.26,233.2,129.62,0.129625,Tue,19
2026-04-21 19:00:00.000,South,1122,61853,55.1,2391.42,2.13,315.8,129.62,0.129625,Tue,19
2026-04-21 19:00:00.000,West,1198,65524,54.7,2591.28,2.16,266.1,129.62,0.129625,Tue,19
2026-04-21 20:00:00.000,East,808,44593,55.2,1486.54,1.84,197.8,119.845,0.11985,Tue,20
2026-04-21 20:00:00.000,North,914,50376,55.1,1685.21,1.84,285.4,119.845,0.11985,Tue,20
2026-04-21 20:00:00.000,South,1122,61713,55,2134.33,1.9,299.9,119.845,0.11985,Tue,20
2026-04-21 20:00:00.000,West,1198,66101,55.2,2248.84,1.88,330.2,119.845,0.11985,Tue,20
2026-04-21 21:00:00.000,East,808,44389,54.9,0,0,225.1,111.8725,0.111875,Tue,21
2026-04-21 21:00:00.000,North,914,50515,55.3,0,0,225.7,111.8725,0.111875,Tue,21
2026-04-21 21:00:00.000,South,1122,61733,55,0,0,293.7,111.8725,0.111875,Tue,21
2026-04-21 21:00:00.000,West,1198,66063,55.1,0,0,264.4,111.8725,0.111875,Tue,21
2026-04-21 22:00:00.000,East,808,44530,55.1,0,0,146.6,107.095,0.1071,Tue,22
2026-04-21 22:00:00.000,North,914,50417,55.2,0,0,233.6,107.095,0.1071,Tue,22
2026-04-21 22:00:00.000,South,1122,61108,54.5,0,0,243.4,107.095,0.1071,Tue,22
2026-04-21 22:00:00.000,West,1198,65668,54.8,0,0,237,107.095,0.1071,Tue,22
2026-04-21 23:00:00.000,East,808,44067,54.5,0,0,162.7,104.11,0.104125,Tue,23
2026-04-21 23:00:00.000,North,914,49925,54.6,0,0,214.7,104.11,0.104125,Tue,23
2026-04-21 23:00:00.000,South,1122,61959,55.2,0,0,286,104.11,0.104125,Tue,23
2026-04-21 23:00:00.000,West,1198,66099,55.2,0,0,309.2,104.11,0.104125,Tue,23
2026-04-22 00:00:00.000,East,808,44489,55.1,0,0,190.2,104.2,0.1042,Wed,0
2026-04-22 00:00:00.000,North,914,50145,54.9,0,0,179.1,104.2,0.1042,Wed,0
2026-04-22 00:00:00.000,South,1122,61691,55,0,0,319.8,104.2,0.1042,Wed,0
2026-04-22 00:00:00.000,West,1198,66308,55.3,0,0,347.5,104.2,0.1042,Wed,0
2026-04-22 01:00:00.000,East,808,44858,55.5,0,0,223.1,104.8475,0.10485,Wed,1
2026-04-22 01:00:00.000,North,914,50534,55.3,0,0,221,104.8475,0.10485,Wed,1
2026-04-22 01:00:00.000,South,1122,61624,54.9,0,0,221.1,104.8475,0.10485,Wed,1
2026-04-22 01:00:00.000,West,1198,65623,54.8,0,0,276.6,104.8475,0.10485,Wed,1
2026-04-22 02:00:00.000,East,808,44412,55,0,0,227.6,109.6925,0.109675,Wed,2
2026-04-22 02:00:00.000,North,914,50268,55,0,0,188.3,109.6925,0.109675,Wed,2
2026-04-22 02:00:00.000,South,1122,61790,55.1,0,0,380.5,109.6925,0.109675,Wed,2
2026-04-22 02:00:00.000,West,1198,65672,54.8,0,0,322.4,109.6925,0.109675,Wed,2
2026-04-22 03:00:00.000,East,808,44870,55.5,0,0,178.2,121.2325,0.12125,Wed,3
2026-04-22 03:00:00.000,North,914,50549,55.3,0,0,206.2,121.2325,0.12125,Wed,3
2026-04-22 03:00:00.000,South,1122,61520,54.8,0,0,354.3,121.2325,0.12125,Wed,3
2026-04-22 03:00:00.000,West,1198,65853,55,0,0,291.2,121.2325,0.12125,Wed,3
2026-04-22 04:00:00.000,East,808,18782,23.2,0,0,-2871,139.8425,0.13985,Wed,4
2026-04-22 04:00:00.000,North,914,21311,23.3,0,0,-3148,139.8425,0.13985,Wed,4
2026-04-22 04:00:00.000,South,1122,26672,23.8,0,0,-3899,139.8425,0.13985,Wed,4
2026-04-22 04:00:00.000,West,1198,28229,23.6,0,0,-4195,139.8425,0.13985,Wed,4
2026-04-22 05:00:00.000,East,808,19264,23.8,0,0,-2820,134.7975,0.1348,Wed,5
2026-04-22 05:00:00.000,North,914,21187,23.2,0,0,-3129,134.7975,0.1348,Wed,5
2026-04-22 05:00:00.000,South,1122,26037,23.2,0,0,-3931,134.7975,0.1348,Wed,5
2026-04-22 05:00:00.000,West,1198,27824,23.2,0,0,-4200,134.7975,0.1348,Wed,5
2026-04-22 06:00:00.000,East,808,44656,55.3,1490.38,1.84,229.1,113.865,0.113875,Wed,6
2026-04-22 06:00:00.000,North,914,50233,55,1755.88,1.92,284.5,113.865,0.113875,Wed,6
2026-04-22 06:00:00.000,South,1122,61165,54.5,2080.21,1.85,301,113.865,0.113875,Wed,6
2026-04-22 06:00:00.000,West,1198,65762,54.9,2243.3,1.87,312.7,113.865,0.113875,Wed,6
2026-04-22 07:00:00.000,East,808,44969,55.7,1783.45,2.21,221.1,79.555,0.079575,Wed,7
2026-04-22 07:00:00.000,North,914,50251,55,1985.08,2.17,244.3,79.555,0.079575,Wed,7
2026-04-22 07:00:00.000,South,1122,62199,55.4,2473.61,2.2,286.8,79.555,0.079575,Wed,7
2026-04-22 07:00:00.000,West,1198,66230,55.3,2604.54,2.17,349.4,79.555,0.079575,Wed,7
2026-04-22 08:00:00.000,East,808,65496,81.1,2109.66,2.61,2634.1,20.155,0.02015,Wed,8
2026-04-22 08:00:00.000,North,914,74407,81.4,2396.04,2.62,2967.4,20.155,0.02015,Wed,8
2026-04-22 08:00:00.000,South,1122,91011,81.1,2863.44,2.55,3673.8,20.155,0.02015,Wed,8
2026-04-22 08:00:00.000,West,1198,97012,81,2992.92,2.5,3912.1,20.155,0.02015,Wed,8
2026-04-22 09:00:00.000,East,808,72677,89.9,2324,2.88,3449.3,-2.42,-0.00245,Wed,9
2026-04-22 09:00:00.000,North,914,82166,89.9,2608.82,2.85,3893.4,-2.42,-0.00245,Wed,9
2026-04-22 09:00:00.000,South,1122,100934,90,3215.55,2.87,4746.4,-2.42,-0.00245,Wed,9
2026-04-22 09:00:00.000,West,1198,107983,90.1,3444.95,2.88,5097.5,-2.42,-0.00245,Wed,9
2026-04-22 10:00:00.000,East,808,72656,89.9,2550.54,3.16,3429.2,-8.8325,-0.00885,Wed,10
2026-04-22 10:00:00.000,North,914,82394,90.1,2977.35,3.26,3890.6,-8.8325,-0.00885,Wed,10
2026-04-22 10:00:00.000,South,1122,101009,90,3563.08,3.18,4764.9,-8.8325,-0.00885,Wed,10
2026-04-22 10:00:00.000,West,1198,107883,90.1,3830.33,3.2,5093.9,-8.8325,-0.00885,Wed,10
2026-04-22 11:00:00.000,East,808,72684,90,2849.82,3.53,3443.3,-20.985,-0.021,Wed,11
2026-04-22 11:00:00.000,North,914,82298,90,3453.63,3.78,3900.1,-20.985,-0.021,Wed,11
2026-04-22 11:00:00.000,South,1122,100951,90,4001.63,3.57,4758.7,-20.985,-0.021,Wed,11
2026-04-22 11:00:00.000,West,1198,107876,90,4162.5,3.47,5099.3,-20.985,-0.021,Wed,11
2026-04-22 12:00:00.000,East,808,72607,89.9,3166.96,3.92,3442.6,-19,-0.019,Wed,12
2026-04-22 12:00:00.000,North,914,82219,90,3564.29,3.9,3895.2,-19,-0.019,Wed,12
2026-04-22 12:00:00.000,South,1122,101048,90.1,4445.94,3.96,4767.9,-19,-0.019,Wed,12
2026-04-22 12:00:00.000,West,1198,107773,90,4686.12,3.91,5110.2,-19,-0.019,Wed,12
2026-04-22 13:00:00.000,East,808,72657,89.9,3511.8,4.35,3445.4,-4.92,-0.004925,Wed,13
2026-04-22 13:00:00.000,North,914,82290,90,3819.1,4.18,3874.2,-4.92,-0.004925,Wed,13
2026-04-22 13:00:00.000,South,1122,100909,89.9,4652.5,4.15,4767.7,-4.92,-0.004925,Wed,13
2026-04-22 13:00:00.000,West,1198,107714,89.9,5092.7,4.25,5088.8,-4.92,-0.004925,Wed,13
2026-04-22 14:00:00.000,East,808,72949,90.3,3264.84,4.04,3431,-0.01,-2.5e-05,Wed,14
2026-04-22 14:00:00.000,North,914,82261,90,3660.92,4.01,3895.5,-0.01,-2.5e-05,Wed,14
2026-04-22 14:00:00.000,South,1122,101130,90.1,4332.69,3.86,4800.9,-0.01,-2.5e-05,Wed,14
2026-04-22 14:00:00.000,West,1198,107724,89.9,4608.02,3.85,5137.4,-0.01,-2.5e-05,Wed,14
2026-04-22 15:00:00.000,East,808,65395,80.9,3005.32,3.72,2594.8,57.405,0.0574,Wed,15
2026-04-22 15:00:00.000,North,914,73867,80.8,3226.39,3.53,2975,57.405,0.0574,Wed,15
2026-04-22 15:00:00.000,South,1122,91094,81.2,4032.96,3.59,3655.6,57.405,0.0574,Wed,15
2026-04-22 15:00:00.000,West,1198,97251,81.2,4233.67,3.53,3878.7,57.405,0.0574,Wed,15
2026-04-22 16:00:00.000,East,808,44589,55.2,2546.77,3.15,211.9,105.2975,0.105325,Wed,16
2026-04-22 16:00:00.000,North,914,50506,55.3,2954.22,3.23,242.3,105.2975,0.105325,Wed,16
2026-04-22 16:00:00.000,South,1122,61181,54.5,3507.18,3.13,342.1,105.2975,0.105325,Wed,16
2026-04-22 16:00:00.000,West,1198,65704,54.8,3872.47,3.23,313.4,105.2975,0.105325,Wed,16
2026-04-22 17:00:00.000,East,808,18934,23.4,2307.59,2.86,-2800,140.1175,0.1401,Wed,17
2026-04-22 17:00:00.000,North,914,21516,23.5,2697.45,2.95,-3076,140.1175,0.1401,Wed,17
2026-04-22 17:00:00.000,South,1122,26310,23.4,3176.6,2.83,-3866,140.1175,0.1401,Wed,17
2026-04-22 17:00:00.000,West,1198,28526,23.8,3398.18,2.84,-4198,140.1175,0.1401,Wed,17
2026-04-22 18:00:00.000,East,808,19055,23.6,2114.7,2.62,-2825,153.91,0.153925,Wed,18
2026-04-22 18:00:00.000,North,914,21646,23.7,2348.4,2.57,-3150,153.91,0.153925,Wed,18
2026-04-22 18:00:00.000,South,1122,26189,23.3,2859.54,2.55,-3902,153.91,0.153925,Wed,18
2026-04-22 18:00:00.000,West,1198,27938,23.3,3054.78,2.55,-4180,153.91,0.153925,Wed,18
2026-04-22 19:00:00.000,East,808,44843,55.5,1752.65,2.17,221.3,128.51,0.1285,Wed,19
2026-04-22 19:00:00.000,North,914,50211,54.9,2010.02,2.2,218.1,128.51,0.1285,Wed,19
2026-04-22 19:00:00.000,South,1122,61622,54.9,2490.01,2.22,283.7,128.51,0.1285,Wed,19
2026-04-22 19:00:00.000,West,1198,65967,55.1,2630.61,2.2,260.8,128.51,0.1285,Wed,19
2026-04-22 20:00:00.000,East,808,44373,54.9,1502.15,1.86,173,114.45,0.114475,Wed,20
2026-04-22 20:00:00.000,North,914,50558,55.3,1681.07,1.84,252.8,114.45,0.114475,Wed,20
2026-04-22 20:00:00.000,South,1122,61971,55.2,2042.41,1.82,277.2,114.45,0.114475,Wed,20
2026-04-22 20:00:00.000,West,1198,65915,55,2269.83,1.89,373.6,114.45,0.114475,Wed,20
2026-04-22 21:00:00.000,East,808,44536,55.1,0,0,180.8,105.0775,0.105075,Wed,21
2026-04-22 21:00:00.000,North,914,50393,55.1,0,0,248.2,105.0775,0.105075,Wed,21
2026-04-22 21:00:00.000,South,1122,61320,54.7,0,0,283.1,105.0775,0.105075,Wed,21
2026-04-22 21:00:00.000,West,1198,65465,54.6,0,0,263.6,105.0775,0.105075,Wed,21
2026-04-22 22:00:00.000,East,808,44589,55.2,0,0,171.5,100.14,0.10015,Wed,22
2026-04-22 22:00:00.000,North,914,50314,55,0,0,243,100.14,0.10015,Wed,22
2026-04-22 22:00:00.000,South,1122,61439,54.8,0,0,232.7,100.14,0.10015,Wed,22
2026-04-22 22:00:00.000,West,1198,66565,55.6,0,0,293.8,100.14,0.10015,Wed,22
2026-04-22 23:00:00.000,East,808,44799,55.4,0,0,181.9,97.625,0.097625,Wed,23
2026-04-22 23:00:00.000,North,914,50082,54.8,0,0,235.7,97.625,0.097625,Wed,23
2026-04-22 23:00:00.000,South,1122,61795,55.1,0,0,238.7,97.625,0.097625,Wed,23
2026-04-22 23:00:00.000,West,1198,65678,54.8,0,0,333.9,97.625,0.097625,Wed,23
2026-04-23 00:00:00.000,East,808,44812,55.5,0,0,220.3,96.735,0.09675,Thu,0
2026-04-23 00:00:00.000,North,914,50167,54.9,0,0,216.1,96.735,0.09675,Thu,0
2026-04-23 00:00:00.000,South,1122,61516,54.8,0,0,283.8,96.735,0.09675,Thu,0
2026-04-23 00:00:00.000,West,1198,65155,54.4,0,0,274,96.735,0.09675,Thu,0
2026-04-23 01:00:00.000,East,808,43961,54.4,0,0,199,96.2075,0.0962,Thu,1
2026-04-23 01:00:00.000,North,914,50566,55.3,0,0,262,96.2075,0.0962,Thu,1
2026-04-23 01:00:00.000,South,1122,61527,54.8,0,0,280.4,96.2075,0.0962,Thu,1
2026-04-23 01:00:00.000,West,1198,65221,54.4,0,0,266.4,96.2075,0.0962,Thu,1
2026-04-23 02:00:00.000,East,808,44830,55.5,0,0,184.4,95.85,0.09585,Thu,2
2026-04-23 02:00:00.000,North,914,50488,55.2,0,0,276.3,95.85,0.09585,Thu,2
2026-04-23 02:00:00.000,South,1122,61549,54.9,0,0,244.6,95.85,0.09585,Thu,2
2026-04-23 02:00:00.000,West,1198,65781,54.9,0,0,343.3,95.85,0.09585,Thu,2
2026-04-23 03:00:00.000,East,808,44685,55.3,0,0,195.5,104.16,0.104175,Thu,3
2026-04-23 03:00:00.000,North,914,50287,55,0,0,210,104.16,0.104175,Thu,3
2026-04-23 03:00:00.000,South,1122,62117,55.4,0,0,260,104.16,0.104175,Thu,3
2026-04-23 03:00:00.000,West,1198,66422,55.4,0,0,298.7,104.16,0.104175,Thu,3
2026-04-23 04:00:00.000,East,808,44160,54.7,0,0,177.7,119,0.119,Thu,4
2026-04-23 04:00:00.000,North,914,50170,54.9,0,0,291.6,119,0.119,Thu,4
2026-04-23 04:00:00.000,South,1122,61627,54.9,0,0,309.5,119,0.119,Thu,4
2026-04-23 04:00:00.000,West,1198,65972,55.1,0,0,281.4,119,0.119,Thu,4
2026-04-23 05:00:00.000,East,808,44614,55.2,0,0,137.7,119.4,0.1194,Thu,5
2026-04-23 05:00:00.000,North,914,50286,55,0,0,217.6,119.4,0.1194,Thu,5
2026-04-23 05:00:00.000,South,1122,61638,54.9,0,0,283.4,119.4,0.1194,Thu,5
2026-04-23 05:00:00.000,West,1198,65917,55,0,0,364.3,119.4,0.1194,Thu,5
2026-04-23 06:00:00.000,East,808,44538,55.1,1498.64,1.85,270.4,109.6975,0.1097,Thu,6
2026-04-23 06:00:00.000,North,914,50450,55.2,1706.17,1.87,239.1,109.6975,0.1097,Thu,6
2026-04-23 06:00:00.000,South,1122,61714,55,2106.17,1.88,278.4,109.6975,0.1097,Thu,6
2026-04-23 06:00:00.000,West,1198,65980,55.1,2217.24,1.85,275,109.6975,0.1097,Thu,6
2026-04-23 07:00:00.000,East,808,65664,81.3,1818.4,2.25,2614.9,63.2925,0.0633,Thu,7
2026-04-23 07:00:00.000,North,914,73924,80.9,1960.33,2.14,2981.6,63.2925,0.0633,Thu,7
2026-04-23 07:00:00.000,South,1122,90895,81,2456.73,2.19,3632.5,63.2925,0.0633,Thu,7
2026-04-23 07:00:00.000,West,1198,97162,81.1,2638.94,2.2,3862.3,63.2925,0.0633,Thu,7
2026-04-23 08:00:00.000,East,808,72822,90.1,2088.72,2.59,3417.2,-0.5625,-0.000575,Thu,8
2026-04-23 08:00:00.000,North,914,82361,90.1,2260.5,2.47,3901.5,-0.5625,-0.000575,Thu,8
2026-04-23 08:00:00.000,South,1122,101065,90.1,2955.6,2.63,4766,-0.5625,-0.000575,Thu,8
2026-04-23 08:00:00.000,West,1198,107924,90.1,3068.94,2.56,5089.2,-0.5625,-0.000575,Thu,8
2026-04-23 09:00:00.000,East,808,72741,90,2328.15,2.88,3431.7,-6.175,-0.006175,Thu,9
2026-04-23 09:00:00.000,North,914,82169,89.9,2643.93,2.89,3879.5,-6.175,-0.006175,Thu,9
2026-04-23 09:00:00.000,South,1122,101023,90,3253.33,2.9,4764.3,-6.175,-0.006175,Thu,9
2026-04-23 09:00:00.000,West,1198,107837,90,3462.92,2.89,5074.8,-6.175,-0.006175,Thu,9
2026-04-23 10:00:00.000,East,808,72737,90,2619.56,3.24,3425.6,-29.0075,-0.029,Thu,10
2026-04-23 10:00:00.000,North,914,82364,90.1,2944.43,3.22,3871.5,-29.0075,-0.029,Thu,10
2026-04-23 10:00:00.000,South,1122,101103,90.1,3566.64,3.18,4773.5,-29.0075,-0.029,Thu,10
2026-04-23 10:00:00.000,West,1198,107792,90,3954.63,3.3,5062.3,-29.0075,-0.029,Thu,10
2026-04-23 11:00:00.000,East,808,72669,89.9,2833.56,3.51,3437.3,-49.56,-0.049575,Thu,11
2026-04-23 11:00:00.000,North,914,82425,90.2,3307.82,3.62,3909.9,-49.56,-0.049575,Thu,11
2026-04-23 11:00:00.000,South,1122,101076,90.1,4027.06,3.59,4775.4,-49.56,-0.049575,Thu,11
2026-04-23 11:00:00.000,West,1198,107734,89.9,4172.87,3.48,5109,-49.56,-0.049575,Thu,11
2026-04-23 12:00:00.000,East,808,72690,90,3188.49,3.95,3436.1,-48.8625,-0.04885,Thu,12
2026-04-23 12:00:00.000,North,914,82241,90,3559.3,3.89,3863,-48.8625,-0.04885,Thu,12
2026-04-23 12:00:00.000,South,1122,101071,90.1,4423.46,3.94,4767.4,-48.8625,-0.04885,Thu,12
2026-04-23 12:00:00.000,West,1198,107776,90,4705.37,3.93,5073.3,-48.8625,-0.04885,Thu,12
2026-04-23 13:00:00.000,East,808,72682,90,3255,4.03,3439.9,-22.89,-0.0229,Thu,13
2026-04-23 13:00:00.000,North,914,82304,90,3964.5,4.34,3880.7,-22.89,-0.0229,Thu,13
2026-04-23 13:00:00.000,South,1122,100954,90,4710.2,4.2,4770.7,-22.89,-0.0229,Thu,13
2026-04-23 13:00:00.000,West,1198,107660,89.9,5010.8,4.18,5102,-22.89,-0.0229,Thu,13
2026-04-23 14:00:00.000,East,808,72545,89.8,3296.62,4.08,3440.9,-1.93,-0.001925,Thu,14
2026-04-23 14:00:00.000,North,914,82225,90,3555.66,3.89,3886.8,-1.93,-0.001925,Thu,14
2026-04-23 14:00:00.000,South,1122,100880,89.9,4358.68,3.88,4760.2,-1.93,-0.001925,Thu,14
2026-04-23 14:00:00.000,West,1198,107901,90.1,4801.46,4.01,5081.2,-1.93,-0.001925,Thu,14
2026-04-23 15:00:00.000,East,808,65422,81,2832.67,3.51,2637.1,21.9675,0.021975,Thu,15
2026-04-23 15:00:00.000,North,914,73904,80.9,3264.06,3.57,3001.6,21.9675,0.021975,Thu,15
2026-04-23 15:00:00.000,South,1122,91097,81.2,3981.12,3.55,3634.2,21.9675,0.021975,Thu,15
2026-04-23 15:00:00.000,West,1198,97200,81.1,4207.03,3.51,3860.4,21.9675,0.021975,Thu,15
2026-04-23 16:00:00.000,East,808,45010,55.7,2659.79,3.29,174.8,93.5725,0.093575,Thu,16
2026-04-23 16:00:00.000,North,914,50366,55.1,2928.56,3.2,222.3,93.5725,0.093575,Thu,16
2026-04-23 16:00:00.000,South,1122,62208,55.4,3628.93,3.23,274.9,93.5725,0.093575,Thu,16
2026-04-23 16:00:00.000,West,1198,66190,55.3,3892.87,3.25,337,93.5725,0.093575,Thu,16
2026-04-23 17:00:00.000,East,808,44607,55.2,2354.63,2.91,204.5,121.5,0.1215,Thu,17
2026-04-23 17:00:00.000,North,914,50157,54.9,2678.69,2.93,279.1,121.5,0.1215,Thu,17
2026-04-23 17:00:00.000,South,1122,61714,55,3286.66,2.93,331.9,121.5,0.1215,Thu,17
2026-04-23 17:00:00.000,West,1198,66294,55.3,3446.71,2.88,305.7,121.5,0.1215,Thu,17
2026-04-23 18:00:00.000,East,808,18891,23.4,2008.86,2.49,-2813,136.955,0.13695,Thu,18
2026-04-23 18:00:00.000,North,914,21279,23.3,2374.26,2.6,-3127,136.955,0.13695,Thu,18
2026-04-23 18:00:00.000,South,1122,26460,23.6,2893.26,2.58,-3965,136.955,0.13695,Thu,18
2026-04-23 18:00:00.000,West,1198,28075,23.4,3087.18,2.58,-4189,136.955,0.13695,Thu,18
2026-04-23 19:00:00.000,East,808,44451,55,1837.92,2.27,220.9,116.2875,0.1163,Thu,19
2026-04-23 19:00:00.000,North,914,50009,54.7,2029.3,2.22,248.7,116.2875,0.1163,Thu,19
2026-04-23 19:00:00.000,South,1122,61869,55.1,2526.21,2.25,269.5,116.2875,0.1163,Thu,19
2026-04-23 19:00:00.000,West,1198,65707,54.8,2686.31,2.24,324.7,116.2875,0.1163,Thu,19
2026-04-23 20:00:00.000,East,808,44514,55.1,1530.2,1.89,210.8,108.235,0.10825,Thu,20
2026-04-23 20:00:00.000,North,914,50471,55.2,1717.9,1.88,222,108.235,0.10825,Thu,20
2026-04-23 20:00:00.000,South,1122,61489,54.8,2090.42,1.86,220.4,108.235,0.10825,Thu,20
2026-04-23 20:00:00.000,West,1198,65934,55,2272.72,1.9,228.1,108.235,0.10825,Thu,20
2026-04-23 21:00:00.000,East,808,44187,54.7,0,0,169.7,99.4575,0.09945,Thu,21
2026-04-23 21:00:00.000,North,914,49637,54.3,0,0,232.9,99.4575,0.09945,Thu,21
2026-04-23 21:00:00.000,South,1122,61301,54.6,0,0,271.5,99.4575,0.09945,Thu,21
2026-04-23 21:00:00.000,West,1198,66029,55.1,0,0,313.6,99.4575,0.09945,Thu,21
2026-04-23 22:00:00.000,East,808,44388,54.9,0,0,221.3,102.455,0.102475,Thu,22
2026-04-23 22:00:00.000,North,914,50977,55.8,0,0,205,102.455,0.102475,Thu,22
2026-04-23 22:00:00.000,South,1122,61002,54.4,0,0,298.9,102.455,0.102475,Thu,22
2026-04-23 22:00:00.000,West,1198,65860,55,0,0,299.3,102.455,0.102475,Thu,22
2026-04-23 23:00:00.000,East,808,44680,55.3,0,0,219.8,100.13,0.10015,Thu,23
2026-04-23 23:00:00.000,North,914,50348,55.1,0,0,206.6,100.13,0.10015,Thu,23
2026-04-23 23:00:00.000,South,1122,62292,55.5,0,0,310.8,100.13,0.10015,Thu,23
2026-04-23 23:00:00.000,West,1198,65925,55,0,0,298.4,100.13,0.10015,Thu,23
2026-04-24 00:00:00.000,East,808,44054,54.5,0,0,193,100.71,0.100725,Fri,0
2026-04-24 00:00:00.000,North,914,49809,54.5,0,0,211.6,100.71,0.100725,Fri,0
2026-04-24 00:00:00.000,South,1122,61857,55.1,0,0,270.1,100.71,0.100725,Fri,0
2026-04-24 00:00:00.000,West,1198,66251,55.3,0,0,274,100.71,0.100725,Fri,0
2026-04-24 01:00:00.000,East,808,44712,55.3,0,0,169.8,101.69,0.1017,Fri,1
2026-04-24 01:00:00.000,North,914,50296,55,0,0,265.1,101.69,0.1017,Fri,1
2026-04-24 01:00:00.000,South,1122,61630,54.9,0,0,281,101.69,0.1017,Fri,1
2026-04-24 01:00:00.000,West,1198,65511,54.7,0,0,328.3,101.69,0.1017,Fri,1
2026-04-24 02:00:00.000,East,808,44523,55.1,0,0,182.7,105.3575,0.105375,Fri,2
2026-04-24 02:00:00.000,North,914,50258,55,0,0,196.3,105.3575,0.105375,Fri,2
2026-04-24 02:00:00.000,South,1122,61881,55.2,0,0,217.1,105.3575,0.105375,Fri,2
2026-04-24 02:00:00.000,West,1198,66156,55.2,0,0,243.8,105.3575,0.105375,Fri,2
2026-04-24 03:00:00.000,East,808,44492,55.1,0,0,200.5,116.305,0.116325,Fri,3
2026-04-24 03:00:00.000,North,914,49893,54.6,0,0,255.8,116.305,0.116325,Fri,3
2026-04-24 03:00:00.000,South,1122,62023,55.3,0,0,216.9,116.305,0.116325,Fri,3
2026-04-24 03:00:00.000,West,1198,66362,55.4,0,0,282.6,116.305,0.116325,Fri,3
2026-04-24 04:00:00.000,East,808,19237,23.8,0,0,-2843,131.8725,0.1319,Fri,4
2026-04-24 04:00:00.000,North,914,22010,24.1,0,0,-3212,131.8725,0.1319,Fri,4
2026-04-24 04:00:00.000,South,1122,26291,23.4,0,0,-3930,131.8725,0.1319,Fri,4
2026-04-24 04:00:00.000,West,1198,28107,23.5,0,0,-4189,131.8725,0.1319,Fri,4
2026-04-24 05:00:00.000,East,808,18855,23.3,0,0,-2759,137.9875,0.137975,Fri,5
2026-04-24 05:00:00.000,North,914,21573,23.6,0,0,-3157,137.9875,0.137975,Fri,5
2026-04-24 05:00:00.000,South,1122,26118,23.3,0,0,-3889,137.9875,0.137975,Fri,5
2026-04-24 05:00:00.000,West,1198,27886,23.3,0,0,-4230,137.9875,0.137975,Fri,5
2026-04-24 06:00:00.000,East,808,44604,55.2,1532.3,1.9,184.5,117.685,0.117675,Fri,6
2026-04-24 06:00:00.000,North,914,50073,54.8,1712.16,1.87,194,117.685,0.117675,Fri,6
2026-04-24 06:00:00.000,South,1122,62071,55.3,2189.12,1.95,310.6,117.685,0.117675,Fri,6
2026-04-24 06:00:00.000,West,1198,65609,54.8,2244.52,1.87,252.8,117.685,0.117675,Fri,6
2026-04-24 07:00:00.000,East,808,44419,55,1761.97,2.18,225.5,80.905,0.080925,Fri,7
2026-04-24 07:00:00.000,North,914,50014,54.7,2034.71,2.23,229.6,80.905,0.080925,Fri,7
2026-04-24 07:00:00.000,South,1122,61684,55,2532.29,2.26,315.5,80.905,0.080925,Fri,7
2026-04-24 07:00:00.000,West,1198,65958,55.1,2673.34,2.23,292.9,80.905,0.080925,Fri,7
2026-04-24 08:00:00.000,East,808,65218,80.7,2061.96,2.55,2630.9,19.5725,0.019575,Fri,8
2026-04-24 08:00:00.000,North,914,73891,80.8,2288.58,2.5,2967.8,19.5725,0.019575,Fri,8
2026-04-24 08:00:00.000,South,1122,90958,81.1,2816.88,2.51,3600.1,19.5725,0.019575,Fri,8
2026-04-24 08:00:00.000,West,1198,97157,81.1,3005.4,2.51,3932.1,19.5725,0.019575,Fri,8
2026-04-24 09:00:00.000,East,808,72814,90.1,2422.28,3,3437.5,-0.035,-2.5e-05,Fri,9
2026-04-24 09:00:00.000,North,914,82133,89.9,2729.56,2.99,3903.2,-0.035,-2.5e-05,Fri,9
2026-04-24 09:00:00.000,South,1122,100892,89.9,3243.51,2.89,4765.2,-0.035,-2.5e-05,Fri,9
2026-04-24 09:00:00.000,West,1198,107782,90,3363.62,2.81,5123.6,-0.035,-2.5e-05,Fri,9
2026-04-24 10:00:00.000,East,808,72815,90.1,2593.93,3.21,3425.4,-6.9075,-0.006925,Fri,10
2026-04-24 10:00:00.000,North,914,82292,90,2957.17,3.24,3849.1,-6.9075,-0.006925,Fri,10
2026-04-24 10:00:00.000,South,1122,100817,89.9,3748.71,3.34,4774.7,-6.9075,-0.006925,Fri,10
2026-04-24 10:00:00.000,West,1198,107641,89.9,3896.27,3.25,5118.2,-6.9075,-0.006925,Fri,10
2026-04-24 11:00:00.000,East,808,72879,90.2,2847.83,3.52,3434.7,-26.14,-0.02615,Fri,11
2026-04-24 11:00:00.000,North,914,82151,89.9,3268.52,3.58,3884.2,-26.14,-0.02615,Fri,11
2026-04-24 11:00:00.000,South,1122,100946,90,4098.1,3.65,4780.4,-26.14,-0.02615,Fri,11
2026-04-24 11:00:00.000,West,1198,107811,90,4214.28,3.52,5061.6,-26.14,-0.02615,Fri,11
2026-04-24 12:00:00.000,East,808,72804,90.1,3143.21,3.89,3444.9,-30.0025,-0.030025,Fri,12
2026-04-24 12:00:00.000,North,914,82383,90.1,3501.67,3.83,3900.7,-30.0025,-0.030025,Fri,12
2026-04-24 12:00:00.000,South,1122,100810,89.8,4328.98,3.86,4756.1,-30.0025,-0.030025,Fri,12
2026-04-24 12:00:00.000,West,1198,107728,89.9,4584.08,3.83,5096.8,-30.0025,-0.030025,Fri,12
2026-04-24 13:00:00.000,East,808,72694,90,3359.5,4.16,3450.7,-16.555,-0.01655,Fri,13
2026-04-24 13:00:00.000,North,914,82284,90,4034.8,4.41,3871.5,-16.555,-0.01655,Fri,13
2026-04-24 13:00:00.000,South,1122,101030,90,4818.4,4.29,4755.7,-16.555,-0.01655,Fri,13
2026-04-24 13:00:00.000,West,1198,107782,90,5083.1,4.24,5098.6,-16.555,-0.01655,Fri,13
2026-04-24 14:00:00.000,East,808,72646,89.9,3061.8,3.79,3428.5,-1.6125,-0.0016,Fri,14
2026-04-24 14:00:00.000,North,914,82276,90,3523.57,3.86,3886,-1.6125,-0.0016,Fri,14
2026-04-24 14:00:00.000,South,1122,100971,90,4441.05,3.96,4790,-1.6125,-0.0016,Fri,14
2026-04-24 14:00:00.000,West,1198,107944,90.1,4817.93,4.02,5088.5,-1.6125,-0.0016,Fri,14
2026-04-24 15:00:00.000,East,808,65463,81,2797.7,3.46,2611.9,50.9075,0.0509,Fri,15
2026-04-24 15:00:00.000,North,914,74066,81,3302.88,3.61,3017.5,50.9075,0.0509,Fri,15
2026-04-24 15:00:00.000,South,1122,91064,81.2,4006.94,3.57,3656.6,50.9075,0.0509,Fri,15
2026-04-24 15:00:00.000,West,1198,97385,81.3,4234.78,3.53,3942.5,50.9075,0.0509,Fri,15
2026-04-24 16:00:00.000,East,808,44729,55.4,2599.07,3.22,189.7,104.8175,0.104825,Fri,16
2026-04-24 16:00:00.000,North,914,50146,54.9,2934,3.21,247,104.8175,0.104825,Fri,16
2026-04-24 16:00:00.000,South,1122,61770,55.1,3555.87,3.17,244.4,104.8175,0.104825,Fri,16
2026-04-24 16:00:00.000,West,1198,66094,55.2,3861.7,3.22,339.3,104.8175,0.104825,Fri,16
2026-04-24 17:00:00.000,East,808,19027,23.5,2323.99,2.88,-2833,133.81,0.133825,Fri,17
2026-04-24 17:00:00.000,North,914,21688,23.7,2647.56,2.9,-3143,133.81,0.133825,Fri,17
2026-04-24 17:00:00.000,South,1122,26455,23.6,3280.52,2.92,-3931,133.81,0.133825,Fri,17
2026-04-24 17:00:00.000,West,1198,28035,23.4,3443.39,2.87,-4177,133.81,0.133825,Fri,17
2026-04-24 18:00:00.000,East,808,18575,23,2047.74,2.53,-2834,137.34,0.13735,Fri,18
2026-04-24 18:00:00.000,North,914,21681,23.7,2424.72,2.65,-3141,137.34,0.13735,Fri,18
2026-04-24 18:00:00.000,South,1122,26538,23.7,2801.22,2.5,-3948,137.34,0.13735,Fri,18
2026-04-24 18:00:00.000,West,1198,27983,23.4,3018.66,2.52,-4194,137.34,0.13735,Fri,18
2026-04-24 19:00:00.000,East,808,18893,23.4,1825.3,2.26,-2836,131.025,0.13105,Fri,19
2026-04-24 19:00:00.000,North,914,21704,23.7,1996.99,2.18,-3224,131.025,0.13105,Fri,19
2026-04-24 19:00:00.000,South,1122,26264,23.4,2447.11,2.18,-3893,131.025,0.13105,Fri,19
2026-04-24 19:00:00.000,West,1198,28153,23.5,2672.48,2.23,-4198,131.025,0.13105,Fri,19
2026-04-24 20:00:00.000,East,808,43980,54.4,1492.26,1.85,218.6,121.8775,0.121875,Fri,20
2026-04-24 20:00:00.000,North,914,50466,55.2,1686.71,1.85,250.7,121.8775,0.121875,Fri,20
2026-04-24 20:00:00.000,South,1122,61883,55.2,2086.25,1.86,266.1,121.8775,0.121875,Fri,20
2026-04-24 20:00:00.000,West,1198,65561,54.7,2231,1.86,306.7,121.8775,0.121875,Fri,20
2026-04-24 21:00:00.000,East,808,44573,55.2,0,0,213.4,113.4425,0.11345,Fri,21
2026-04-24 21:00:00.000,North,914,50296,55,0,0,270.1,113.4425,0.11345,Fri,21
2026-04-24 21:00:00.000,South,1122,61174,54.5,0,0,257.9,113.4425,0.11345,Fri,21
2026-04-24 21:00:00.000,West,1198,65729,54.9,0,0,253.8,113.4425,0.11345,Fri,21
2026-04-24 22:00:00.000,East,808,44678,55.3,0,0,229.3,100.625,0.10065,Fri,22
2026-04-24 22:00:00.000,North,914,50302,55,0,0,215.5,100.625,0.10065,Fri,22
2026-04-24 22:00:00.000,South,1122,61640,54.9,0,0,207.8,100.625,0.10065,Fri,22
2026-04-24 22:00:00.000,West,1198,66073,55.2,0,0,261.2,100.625,0.10065,Fri,22
2026-04-24 23:00:00.000,East,808,44428,55,0,0,253.6,95.54,0.09555,Fri,23
2026-04-24 23:00:00.000,North,914,50072,54.8,0,0,199.2,95.54,0.09555,Fri,23
2026-04-24 23:00:00.000,South,1122,61637,54.9,0,0,251.2,95.54,0.09555,Fri,23
2026-04-24 23:00:00.000,West,1198,65589,54.7,0,0,300.7,95.54,0.09555,Fri,23
2026-04-25 00:00:00.000,East,808,44507,55.1,0,0,241.2,95.12,0.095125,Sat,0
2026-04-25 00:00:00.000,North,914,50519,55.3,0,0,252.2,95.12,0.095125,Sat,0
2026-04-25 00:00:00.000,South,1122,61987,55.2,0,0,270.4,95.12,0.095125,Sat,0
2026-04-25 00:00:00.000,West,1198,65911,55,0,0,288.9,95.12,0.095125,Sat,0
2026-04-25 01:00:00.000,East,808,43916,54.4,0,0,167.7,95.1575,0.095175,Sat,1
2026-04-25 01:00:00.000,North,914,50318,55.1,0,0,240.8,95.1575,0.095175,Sat,1
2026-04-25 01:00:00.000,South,1122,61668,55,0,0,267.6,95.1575,0.095175,Sat,1
2026-04-25 01:00:00.000,West,1198,65853,55,0,0,353.7,95.1575,0.095175,Sat,1
2026-04-25 02:00:00.000,East,808,44857,55.5,0,0,252.1,88.4575,0.088475,Sat,2
2026-04-25 02:00:00.000,North,914,50249,55,0,0,236,88.4575,0.088475,Sat,2
2026-04-25 02:00:00.000,South,1122,61457,54.8,0,0,260.5,88.4575,0.088475,Sat,2
2026-04-25 02:00:00.000,West,1198,66266,55.3,0,0,296.5,88.4575,0.088475,Sat,2
2026-04-25 03:00:00.000,East,808,44041,54.5,0,0,196.6,88.03,0.088025,Sat,3
2026-04-25 03:00:00.000,North,914,50043,54.8,0,0,213.7,88.03,0.088025,Sat,3
2026-04-25 03:00:00.000,South,1122,61820,55.1,0,0,273.6,88.03,0.088025,Sat,3
2026-04-25 03:00:00.000,West,1198,66220,55.3,0,0,282.3,88.03,0.088025,Sat,3
2026-04-25 04:00:00.000,East,808,43984,54.4,0,0,229.7,83.1825,0.0832,Sat,4
2026-04-25 04:00:00.000,North,914,50212,54.9,0,0,217.5,83.1825,0.0832,Sat,4
2026-04-25 04:00:00.000,South,1122,61716,55,0,0,269.9,83.1825,0.0832,Sat,4
2026-04-25 04:00:00.000,West,1198,65832,55,0,0,293.1,83.1825,0.0832,Sat,4
2026-04-25 05:00:00.000,East,808,44481,55.1,0,0,210.7,71.3625,0.07135,Sat,5
2026-04-25 05:00:00.000,North,914,50326,55.1,0,0,217,71.3625,0.07135,Sat,5
2026-04-25 05:00:00.000,South,1122,62039,55.3,0,0,322,71.3625,0.07135,Sat,5
2026-04-25 05:00:00.000,West,1198,65732,54.9,0,0,293.1,71.3625,0.07135,Sat,5
2026-04-25 06:00:00.000,East,808,65380,80.9,1478.6,1.83,2604.1,20.035,0.02005,Sat,6
2026-04-25 06:00:00.000,North,914,74236,81.2,1661.68,1.82,3000,20.035,0.02005,Sat,6
2026-04-25 06:00:00.000,South,1122,90993,81.1,2052.9,1.83,3618,20.035,0.02005,Sat,6
2026-04-25 06:00:00.000,West,1198,97169,81.1,2198.85,1.84,3883.4,20.035,0.02005,Sat,6
2026-04-25 07:00:00.000,East,808,72885,90.2,1732.99,2.14,3418.9,-0.0425,-5e-05,Sat,7
2026-04-25 07:00:00.000,North,914,82272,90,1997.54,2.19,3907.3,-0.0425,-5e-05,Sat,7
2026-04-25 07:00:00.000,South,1122,100939,90,2420.22,2.16,4749.7,-0.0425,-5e-05,Sat,7
2026-04-25 07:00:00.000,West,1198,107823,90,2686.48,2.24,5056.2,-0.0425,-5e-05,Sat,7
2026-04-25 08:00:00.000,East,808,72743,90,1992.72,2.47,3445.1,-7.27,-0.007275,Sat,8
2026-04-25 08:00:00.000,North,914,82276,90,2339.88,2.56,3901.2,-7.27,-0.007275,Sat,8
2026-04-25 08:00:00.000,South,1122,101081,90.1,2899.8,2.58,4726.4,-7.27,-0.007275,Sat,8
2026-04-25 08:00:00.000,West,1198,107881,90.1,3087.84,2.58,5072,-7.27,-0.007275,Sat,8
2026-04-25 09:00:00.000,East,808,72744,90,2332.1,2.89,3437.8,-42.1425,-0.042125,Sat,9
2026-04-25 09:00:00.000,North,914,82153,89.9,2550.05,2.79,3889.4,-42.1425,-0.042125,Sat,9
2026-04-25 09:00:00.000,South,1122,100763,89.8,3192.37,2.85,4766.3,-42.1425,-0.042125,Sat,9
2026-04-25 09:00:00.000,West,1198,107776,90,3461.9,2.89,5096,-42.1425,-0.042125,Sat,9
2026-04-25 10:00:00.000,East,808,72680,90,2618.37,3.24,3416.3,-100.5125,-0.1005,Sat,10
2026-04-25 10:00:00.000,North,914,82408,90.2,2945.3,3.22,3877.3,-100.5125,-0.1005,Sat,10
2026-04-25 10:00:00.000,South,1122,100910,89.9,3648.4,3.25,4750.8,-100.5125,-0.1005,Sat,10
2026-04-25 10:00:00.000,West,1198,108030,90.2,3968.36,3.31,5088.5,-100.5125,-0.1005,Sat,10
2026-04-25 11:00:00.000,East,808,72778,90.1,2919.21,3.61,3416.8,-176.4425,-0.17645,Sat,11
2026-04-25 11:00:00.000,North,914,82195,89.9,3198.6,3.5,3893.8,-176.4425,-0.17645,Sat,11
2026-04-25 11:00:00.000,South,1122,100830,89.9,4101.19,3.66,4779.8,-176.4425,-0.17645,Sat,11
2026-04-25 11:00:00.000,West,1198,107836,90,4217.62,3.52,5071,-176.4425,-0.17645,Sat,11
2026-04-25 12:00:00.000,East,808,72632,89.9,3214.51,3.98,3439.5,-190.865,-0.19085,Sat,12
2026-04-25 12:00:00.000,North,914,82278,90,3590.45,3.93,3854.4,-190.865,-0.19085,Sat,12
2026-04-25 12:00:00.000,South,1122,100974,90,4336.47,3.86,4787.1,-190.865,-0.19085,Sat,12
2026-04-25 12:00:00.000,West,1198,107911,90.1,4731.04,3.95,5078.3,-190.865,-0.19085,Sat,12
2026-04-25 13:00:00.000,East,808,72780,90.1,3431.3,4.25,3435.7,-133.8025,-0.1338,Sat,13
2026-04-25 13:00:00.000,North,914,82306,90.1,3847.2,4.21,3891.3,-133.8025,-0.1338,Sat,13
2026-04-25 13:00:00.000,South,1122,101122,90.1,4836.2,4.31,4758,-133.8025,-0.1338,Sat,13
2026-04-25 13:00:00.000,West,1198,107565,89.8,5068.8,4.23,5086.1,-133.8025,-0.1338,Sat,13
2026-04-25 14:00:00.000,East,808,72555,89.8,3161.63,3.91,3444,-53.975,-0.053975,Sat,14
2026-04-25 14:00:00.000,North,914,82265,90,3637.99,3.98,3899.7,-53.975,-0.053975,Sat,14
2026-04-25 14:00:00.000,South,1122,100850,89.9,4326.15,3.86,4774.7,-53.975,-0.053975,Sat,14
2026-04-25 14:00:00.000,West,1198,107887,90.1,4638.16,3.87,5085.6,-53.975,-0.053975,Sat,14
2026-04-25 15:00:00.000,East,808,72777,90.1,2885.36,3.57,3435.1,-5.245,-0.00525,Sat,15
2026-04-25 15:00:00.000,North,914,82244,90,3219.43,3.52,3893.3,-5.245,-0.00525,Sat,15
2026-04-25 15:00:00.000,South,1122,100770,89.8,3990.5,3.56,4727.3,-5.245,-0.00525,Sat,15
2026-04-25 15:00:00.000,West,1198,107795,90,4316.22,3.6,5073.8,-5.245,-0.00525,Sat,15
2026-04-25 16:00:00.000,East,808,65335,80.9,2572.51,3.18,2627,4.615,0.004625,Sat,16
2026-04-25 16:00:00.000,North,914,74065,81,2974.62,3.25,2963.9,4.615,0.004625,Sat,16
2026-04-25 16:00:00.000,South,1122,91054,81.2,3710.59,3.31,3645.4,4.615,0.004625,Sat,16
2026-04-25 16:00:00.000,West,1198,96705,80.7,3793.65,3.17,3909.3,4.615,0.004625,Sat,16
2026-04-25 17:00:00.000,East,808,65328,80.9,2380.4,2.95,2613.7,65.1975,0.0652,Sat,17
2026-04-25 17:00:00.000,North,914,73982,80.9,2676.61,2.93,2967.8,65.1975,0.0652,Sat,17
2026-04-25 17:00:00.000,South,1122,90989,81.1,3205.85,2.86,3622,65.1975,0.0652,Sat,17
2026-04-25 17:00:00.000,West,1198,96953,80.9,3414.28,2.85,3909,65.1975,0.0652,Sat,17
2026-04-25 18:00:00.000,East,808,44669,55.3,2086.5,2.58,243.8,75.42,0.075425,Sat,18
2026-04-25 18:00:00.000,North,914,50344,55.1,2319,2.54,221.9,75.42,0.075425,Sat,18
2026-04-25 18:00:00.000,South,1122,61060,54.4,2949.3,2.63,315.6,75.42,0.075425,Sat,18
2026-04-25 18:00:00.000,West,1198,66186,55.2,3080.28,2.57,290.8,75.42,0.075425,Sat,18
2026-04-25 19:00:00.000,East,808,44375,54.9,1753.7,2.17,224.4,72.005,0.072025,Sat,19
2026-04-25 19:00:00.000,North,914,50335,55.1,1995.7,2.18,277.9,72.005,0.072025,Sat,19
2026-04-25 19:00:00.000,South,1122,61884,55.2,2518.41,2.24,285.5,72.005,0.072025,Sat,19
2026-04-25 19:00:00.000,West,1198,65843,55,2669.37,2.23,300.5,72.005,0.072025,Sat,19
2026-04-25 20:00:00.000,East,808,44191,54.7,1530.04,1.89,225.9,72.6775,0.072675,Sat,20
2026-04-25 20:00:00.000,North,914,50615,55.4,1718.17,1.88,240.5,72.6775,0.072675,Sat,20
2026-04-25 20:00:00.000,South,1122,61558,54.9,2087.98,1.86,312.4,72.6775,0.072675,Sat,20
2026-04-25 20:00:00.000,West,1198,65239,54.5,2233.25,1.86,320.2,72.6775,0.072675,Sat,20
2026-04-25 21:00:00.000,East,808,44109,54.6,0,0,211.2,69.98,0.069975,Sat,21
2026-04-25 21:00:00.000,North,914,50848,55.6,0,0,212.8,69.98,0.069975,Sat,21
2026-04-25 21:00:00.000,South,1122,61041,54.4,0,0,311.3,69.98,0.069975,Sat,21
2026-04-25 21:00:00.000,West,1198,65678,54.8,0,0,283.5,69.98,0.069975,Sat,21
2026-04-25 22:00:00.000,East,808,44634,55.2,0,0,223.9,79.44,0.07945,Sat,22
2026-04-25 22:00:00.000,North,914,49909,54.6,0,0,207.8,79.44,0.07945,Sat,22
2026-04-25 22:00:00.000,South,1122,61573,54.9,0,0,271,79.44,0.07945,Sat,22
2026-04-25 22:00:00.000,West,1198,65536,54.7,0,0,377.9,79.44,0.07945,Sat,22
2026-04-25 23:00:00.000,East,808,44350,54.9,0,0,179.8,83.595,0.0836,Sat,23
2026-04-25 23:00:00.000,North,914,50107,54.8,0,0,204.1,83.595,0.0836,Sat,23
2026-04-25 23:00:00.000,South,1122,61949,55.2,0,0,312.9,83.595,0.0836,Sat,23
2026-04-25 23:00:00.000,West,1198,66076,55.2,0,0,298.9,83.595,0.0836,Sat,23
2026-04-26 00:00:00.000,East,808,44540,55.1,0,0,213.6,87.1,0.087125,Sun,0
2026-04-26 00:00:00.000,North,914,50519,55.3,0,0,252.6,87.1,0.087125,Sun,0
2026-04-26 00:00:00.000,South,1122,61492,54.8,0,0,342.4,87.1,0.087125,Sun,0
2026-04-26 00:00:00.000,West,1198,65779,54.9,0,0,274.4,87.1,0.087125,Sun,0
2026-04-26 01:00:00.000,East,808,44266,54.8,0,0,206.4,90.4875,0.0905,Sun,1
2026-04-26 01:00:00.000,North,914,50459,55.2,0,0,176.2,90.4875,0.0905,Sun,1
2026-04-26 01:00:00.000,South,1122,61837,55.1,0,0,318.5,90.4875,0.0905,Sun,1
2026-04-26 01:00:00.000,West,1198,65897,55,0,0,272.3,90.4875,0.0905,Sun,1
2026-04-26 02:00:00.000,East,808,44516,55.1,0,0,141.1,94.1525,0.094175,Sun,2
2026-04-26 02:00:00.000,North,914,50219,54.9,0,0,207.9,94.1525,0.094175,Sun,2
2026-04-26 02:00:00.000,South,1122,61557,54.9,0,0,291.7,94.1525,0.094175,Sun,2
2026-04-26 02:00:00.000,West,1198,65468,54.6,0,0,307.2,94.1525,0.094175,Sun,2
2026-04-26 03:00:00.000,East,808,44695,55.3,0,0,239.9,98.64,0.09865,Sun,3
2026-04-26 03:00:00.000,North,914,50247,55,0,0,172.5,98.64,0.09865,Sun,3
2026-04-26 03:00:00.000,South,1122,61457,54.8,0,0,300.7,98.64,0.09865,Sun,3
2026-04-26 03:00:00.000,West,1198,66025,55.1,0,0,292.9,98.64,0.09865,Sun,3
2026-04-26 04:00:00.000,East,808,44671,55.3,0,0,235.2,94.185,0.094175,Sun,4
2026-04-26 04:00:00.000,North,914,50233,55,0,0,221.7,94.185,0.094175,Sun,4
2026-04-26 04:00:00.000,South,1122,61198,54.5,0,0,247.6,94.185,0.094175,Sun,4
2026-04-26 04:00:00.000,West,1198,65644,54.8,0,0,304.7,94.185,0.094175,Sun,4
2026-04-26 05:00:00.000,East,808,44308,54.8,0,0,157.5,83.1525,0.083175,Sun,5
2026-04-26 05:00:00.000,North,914,50121,54.8,0,0,203.2,83.1525,0.083175,Sun,5
2026-04-26 05:00:00.000,South,1122,61668,55,0,0,285.5,83.1525,0.083175,Sun,5
2026-04-26 05:00:00.000,West,1198,65804,54.9,0,0,336.7,83.1525,0.083175,Sun,5
2026-04-26 06:00:00.000,East,808,65520,81.1,1522.34,1.88,2631.1,54.3125,0.054325,Sun,6
2026-04-26 06:00:00.000,North,914,73980,80.9,1657.32,1.81,2968.9,54.3125,0.054325,Sun,6
2026-04-26 06:00:00.000,South,1122,90882,81,2109.12,1.88,3605.7,54.3125,0.054325,Sun,6
2026-04-26 06:00:00.000,West,1198,96994,81,2214.78,1.85,3885.9,54.3125,0.054325,Sun,6
2026-04-26 07:00:00.000,East,808,72767,90.1,1809.24,2.24,3411.5,-0.01,-2.5e-05,Sun,7
2026-04-26 07:00:00.000,North,914,82151,89.9,1983.28,2.17,3884.3,-0.01,-2.5e-05,Sun,7
2026-04-26 07:00:00.000,South,1122,100792,89.8,2457.54,2.19,4784.3,-0.01,-2.5e-05,Sun,7
2026-04-26 07:00:00.000,West,1198,107792,90,2593.06,2.16,5088.4,-0.01,-2.5e-05,Sun,7
2026-04-26 08:00:00.000,East,808,72769,90.1,2054.58,2.54,3423.5,-28.185,-0.028175,Sun,8
2026-04-26 08:00:00.000,North,914,82207,89.9,2343.3,2.56,3878.6,-28.185,-0.028175,Sun,8
2026-04-26 08:00:00.000,South,1122,101005,90,2906.7,2.59,4761.5,-28.185,-0.028175,Sun,8
2026-04-26 08:00:00.000,West,1198,107719,89.9,3022.92,2.52,5074.3,-28.185,-0.028175,Sun,8
2026-04-26 09:00:00.000,East,808,72565,89.8,2309.56,2.86,3417.4,-127.365,-0.127375,Sun,9
2026-04-26 09:00:00.000,North,914,82356,90.1,2724.75,2.98,3879.2,-127.365,-0.127375,Sun,9
2026-04-26 09:00:00.000,South,1122,101181,90.2,3181.41,2.84,4761.9,-127.365,-0.127375,Sun,9
2026-04-26 09:00:00.000,West,1198,107809,90,3460.22,2.89,5069.7,-127.365,-0.127375,Sun,9
2026-04-26 10:00:00.000,East,808,72879,90.2,2619.7,3.24,3452.8,-259.96,-0.259975,Sun,10
2026-04-26 10:00:00.000,North,914,82132,89.9,3046.11,3.33,3895.4,-259.96,-0.259975,Sun,10
2026-04-26 10:00:00.000,South,1122,101149,90.2,3708.6,3.31,4776.9,-259.96,-0.259975,Sun,10
2026-04-26 10:00:00.000,West,1198,107819,90,3809.7,3.18,5088.4,-259.96,-0.259975,Sun,10
2026-04-26 11:00:00.000,East,808,72727,90,2916.92,3.61,3438,-413.77,-0.4138,Sun,11
2026-04-26 11:00:00.000,North,914,82320,90.1,3265.68,3.57,3864.3,-413.77,-0.4138,Sun,11
2026-04-26 11:00:00.000,South,1122,101178,90.2,3953.18,3.52,4751.3,-413.77,-0.4138,Sun,11
2026-04-26 11:00:00.000,West,1198,108004,90.2,4318.8,3.61,5078.4,-413.77,-0.4138,Sun,11
2026-04-26 12:00:00.000,East,808,72647,89.9,3149.44,3.9,3456.1,-413.245,-0.413225,Sun,12
2026-04-26 12:00:00.000,North,914,82231,90,3516.86,3.85,3900.2,-413.245,-0.413225,Sun,12
2026-04-26 12:00:00.000,South,1122,101027,90,4319.72,3.85,4765.2,-413.245,-0.413225,Sun,12
2026-04-26 12:00:00.000,West,1198,107886,90.1,4561.99,3.81,5103.3,-413.245,-0.413225,Sun,12
2026-04-26 13:00:00.000,East,808,72659,89.9,3399,4.21,3444,-235.8925,-0.2359,Sun,13
2026-04-26 13:00:00.000,North,914,82260,90,3951.3,4.32,3886.4,-235.8925,-0.2359,Sun,13
2026-04-26 13:00:00.000,South,1122,100819,89.9,4705.2,4.19,4743.5,-235.8925,-0.2359,Sun,13
2026-04-26 13:00:00.000,West,1198,107687,89.9,5001,4.17,5116.3,-235.8925,-0.2359,Sun,13
2026-04-26 14:00:00.000,East,808,72763,90.1,3138.02,3.88,3432.1,-37.305,-0.0373,Sun,14
2026-04-26 14:00:00.000,North,914,82187,89.9,3623.71,3.96,3848.8,-37.305,-0.0373,Sun,14
2026-04-26 14:00:00.000,South,1122,100957,90,4439.29,3.96,4737,-37.305,-0.0373,Sun,14
2026-04-26 14:00:00.000,West,1198,107682,89.9,4830.98,4.03,5078.7,-37.305,-0.0373,Sun,14
2026-04-26 15:00:00.000,East,808,65476,81,2866.52,3.55,2626.6,11.1775,0.011175,Sun,15
2026-04-26 15:00:00.000,North,914,74080,81.1,3282.98,3.59,2970.5,11.1775,0.011175,Sun,15
2026-04-26 15:00:00.000,South,1122,91187,81.3,4120.14,3.67,3677.3,11.1775,0.011175,Sun,15
2026-04-26 15:00:00.000,West,1198,96588,80.6,4480.93,3.74,3937.5,11.1775,0.011175,Sun,15
2026-04-26 16:00:00.000,East,808,44231,54.7,2654.47,3.29,175.6,113.0975,0.1131,Sun,16
2026-04-26 16:00:00.000,North,914,50143,54.9,3003.32,3.29,238.6,113.0975,0.1131,Sun,16
2026-04-26 16:00:00.000,South,1122,61820,55.1,3624.53,3.23,233.3,113.0975,0.1131,Sun,16
2026-04-26 16:00:00.000,West,1198,66153,55.2,3936.18,3.29,296.5,113.0975,0.1131,Sun,16
2026-04-26 17:00:00.000,East,808,18809,23.3,2268.25,2.81,-2836,150.2875,0.150275,Sun,17
2026-04-26 17:00:00.000,North,914,21507,23.5,2743.28,3,-3228,150.2875,0.150275,Sun,17
2026-04-26 17:00:00.000,South,1122,26110,23.3,3166.38,2.82,-3959,150.2875,0.150275,Sun,17
2026-04-26 17:00:00.000,West,1198,28160,23.5,3537.1,2.95,-4189,150.2875,0.150275,Sun,17
2026-04-26 18:00:00.000,East,808,18955,23.5,2079.42,2.57,-2781,157.815,0.1578,Sun,18
2026-04-26 18:00:00.000,North,914,21409,23.4,2374.2,2.6,-3162,157.815,0.1578,Sun,18
2026-04-26 18:00:00.000,South,1122,26442,23.6,2888.76,2.57,-3832,157.815,0.1578,Sun,18
2026-04-26 18:00:00.000,West,1198,27896,23.3,3032.94,2.53,-4189,157.815,0.1578,Sun,18
2026-04-26 19:00:00.000,East,808,19045,23.6,1821.97,2.25,-2851,140.6525,0.140675,Sun,19
2026-04-26 19:00:00.000,North,914,21476,23.5,1992.97,2.18,-3281,140.6525,0.140675,Sun,19
2026-04-26 19:00:00.000,South,1122,26134,23.3,2513.06,2.24,-3891,140.6525,0.140675,Sun,19
2026-04-26 19:00:00.000,West,1198,28188,23.5,2623.03,2.19,-4192,140.6525,0.140675,Sun,19
2026-04-26 20:00:00.000,East,808,44084,54.6,1513.63,1.87,193.7,126.4075,0.126425,Sun,20
2026-04-26 20:00:00.000,North,914,50291,55,1699.15,1.86,283.8,126.4075,0.126425,Sun,20
2026-04-26 20:00:00.000,South,1122,61808,55.1,2093.39,1.87,340.8,126.4075,0.126425,Sun,20
2026-04-26 20:00:00.000,West,1198,66118,55.2,2224.87,1.86,337.4,126.4075,0.126425,Sun,20
2026-04-26 21:00:00.000,East,808,44227,54.7,0,0,156.8,122.875,0.1229,Sun,21
2026-04-26 21:00:00.000,North,914,50105,54.8,0,0,226.6,122.875,0.1229,Sun,21
2026-04-26 21:00:00.000,South,1122,62267,55.5,0,0,288.9,122.875,0.1229,Sun,21
2026-04-26 21:00:00.000,West,1198,65904,55,0,0,198,122.875,0.1229,Sun,21
2026-04-26 22:00:00.000,East,808,44720,55.3,0,0,240.9,118.4475,0.11845,Sun,22
2026-04-26 22:00:00.000,North,914,50387,55.1,0,0,248.3,118.4475,0.11845,Sun,22
2026-04-26 22:00:00.000,South,1122,61478,54.8,0,0,297,118.4475,0.11845,Sun,22
2026-04-26 22:00:00.000,West,1198,65814,54.9,0,0,291.8,118.4475,0.11845,Sun,22
2026-04-26 23:00:00.000,East,808,44514,55.1,0,0,206.9,113.03,0.113025,Sun,23
2026-04-26 23:00:00.000,North,914,50345,55.1,0,0,222.4,113.03,0.113025,Sun,23
2026-04-26 23:00:00.000,South,1122,61406,54.7,0,0,267.7,113.03,0.113025,Sun,23
2026-04-26 23:00:00.000,West,1198,65913,55,0,0,264.3,113.03,0.113025,Sun,23
2026-04-27 00:00:00.000,East,808,44387,54.9,0,0,203.5,112.71,0.1127,Mon,0
2026-04-27 00:00:00.000,North,914,50079,54.8,0,0,197.1,112.71,0.1127,Mon,0
2026-04-27 00:00:00.000,South,1122,61674,55,0,0,259.8,112.71,0.1127,Mon,0
2026-04-27 00:00:00.000,West,1198,66395,55.4,0,0,274.2,112.71,0.1127,Mon,0
2026-04-27 01:00:00.000,East,808,44311,54.8,0,0,256.8,112.825,0.112825,Mon,1
2026-04-27 01:00:00.000,North,914,50390,55.1,0,0,212.1,112.825,0.112825,Mon,1
2026-04-27 01:00:00.000,South,1122,62145,55.4,0,0,245.2,112.825,0.112825,Mon,1
2026-04-27 01:00:00.000,West,1198,66018,55.1,0,0,244.2,112.825,0.112825,Mon,1
2026-04-27 02:00:00.000,East,808,44358,54.9,0,0,220.5,116.74,0.11675,Mon,2
2026-04-27 02:00:00.000,North,914,50735,55.5,0,0,173.7,116.74,0.11675,Mon,2
2026-04-27 02:00:00.000,South,1122,61622,54.9,0,0,304.4,116.74,0.11675,Mon,2
2026-04-27 02:00:00.000,West,1198,65922,55,0,0,300.7,116.74,0.11675,Mon,2
2026-04-27 03:00:00.000,East,808,44540,55.1,0,0,158.1,125.6675,0.125675,Mon,3
2026-04-27 03:00:00.000,North,914,50690,55.5,0,0,195.1,125.6675,0.125675,Mon,3
2026-04-27 03:00:00.000,South,1122,62060,55.3,0,0,261.1,125.6675,0.125675,Mon,3
2026-04-27 03:00:00.000,West,1198,66304,55.3,0,0,296.1,125.6675,0.125675,Mon,3
2026-04-27 04:00:00.000,East,808,19199,23.8,0,0,-2793,165.5675,0.165575,Mon,4
2026-04-27 04:00:00.000,North,914,21667,23.7,0,0,-3222,165.5675,0.165575,Mon,4
2026-04-27 04:00:00.000,South,1122,26688,23.8,0,0,-3913,165.5675,0.165575,Mon,4
2026-04-27 04:00:00.000,West,1198,28199,23.5,0,0,-4168,165.5675,0.165575,Mon,4
2026-04-27 05:00:00.000,East,808,18768,23.2,0,0,-2873,153.69,0.1537,Mon,5
2026-04-27 05:00:00.000,North,914,21469,23.5,0,0,-3234,153.69,0.1537,Mon,5
2026-04-27 05:00:00.000,South,1122,26414,23.5,0,0,-3881,153.69,0.1537,Mon,5
2026-04-27 05:00:00.000,West,1198,27902,23.3,0,0,-4179,153.69,0.1537,Mon,5
2026-04-27 06:00:00.000,East,808,44265,54.8,1534.13,1.9,161.1,126.5475,0.12655,Mon,6
2026-04-27 06:00:00.000,North,914,50448,55.2,1745.36,1.91,200.4,126.5475,0.12655,Mon,6
2026-04-27 06:00:00.000,South,1122,61490,54.8,2100.46,1.87,310.2,126.5475,0.12655,Mon,6
2026-04-27 06:00:00.000,West,1198,66214,55.3,2263.82,1.89,334,126.5475,0.12655,Mon,6
2026-04-27 07:00:00.000,East,808,44426,55,1755.8,2.17,208.9,92.5275,0.092525,Mon,7
2026-04-27 07:00:00.000,North,914,50232,55,2043.43,2.24,198.7,92.5275,0.092525,Mon,7
2026-04-27 07:00:00.000,South,1122,61409,54.7,2437.63,2.17,292.8,92.5275,0.092525,Mon,7
2026-04-27 07:00:00.000,West,1198,65825,54.9,2633.17,2.2,258.3,92.5275,0.092525,Mon,7
2026-04-27 08:00:00.000,East,808,65515,81.1,2028.06,2.51,2637.7,59.1425,0.05915,Mon,8
2026-04-27 08:00:00.000,North,914,74039,81,2404.8,2.63,2965,59.1425,0.05915,Mon,8
2026-04-27 08:00:00.000,South,1122,90458,80.6,2927.94,2.61,3714.8,59.1425,0.05915,Mon,8
2026-04-27 08:00:00.000,West,1198,96946,80.9,3085.98,2.58,3948.6,59.1425,0.05915,Mon,8
2026-04-27 09:00:00.000,East,808,65463,81,2392.43,2.96,2610.6,4.14,0.00415,Mon,9
2026-04-27 09:00:00.000,North,914,74155,81.1,2628.33,2.88,2931.2,4.14,0.00415,Mon,9
2026-04-27 09:00:00.000,South,1122,90510,80.7,3188.21,2.84,3654.9,4.14,0.00415,Mon,9
2026-04-27 09:00:00.000,West,1198,97085,81,3532.11,2.95,3894.1,4.14,0.00415,Mon,9
2026-04-27 10:00:00.000,East,808,72697,90,2661.7,3.29,3435.2,-0.0975,-0.0001,Mon,10
2026-04-27 10:00:00.000,North,914,82198,89.9,2970.92,3.25,3882.8,-0.0975,-0.0001,Mon,10
2026-04-27 10:00:00.000,South,1122,100777,89.8,3661.19,3.26,4782.6,-0.0975,-0.0001,Mon,10
2026-04-27 10:00:00.000,West,1198,107901,90.1,3793.32,3.17,5094.7,-0.0975,-0.0001,Mon,10
2026-04-27 11:00:00.000,East,808,72684,90,2913.79,3.61,3442.8,-0.83,-0.000825,Mon,11
2026-04-27 11:00:00.000,North,914,82292,90,3228.3,3.53,3880.3,-0.83,-0.000825,Mon,11
2026-04-27 11:00:00.000,South,1122,100921,89.9,4003.13,3.57,4800.8,-0.83,-0.000825,Mon,11
2026-04-27 11:00:00.000,West,1198,107743,89.9,4174.19,3.48,5106,-0.83,-0.000825,Mon,11
2026-04-27 12:00:00.000,East,808,72551,89.8,3255.98,4.03,3444.5,-0.1625,-0.000175,Mon,12
2026-04-27 12:00:00.000,North,914,82368,90.1,3548.26,3.88,3877,-0.1625,-0.000175,Mon,12
2026-04-27 12:00:00.000,South,1122,100821,89.9,4210.29,3.75,4746.2,-0.1625,-0.000175,Mon,12
2026-04-27 12:00:00.000,West,1198,107906,90.1,4669.11,3.9,5066.2,-0.1625,-0.000175,Mon,12
2026-04-27 13:00:00.000,East,808,65833,81.5,3503.5,4.34,2647.4,5.1425,0.00515,Mon,13
2026-04-27 13:00:00.000,North,914,74073,81,3797.1,4.15,2984.7,5.1425,0.00515,Mon,13
2026-04-27 13:00:00.000,South,1122,91172,81.3,4635.2,4.13,3634.3,5.1425,0.00515,Mon,13
2026-04-27 13:00:00.000,West,1198,96973,80.9,5051.8,4.22,3910.3,5.1425,0.00515,Mon,13
2026-04-27 14:00:00.000,East,808,44173,54.7,3184.16,3.94,192.7,68.665,0.068675,Mon,14
2026-04-27 14:00:00.000,North,914,50289,55,3650.48,3.99,270.6,68.665,0.068675,Mon,14
2026-04-27 14:00:00.000,South,1122,61586,54.9,4376.13,3.9,271.6,68.665,0.068675,Mon,14
2026-04-27 14:00:00.000,West,1198,65268,54.5,4577.51,3.82,318.6,68.665,0.068675,Mon,14
2026-04-27 15:00:00.000,East,808,44401,55,2896.92,3.59,161.8,107.185,0.107225,Mon,15
2026-04-27 15:00:00.000,North,914,50441,55.2,3284.7,3.59,275.6,107.185,0.107225,Mon,15
2026-04-27 15:00:00.000,South,1122,61982,55.2,4007.89,3.57,277.3,107.185,0.107225,Mon,15
2026-04-27 15:00:00.000,West,1198,65665,54.8,4331.18,3.62,291.7,107.185,0.107225,Mon,15
2026-04-27 16:00:00.000,East,808,44591,55.2,2606.93,3.23,229.4,129.8525,0.12985,Mon,16
2026-04-27 16:00:00.000,North,914,50235,55,2933.63,3.21,199.4,129.8525,0.12985,Mon,16
2026-04-27 16:00:00.000,South,1122,61861,55.1,3646.08,3.25,272.1,129.8525,0.12985,Mon,16
2026-04-27 16:00:00.000,West,1198,65840,55,3997.61,3.34,279.2,129.8525,0.12985,Mon,16
2026-04-27 17:00:00.000,East,808,19361,24,2383.02,2.95,-2836,172.3,0.172275,Mon,17
2026-04-27 17:00:00.000,North,914,21332,23.3,2644.98,2.89,-3203,172.3,0.172275,Mon,17
2026-04-27 17:00:00.000,South,1122,26475,23.6,3168.45,2.82,-3902,172.3,0.172275,Mon,17
2026-04-27 17:00:00.000,West,1198,27970,23.3,3473.73,2.9,-4174,172.3,0.172275,Mon,17
2026-04-27 18:00:00.000,East,808,19068,23.6,2114.58,2.62,-2855,188.1175,0.188125,Mon,18
2026-04-27 18:00:00.000,North,914,21218,23.2,2220.9,2.43,-3131,188.1175,0.188125,Mon,18
2026-04-27 18:00:00.000,South,1122,26195,23.3,2879.64,2.57,-3928,188.1175,0.188125,Mon,18
2026-04-27 18:00:00.000,West,1198,28058,23.4,3060.84,2.55,-4201,188.1175,0.188125,Mon,18
2026-04-27 19:00:00.000,East,808,19040,23.6,1783.85,2.21,-2827,148.46,0.14845,Mon,19
2026-04-27 19:00:00.000,North,914,21610,23.6,2039.9,2.23,-3122,148.46,0.14845,Mon,19
2026-04-27 19:00:00.000,South,1122,26518,23.6,2494.12,2.22,-3992,148.46,0.14845,Mon,19
2026-04-27 19:00:00.000,West,1198,28305,23.6,2614.82,2.18,-4176,148.46,0.14845,Mon,19
2026-04-27 20:00:00.000,East,808,44263,54.8,1518.14,1.88,204.7,125.6475,0.12565,Mon,20
2026-04-27 20:00:00.000,North,914,50370,55.1,1692.55,1.85,268.6,125.6475,0.12565,Mon,20
2026-04-27 20:00:00.000,South,1122,61585,54.9,2161.87,1.93,308.7,125.6475,0.12565,Mon,20
2026-04-27 20:00:00.000,West,1198,65550,54.7,2195.36,1.83,314,125.6475,0.12565,Mon,20
2026-04-27 21:00:00.000,East,808,44271,54.8,0,0,167.4,115.2025,0.1152,Mon,21
2026-04-27 21:00:00.000,North,914,50311,55,0,0,232.9,115.2025,0.1152,Mon,21
2026-04-27 21:00:00.000,South,1122,61881,55.2,0,0,253.5,115.2025,0.1152,Mon,21
2026-04-27 21:00:00.000,West,1198,66130,55.2,0,0,348.7,115.2025,0.1152,Mon,21
2026-04-27 22:00:00.000,East,808,44297,54.8,0,0,178.1,112.66,0.11265,Mon,22
2026-04-27 22:00:00.000,North,914,49927,54.6,0,0,237.3,112.66,0.11265,Mon,22
2026-04-27 22:00:00.000,South,1122,61914,55.2,0,0,355.5,112.66,0.11265,Mon,22
2026-04-27 22:00:00.000,West,1198,66274,55.3,0,0,327.3,112.66,0.11265,Mon,22
2026-04-27 23:00:00.000,East,808,44418,55,0,0,173.6,106.9025,0.1069,Mon,23
2026-04-27 23:00:00.000,North,914,49923,54.6,0,0,213.2,106.9025,0.1069,Mon,23
2026-04-27 23:00:00.000,South,1122,61908,55.2,0,0,284.1,106.9025,0.1069,Mon,23
2026-04-27 23:00:00.000,West,1198,65994,55.1,0,0,299.9,106.9025,0.1069,Mon,23
2026-04-28 00:00:00.000,East,808,44328,54.9,0,0,179.4,102.98,0.102975,Tue,0
2026-04-28 00:00:00.000,North,914,50200,54.9,0,0,218,102.98,0.102975,Tue,0
2026-04-28 00:00:00.000,South,1122,61700,55,0,0,281.8,102.98,0.102975,Tue,0
2026-04-28 00:00:00.000,West,1198,65933,55,0,0,328.2,102.98,0.102975,Tue,0
2026-04-28 01:00:00.000,East,808,44738,55.4,0,0,205.1,102.83,0.10285,Tue,1
2026-04-28 01:00:00.000,North,914,50571,55.3,0,0,257.3,102.83,0.10285,Tue,1
2026-04-28 01:00:00.000,South,1122,61781,55.1,0,0,271.6,102.83,0.10285,Tue,1
2026-04-28 01:00:00.000,West,1198,66024,55.1,0,0,267.2,102.83,0.10285,Tue,1
2026-04-28 02:00:00.000,East,808,44575,55.2,0,0,179.3,105.2775,0.105275,Tue,2
2026-04-28 02:00:00.000,North,914,50398,55.1,0,0,191.5,105.2775,0.105275,Tue,2
2026-04-28 02:00:00.000,South,1122,61475,54.8,0,0,280.9,105.2775,0.105275,Tue,2
2026-04-28 02:00:00.000,West,1198,65866,55,0,0,308.4,105.2775,0.105275,Tue,2
2026-04-28 03:00:00.000,East,808,44044,54.5,0,0,186.2,111.835,0.11185,Tue,3
2026-04-28 03:00:00.000,North,914,50127,54.8,0,0,278.4,111.835,0.11185,Tue,3
2026-04-28 03:00:00.000,South,1122,61482,54.8,0,0,362.4,111.835,0.11185,Tue,3
2026-04-28 03:00:00.000,West,1198,65529,54.7,0,0,303.2,111.835,0.11185,Tue,3
2026-04-28 04:00:00.000,East,808,44185,54.7,0,0,162.2,122.1,0.1221,Tue,4
2026-04-28 04:00:00.000,North,914,50330,55.1,0,0,233.3,122.1,0.1221,Tue,4
2026-04-28 04:00:00.000,South,1122,61331,54.7,0,0,307,122.1,0.1221,Tue,4
2026-04-28 04:00:00.000,West,1198,66144,55.2,0,0,320.4,122.1,0.1221,Tue,4
2026-04-28 05:00:00.000,East,808,44172,54.7,0,0,204.9,121.43,0.121425,Tue,5
2026-04-28 05:00:00.000,North,914,50335,55.1,0,0,191.9,121.43,0.121425,Tue,5
2026-04-28 05:00:00.000,South,1122,61490,54.8,0,0,332,121.43,0.121425,Tue,5
2026-04-28 05:00:00.000,West,1198,65605,54.8,0,0,305.7,121.43,0.121425,Tue,5
2026-04-28 06:00:00.000,East,808,44632,55.2,1508.38,1.87,168,112.315,0.112325,Tue,6
2026-04-28 06:00:00.000,North,914,50670,55.4,1696.45,1.86,275.1,112.315,0.112325,Tue,6
2026-04-28 06:00:00.000,South,1122,61868,55.1,2090.21,1.86,243.4,112.315,0.112325,Tue,6
2026-04-28 06:00:00.000,West,1198,65945,55,2223.69,1.86,276.2,112.315,0.112325,Tue,6
2026-04-28 07:00:00.000,East,808,44562,55.2,1754.66,2.17,182.8,79.7775,0.079775,Tue,7
2026-04-28 07:00:00.000,North,914,50361,55.1,2063.27,2.26,234.5,79.7775,0.079775,Tue,7
2026-04-28 07:00:00.000,South,1122,61614,54.9,2465.49,2.2,277.3,79.7775,0.079775,Tue,7
2026-04-28 07:00:00.000,West,1198,65885,55,2637.08,2.2,293.8,79.7775,0.079775,Tue,7
2026-04-28 08:00:00.000,East,808,65770,81.4,2048.1,2.53,2639.7,21.815,0.021825,Tue,8
2026-04-28 08:00:00.000,North,914,73908,80.9,2364.84,2.59,2992,21.815,0.021825,Tue,8
2026-04-28 08:00:00.000,South,1122,90544,80.7,2884.32,2.57,3640.7,21.815,0.021825,Tue,8
2026-04-28 08:00:00.000,West,1198,97140,81.1,3083.16,2.57,3907.4,21.815,0.021825,Tue,8
2026-04-28 09:00:00.000,East,808,72704,90,2273.46,2.81,3446.1,-1.085,-0.001075,Tue,9
2026-04-28 09:00:00.000,North,914,82292,90,2656.7,2.91,3855.8,-1.085,-0.001075,Tue,9
2026-04-28 09:00:00.000,South,1122,101066,90.1,3298.83,2.94,4775,-1.085,-0.001075,Tue,9
2026-04-28 09:00:00.000,West,1198,107927,90.1,3443.11,2.87,5085.2,-1.085,-0.001075,Tue,9
2026-04-28 10:00:00.000,East,808,72699,90,2566.95,3.18,3423.7,-14.0425,-0.01405,Tue,10
2026-04-28 10:00:00.000,North,914,82236,90,2977.36,3.26,3898.2,-14.0425,-0.01405,Tue,10
2026-04-28 10:00:00.000,South,1122,100864,89.9,3670.7,3.27,4791.7,-14.0425,-0.01405,Tue,10
2026-04-28 10:00:00.000,West,1198,107685,89.9,3884.16,3.24,5110.6,-14.0425,-0.01405,Tue,10
2026-04-28 11:00:00.000,East,808,72752,90,2868.59,3.55,3431.7,-29,-0.029025,Tue,11
2026-04-28 11:00:00.000,North,914,82419,90.2,3281.45,3.59,3884.5,-29,-0.029025,Tue,11
2026-04-28 11:00:00.000,South,1122,100810,89.8,3998.06,3.56,4744.3,-29,-0.029025,Tue,11
2026-04-28 11:00:00.000,West,1198,107948,90.1,4318.74,3.6,5075,-29,-0.029025,Tue,11
2026-04-28 12:00:00.000,East,808,72718,90,3099.74,3.84,3446.3,-29.0075,-0.029,Tue,12
2026-04-28 12:00:00.000,North,914,82238,90,3617.61,3.96,3879.4,-29.0075,-0.029,Tue,12
2026-04-28 12:00:00.000,South,1122,100877,89.9,4397.2,3.92,4763.8,-29.0075,-0.029,Tue,12
2026-04-28 12:00:00.000,West,1198,107788,90,4589.11,3.83,5079.7,-29.0075,-0.029,Tue,12
2026-04-28 13:00:00.000,East,808,72781,90.1,3468.7,4.29,3441.1,-17.33,-0.017325,Tue,13
2026-04-28 13:00:00.000,North,914,82315,90.1,3914.9,4.28,3904.2,-17.33,-0.017325,Tue,13
2026-04-28 13:00:00.000,South,1122,100880,89.9,4849.6,4.32,4779.5,-17.33,-0.017325,Tue,13
2026-04-28 13:00:00.000,West,1198,108026,90.2,5054,4.22,5111,-17.33,-0.017325,Tue,13
2026-04-28 14:00:00.000,East,808,72662,89.9,3163.35,3.92,3453.4,-4.655,-0.00465,Tue,14
2026-04-28 14:00:00.000,North,914,82233,90,3506.04,3.84,3880.7,-4.655,-0.00465,Tue,14
2026-04-28 14:00:00.000,South,1122,100898,89.9,4387.46,3.91,4776.2,-4.655,-0.00465,Tue,14
2026-04-28 14:00:00.000,West,1198,107727,89.9,4786.38,4,5076.1,-4.655,-0.00465,Tue,14
2026-04-28 15:00:00.000,East,808,65402,80.9,2904.99,3.6,2608.6,33.315,0.0333,Tue,15
2026-04-28 15:00:00.000,North,914,74140,81.1,3231.07,3.54,2985.2,33.315,0.0333,Tue,15
2026-04-28 15:00:00.000,South,1122,90917,81,3921.13,3.49,3564.7,33.315,0.0333,Tue,15
2026-04-28 15:00:00.000,West,1198,97036,81,4456.84,3.72,3867.8,33.315,0.0333,Tue,15
2026-04-28 16:00:00.000,East,808,44300,54.8,2677.62,3.31,265.2,90.1,0.090125,Tue,16
2026-04-28 16:00:00.000,North,914,50187,54.9,2990.12,3.27,225,90.1,0.090125,Tue,16
2026-04-28 16:00:00.000,South,1122,61203,54.5,3618.88,3.23,258.8,90.1,0.090125,Tue,16
2026-04-28 16:00:00.000,West,1198,65788,54.9,3884.1,3.24,332,90.1,0.090125,Tue,16
2026-04-28 17:00:00.000,East,808,44465,55,2337.68,2.89,154.4,117.4,0.1174,Tue,17
2026-04-28 17:00:00.000,North,914,50002,54.7,2684.32,2.94,257.3,117.4,0.1174,Tue,17
2026-04-28 17:00:00.000,South,1122,62137,55.4,3283.15,2.93,305.8,117.4,0.1174,Tue,17
2026-04-28 17:00:00.000,West,1198,65598,54.8,3447.66,2.88,260.9,117.4,0.1174,Tue,17
2026-04-28 18:00:00.000,East,808,44724,55.4,1981.14,2.45,194.3,120.9725,0.121,Tue,18
2026-04-28 18:00:00.000,North,914,49733,54.4,2384.1,2.61,256.4,120.9725,0.121,Tue,18
2026-04-28 18:00:00.000,South,1122,61288,54.6,2870.16,2.56,254.5,120.9725,0.121,Tue,18
2026-04-28 18:00:00.000,West,1198,66564,55.6,3013.8,2.52,367.3,120.9725,0.121,Tue,18
2026-04-28 19:00:00.000,East,808,44772,55.4,1738.43,2.15,199.2,115.8275,0.11585,Tue,19
2026-04-28 19:00:00.000,North,914,50172,54.9,2005.93,2.19,192.2,115.8275,0.11585,Tue,19
2026-04-28 19:00:00.000,South,1122,62184,55.4,2405.95,2.14,251,115.8275,0.11585,Tue,19
2026-04-28 19:00:00.000,West,1198,65990,55.1,2673.55,2.23,289.7,115.8275,0.11585,Tue,19
2026-04-28 20:00:00.000,East,808,44536,55.1,1513.73,1.87,155.7,111.295,0.1113,Tue,20
2026-04-28 20:00:00.000,North,914,50563,55.3,1693.29,1.85,213.7,111.295,0.1113,Tue,20
2026-04-28 20:00:00.000,South,1122,62227,55.5,2076.73,1.85,232,111.295,0.1113,Tue,20
2026-04-28 20:00:00.000,West,1198,65765,54.9,2242.98,1.87,296.8,111.295,0.1113,Tue,20
2026-04-28 21:00:00.000,East,808,44400,55,0,0,151.4,101.77,0.10175,Tue,21
2026-04-28 21:00:00.000,North,914,50207,54.9,0,0,244.3,101.77,0.10175,Tue,21
2026-04-28 21:00:00.000,South,1122,61446,54.8,0,0,267.8,101.77,0.10175,Tue,21
2026-04-28 21:00:00.000,West,1198,66074,55.2,0,0,290.7,101.77,0.10175,Tue,21
2026-04-28 22:00:00.000,East,808,44027,54.5,0,0,164.2,98.2075,0.098225,Tue,22
2026-04-28 22:00:00.000,North,914,50769,55.5,0,0,231.2,98.2075,0.098225,Tue,22
2026-04-28 22:00:00.000,South,1122,60970,54.3,0,0,310.9,98.2075,0.098225,Tue,22
2026-04-28 22:00:00.000,West,1198,65915,55,0,0,275.7,98.2075,0.098225,Tue,22
2026-04-28 23:00:00.000,East,808,44607,55.2,0,0,234.7,96.725,0.096725,Tue,23
2026-04-28 23:00:00.000,North,914,49903,54.6,0,0,215.2,96.725,0.096725,Tue,23
2026-04-28 23:00:00.000,South,1122,61678,55,0,0,248.6,96.725,0.096725,Tue,23
2026-04-28 23:00:00.000,West,1198,65728,54.9,0,0,354.8,96.725,0.096725,Tue,23
2026-04-29 00:00:00.000,East,808,44018,54.5,0,0,196,97.9175,0.0979,Wed,0
2026-04-29 00:00:00.000,North,914,50208,54.9,0,0,230.9,97.9175,0.0979,Wed,0
2026-04-29 00:00:00.000,South,1122,61762,55,0,0,241.8,97.9175,0.0979,Wed,0
2026-04-29 00:00:00.000,West,1198,65544,54.7,0,0,250.2,97.9175,0.0979,Wed,0
2026-04-29 01:00:00.000,East,808,44391,54.9,0,0,169.7,98.5275,0.098525,Wed,1
2026-04-29 01:00:00.000,North,914,50018,54.7,0,0,195.9,98.5275,0.098525,Wed,1
2026-04-29 01:00:00.000,South,1122,61440,54.8,0,0,338.7,98.5275,0.098525,Wed,1
2026-04-29 01:00:00.000,West,1198,66119,55.2,0,0,316.9,98.5275,0.098525,Wed,1
2026-04-29 02:00:00.000,East,808,44424,55,0,0,177.2,100.65,0.10065,Wed,2
2026-04-29 02:00:00.000,North,914,50116,54.8,0,0,219.1,100.65,0.10065,Wed,2
2026-04-29 02:00:00.000,South,1122,62277,55.5,0,0,275.6,100.65,0.10065,Wed,2
2026-04-29 02:00:00.000,West,1198,65603,54.8,0,0,309.4,100.65,0.10065,Wed,2
2026-04-29 03:00:00.000,East,808,44477,55,0,0,162.7,107.905,0.1079,Wed,3
2026-04-29 03:00:00.000,North,914,50663,55.4,0,0,206,107.905,0.1079,Wed,3
2026-04-29 03:00:00.000,South,1122,61021,54.4,0,0,282.6,107.905,0.1079,Wed,3
2026-04-29 03:00:00.000,West,1198,65921,55,0,0,243.4,107.905,0.1079,Wed,3
2026-04-29 04:00:00.000,East,808,19202,23.8,0,0,-2821,139.7975,0.139775,Wed,4
2026-04-29 04:00:00.000,North,914,21384,23.4,0,0,-3149,139.7975,0.139775,Wed,4
2026-04-29 04:00:00.000,South,1122,26176,23.3,0,0,-3982,139.7975,0.139775,Wed,4
2026-04-29 04:00:00.000,West,1198,28377,23.7,0,0,-4250,139.7975,0.139775,Wed,4
2026-04-29 05:00:00.000,East,808,44566,55.2,0,0,195,126.8475,0.12685,Wed,5
2026-04-29 05:00:00.000,North,914,50734,55.5,0,0,237.4,126.8475,0.12685,Wed,5
2026-04-29 05:00:00.000,South,1122,61834,55.1,0,0,247.1,126.8475,0.12685,Wed,5
2026-04-29 05:00:00.000,West,1198,65793,54.9,0,0,283.4,126.8475,0.12685,Wed,5
2026-04-29 06:00:00.000,East,808,44534,55.1,1524.9,1.89,232.9,112.365,0.1124,Wed,6
2026-04-29 06:00:00.000,North,914,50023,54.7,1704.97,1.87,234.6,112.365,0.1124,Wed,6
2026-04-29 06:00:00.000,South,1122,61485,54.8,2115.13,1.89,292.2,112.365,0.1124,Wed,6
2026-04-29 06:00:00.000,West,1198,66075,55.2,2193.86,1.83,302.5,112.365,0.1124,Wed,6
2026-04-29 07:00:00.000,East,808,65741,81.4,1784.39,2.21,2625.4,66.42,0.066425,Wed,7
2026-04-29 07:00:00.000,North,914,74093,81.1,2032.77,2.22,2945.8,66.42,0.066425,Wed,7
2026-04-29 07:00:00.000,South,1122,90767,80.9,2453.09,2.19,3635.3,66.42,0.066425,Wed,7
2026-04-29 07:00:00.000,West,1198,97028,81,2594.57,2.17,3929.7,66.42,0.066425,Wed,7
2026-04-29 08:00:00.000,East,808,72806,90.1,2060.46,2.55,3442.6,-1.0775,-0.001075,Wed,8
2026-04-29 08:00:00.000,North,914,82346,90.1,2274.78,2.49,3904,-1.0775,-0.001075,Wed,8
2026-04-29 08:00:00.000,South,1122,100940,90,2810.04,2.5,4783.8,-1.0775,-0.001075,Wed,8
2026-04-29 08:00:00.000,West,1198,107761,90,3021.72,2.52,5080.1,-1.0775,-0.001075,Wed,8
2026-04-29 09:00:00.000,East,808,72740,90,2354.34,2.91,3448.4,-11.5675,-0.011575,Wed,9
2026-04-29 09:00:00.000,North,914,82341,90.1,2547.3,2.79,3895.6,-11.5675,-0.011575,Wed,9
2026-04-29 09:00:00.000,South,1122,100868,89.9,3254.37,2.9,4755.1,-11.5675,-0.011575,Wed,9
2026-04-29 09:00:00.000,West,1198,107991,90.1,3407.64,2.84,5101.6,-11.5675,-0.011575,Wed,9
2026-04-29 10:00:00.000,East,808,72782,90.1,2610.74,3.23,3429.7,-33.765,-0.033775,Wed,10
2026-04-29 10:00:00.000,North,914,82124,89.9,2943.96,3.22,3905.6,-33.765,-0.033775,Wed,10
2026-04-29 10:00:00.000,South,1122,100791,89.8,3539.27,3.15,4755.8,-33.765,-0.033775,Wed,10
2026-04-29 10:00:00.000,West,1198,107846,90,3831.48,3.2,5095.1,-33.765,-0.033775,Wed,10
2026-04-29 11:00:00.000,East,808,72751,90,2929.31,3.63,3428.6,-60.3625,-0.060375,Wed,11
2026-04-29 11:00:00.000,North,914,82269,90,3230.16,3.53,3873.8,-60.3625,-0.060375,Wed,11
2026-04-29 11:00:00.000,South,1122,101152,90.2,3970.64,3.54,4750.3,-60.3625,-0.060375,Wed,11
2026-04-29 11:00:00.000,West,1198,107906,90.1,4294.03,3.58,5060.8,-60.3625,-0.060375,Wed,11
2026-04-29 12:00:00.000,East,808,72543,89.8,3146.49,3.89,3436.5,-55.4325,-0.055425,Wed,12
2026-04-29 12:00:00.000,North,914,82232,90,3578.5,3.92,3858.6,-55.4325,-0.055425,Wed,12
2026-04-29 12:00:00.000,South,1122,100774,89.8,4374.47,3.9,4808.9,-55.4325,-0.055425,Wed,12
2026-04-29 12:00:00.000,West,1198,107754,89.9,4757.05,3.97,5089.2,-55.4325,-0.055425,Wed,12
2026-04-29 13:00:00.000,East,808,72815,90.1,3431.7,4.25,3432.9,-36.22,-0.036225,Wed,13
2026-04-29 13:00:00.000,North,914,82182,89.9,3746.9,4.1,3898,-36.22,-0.036225,Wed,13
2026-04-29 13:00:00.000,South,1122,101057,90.1,4859.5,4.33,4777.9,-36.22,-0.036225,Wed,13
2026-04-29 13:00:00.000,West,1198,108001,90.2,5172.9,4.32,5088.3,-36.22,-0.036225,Wed,13
2026-04-29 14:00:00.000,East,808,72614,89.9,3122.48,3.86,3434.8,-11.25,-0.01125,Wed,14
2026-04-29 14:00:00.000,North,914,82220,90,3522.57,3.85,3878.7,-11.25,-0.01125,Wed,14
2026-04-29 14:00:00.000,South,1122,101023,90,4442.65,3.96,4758.6,-11.25,-0.01125,Wed,14
2026-04-29 14:00:00.000,West,1198,107810,90,4788.45,4,5085.1,-11.25,-0.01125,Wed,14
2026-04-29 15:00:00.000,East,808,65354,80.9,2922.6,3.62,2652.7,19.645,0.01965,Wed,15
2026-04-29 15:00:00.000,North,914,74142,81.1,3287.42,3.6,2975.3,19.645,0.01965,Wed,15
2026-04-29 15:00:00.000,South,1122,91029,81.1,3922.97,3.5,3679.8,19.645,0.01965,Wed,15
2026-04-29 15:00:00.000,West,1198,96617,80.6,4212.5,3.52,3883.9,19.645,0.01965,Wed,15
2026-04-29 16:00:00.000,East,808,44294,54.8,2527.86,3.13,131.3,91.145,0.09115,Wed,16
2026-04-29 16:00:00.000,North,914,50469,55.2,2892.35,3.16,244.9,91.145,0.09115,Wed,16
2026-04-29 16:00:00.000,South,1122,61592,54.9,3655.76,3.26,279.5,91.145,0.09115,Wed,16
2026-04-29 16:00:00.000,West,1198,66026,55.1,3834.39,3.2,282.5,91.145,0.09115,Wed,16
2026-04-29 17:00:00.000,East,808,44508,55.1,2344.86,2.9,207.6,125.81,0.1258,Wed,17
2026-04-29 17:00:00.000,North,914,49797,54.5,2615.14,2.86,205.2,125.81,0.1258,Wed,17
2026-04-29 17:00:00.000,South,1122,61833,55.1,3280.08,2.92,237.7,125.81,0.1258,Wed,17
2026-04-29 17:00:00.000,West,1198,65746,54.9,3438.7,2.87,331,125.81,0.1258,Wed,17
2026-04-29 18:00:00.000,East,808,19375,24,2080.92,2.58,-2889,145.5925,0.145625,Wed,18
2026-04-29 18:00:00.000,North,914,21069,23.1,2280.96,2.5,-3244,145.5925,0.145625,Wed,18
2026-04-29 18:00:00.000,South,1122,26265,23.4,2808,2.5,-3876,145.5925,0.145625,Wed,18
2026-04-29 18:00:00.000,West,1198,28347,23.7,3134.16,2.62,-4253,145.5925,0.145625,Wed,18
2026-04-29 19:00:00.000,East,808,44586,55.2,1795.66,2.22,260.6,129.95,0.12995,Wed,19
2026-04-29 19:00:00.000,North,914,50534,55.3,1985.96,2.17,269.9,129.95,0.12995,Wed,19
2026-04-29 19:00:00.000,South,1122,61755,55,2463.96,2.2,260.8,129.95,0.12995,Wed,19
2026-04-29 19:00:00.000,West,1198,66171,55.2,2667.31,2.23,277.6,129.95,0.12995,Wed,19
2026-04-29 20:00:00.000,East,808,44647,55.3,1488.57,1.84,199.9,115.6575,0.115675,Wed,20
2026-04-29 20:00:00.000,North,914,49798,54.5,1730.15,1.89,259.5,115.6575,0.115675,Wed,20
2026-04-29 20:00:00.000,South,1122,61935,55.2,2091.18,1.86,252.4,115.6575,0.115675,Wed,20
2026-04-29 20:00:00.000,West,1198,65561,54.7,2227.12,1.86,240,115.6575,0.115675,Wed,20
2026-04-29 21:00:00.000,East,808,44455,55,0,0,173.3,105.0975,0.1051,Wed,21
2026-04-29 21:00:00.000,North,914,49990,54.7,0,0,198.7,105.0975,0.1051,Wed,21
2026-04-29 21:00:00.000,South,1122,61916,55.2,0,0,261.1,105.0975,0.1051,Wed,21
2026-04-29 21:00:00.000,West,1198,65833,55,0,0,373.3,105.0975,0.1051,Wed,21
2026-04-29 22:00:00.000,East,808,44568,55.2,0,0,233.2,100.32,0.100325,Wed,22
2026-04-29 22:00:00.000,North,914,50174,54.9,0,0,201.8,100.32,0.100325,Wed,22
2026-04-29 22:00:00.000,South,1122,61635,54.9,0,0,317.4,100.32,0.100325,Wed,22
2026-04-29 22:00:00.000,West,1198,65491,54.7,0,0,318.9,100.32,0.100325,Wed,22
2026-04-29 23:00:00.000,East,808,44539,55.1,0,0,195.1,100.11,0.100125,Wed,23
2026-04-29 23:00:00.000,North,914,50606,55.4,0,0,240.8,100.11,0.100125,Wed,23
2026-04-29 23:00:00.000,South,1122,61293,54.6,0,0,257.9,100.11,0.100125,Wed,23
2026-04-29 23:00:00.000,West,1198,65148,54.4,0,0,288.6,100.11,0.100125,Wed,23
2026-04-30 00:00:00.000,East,808,44463,55,0,0,196,98.57,0.09855,Thu,0
2026-04-30 00:00:00.000,North,914,50327,55.1,0,0,207.3,98.57,0.09855,Thu,0
2026-04-30 00:00:00.000,South,1122,61754,55,0,0,271.9,98.57,0.09855,Thu,0
2026-04-30 00:00:00.000,West,1198,65691,54.8,0,0,321.7,98.57,0.09855,Thu,0
2026-04-30 01:00:00.000,East,808,44459,55,0,0,234.6,99.4775,0.0995,Thu,1
2026-04-30 01:00:00.000,North,914,49947,54.6,0,0,277.2,99.4775,0.0995,Thu,1
2026-04-30 01:00:00.000,South,1122,61844,55.1,0,0,315.1,99.4775,0.0995,Thu,1
2026-04-30 01:00:00.000,West,1198,66104,55.2,0,0,292.1,99.4775,0.0995,Thu,1
2026-04-30 02:00:00.000,East,808,44320,54.9,0,0,170.6,104.09,0.104075,Thu,2
2026-04-30 02:00:00.000,North,914,50184,54.9,0,0,199.3,104.09,0.104075,Thu,2
2026-04-30 02:00:00.000,South,1122,61296,54.6,0,0,334.3,104.09,0.104075,Thu,2
2026-04-30 02:00:00.000,West,1198,66028,55.1,0,0,322.9,104.09,0.104075,Thu,2
2026-04-30 03:00:00.000,East,808,44307,54.8,0,0,179.3,114.1025,0.1141,Thu,3
2026-04-30 03:00:00.000,North,914,50227,55,0,0,230.5,114.1025,0.1141,Thu,3
2026-04-30 03:00:00.000,South,1122,61818,55.1,0,0,305.7,114.1025,0.1141,Thu,3
2026-04-30 03:00:00.000,West,1198,65778,54.9,0,0,245.1,114.1025,0.1141,Thu,3
2026-04-30 04:00:00.000,East,808,18387,22.8,0,0,-2806,139.12,0.1391,Thu,4
2026-04-30 04:00:00.000,North,914,21208,23.2,0,0,-3202,139.12,0.1391,Thu,4
2026-04-30 04:00:00.000,South,1122,26518,23.6,0,0,-3978,139.12,0.1391,Thu,4
2026-04-30 04:00:00.000,West,1198,28052,23.4,0,0,-4151,139.12,0.1391,Thu,4
2026-04-30 05:00:00.000,East,808,45230,56,0,0,200.8,122.285,0.1223,Thu,5
2026-04-30 05:00:00.000,North,914,49951,54.7,0,0,230.5,122.285,0.1223,Thu,5
2026-04-30 05:00:00.000,South,1122,62070,55.3,0,0,325.7,122.285,0.1223,Thu,5
2026-04-30 05:00:00.000,West,1198,66029,55.1,0,0,262.7,122.285,0.1223,Thu,5
2026-04-30 06:00:00.000,East,808,44233,54.7,1496.07,1.85,234.6,96.2175,0.096225,Thu,6
2026-04-30 06:00:00.000,North,914,50291,55,1710.01,1.87,187.8,96.2175,0.096225,Thu,6
2026-04-30 06:00:00.000,South,1122,61646,54.9,2042.35,1.82,279.8,96.2175,0.096225,Thu,6
2026-04-30 06:00:00.000,West,1198,66097,55.2,2187.59,1.83,324.2,96.2175,0.096225,Thu,6
2026-04-30 07:00:00.000,East,808,65714,81.3,1785.28,2.21,2637.4,45.555,0.04555,Thu,7
2026-04-30 07:00:00.000,North,914,73977,80.9,2049.34,2.24,2961.8,45.555,0.04555,Thu,7
2026-04-30 07:00:00.000,South,1122,90817,80.9,2450.34,2.18,3631.8,45.555,0.04555,Thu,7
2026-04-30 07:00:00.000,West,1198,96750,80.8,2646.22,2.21,3928,45.555,0.04555,Thu,7
2026-04-30 08:00:00.000,East,808,72536,89.8,1977.24,2.45,3434.4,-0.0375,-2.5e-05,Thu,8
2026-04-30 08:00:00.000,North,914,82107,89.8,2333.88,2.55,3893.3,-0.0375,-2.5e-05,Thu,8
2026-04-30 08:00:00.000,South,1122,101052,90.1,2955.72,2.63,4771.4,-0.0375,-2.5e-05,Thu,8
2026-04-30 08:00:00.000,West,1198,107830,90,3093.78,2.58,5109.9,-0.0375,-2.5e-05,Thu,8
2026-04-30 09:00:00.000,East,808,72736,90,2326.76,2.88,3455,-3.875,-0.003875,Thu,9
2026-04-30 09:00:00.000,North,914,82190,89.9,2604.98,2.85,3884.9,-3.875,-0.003875,Thu,9
2026-04-30 09:00:00.000,South,1122,100986,90,3205.95,2.86,4778.2,-3.875,-0.003875,Thu,9
2026-04-30 09:00:00.000,West,1198,107789,90,3432.62,2.87,5108.6,-3.875,-0.003875,Thu,9
2026-04-30 10:00:00.000,East,808,72840,90.1,2658.19,3.29,3432.6,-16.2525,-0.01625,Thu,10
2026-04-30 10:00:00.000,North,914,82369,90.1,2966.17,3.25,3893.3,-16.2525,-0.01625,Thu,10
2026-04-30 10:00:00.000,South,1122,101048,90.1,3592.75,3.2,4759.3,-16.2525,-0.01625,Thu,10
2026-04-30 10:00:00.000,West,1198,107753,89.9,3858.72,3.22,5099.1,-16.2525,-0.01625,Thu,10
2026-04-30 11:00:00.000,East,808,72831,90.1,2856.73,3.54,3433.1,-32.02,-0.032025,Thu,11
2026-04-30 11:00:00.000,North,914,82514,90.3,3170.33,3.47,3875.6,-32.02,-0.032025,Thu,11
2026-04-30 11:00:00.000,South,1122,100881,89.9,3948.2,3.52,4791.8,-32.02,-0.032025,Thu,11
2026-04-30 11:00:00.000,West,1198,107810,90,4283.22,3.58,5104.1,-32.02,-0.032025,Thu,11
2026-04-30 12:00:00.000,East,808,72804,90.1,3167.8,3.92,3435.5,-28.93,-0.02895,Thu,12
2026-04-30 12:00:00.000,North,914,82255,90,3513.76,3.84,3917.2,-28.93,-0.02895,Thu,12
2026-04-30 12:00:00.000,South,1122,100994,90,4433.25,3.95,4758.9,-28.93,-0.02895,Thu,12
2026-04-30 12:00:00.000,West,1198,107921,90.1,4627.29,3.86,5084.5,-28.93,-0.02895,Thu,12
2026-04-30 13:00:00.000,East,808,72538,89.8,3405.9,4.22,3425.4,-12.05,-0.01205,Thu,13
2026-04-30 13:00:00.000,North,914,82219,90,3961,4.33,3874.8,-12.05,-0.01205,Thu,13
2026-04-30 13:00:00.000,South,1122,100919,89.9,4791.3,4.27,4774.2,-12.05,-0.01205,Thu,13
2026-04-30 13:00:00.000,West,1198,107933,90.1,5151.3,4.3,5096.7,-12.05,-0.01205,Thu,13
2026-04-30 14:00:00.000,East,808,72694,90,3126.88,3.87,3416.1,-2.2925,-0.0023,Thu,14
2026-04-30 14:00:00.000,North,914,82263,90,3530.91,3.86,3877.6,-2.2925,-0.0023,Thu,14
2026-04-30 14:00:00.000,South,1122,100982,90,4323.56,3.85,4793.1,-2.2925,-0.0023,Thu,14
2026-04-30 14:00:00.000,West,1198,107645,89.9,4745.61,3.96,5105.3,-2.2925,-0.0023,Thu,14
2026-04-30 15:00:00.000,East,808,65648,81.2,2908.68,3.6,2632.4,20.58,0.020575,Thu,15
2026-04-30 15:00:00.000,North,914,74037,81,3287.51,3.6,2992.8,20.58,0.020575,Thu,15
2026-04-30 15:00:00.000,South,1122,90809,80.9,3995.03,3.56,3659.6,20.58,0.020575,Thu,15
2026-04-30 15:00:00.000,West,1198,97222,81.2,4213.37,3.52,3880.2,20.58,0.020575,Thu,15
2026-04-30 16:00:00.000,East,808,44220,54.7,2582.96,3.2,153,92.43,0.092425,Thu,16
2026-04-30 16:00:00.000,North,914,50184,54.9,2954.87,3.23,243.4,92.43,0.092425,Thu,16
2026-04-30 16:00:00.000,South,1122,61705,55,3663.73,3.27,268.4,92.43,0.092425,Thu,16
2026-04-30 16:00:00.000,West,1198,65601,54.8,3814.78,3.18,261.9,92.43,0.092425,Thu,16
2026-04-30 17:00:00.000,East,808,18891,23.4,2228.95,2.76,-2774,139.0875,0.1391,Thu,17
2026-04-30 17:00:00.000,North,914,21481,23.5,2587.51,2.83,-3184,139.0875,0.1391,Thu,17
2026-04-30 17:00:00.000,South,1122,26305,23.4,3170.65,2.83,-3912,139.0875,0.1391,Thu,17
2026-04-30 17:00:00.000,West,1198,28489,23.8,3468.91,2.9,-4274,139.0875,0.1391,Thu,17
2026-04-30 18:00:00.000,East,808,19289,23.9,2087.52,2.58,-2852,178.62,0.178625,Thu,18
2026-04-30 18:00:00.000,North,914,21494,23.5,2332.44,2.55,-3169,178.62,0.178625,Thu,18
2026-04-30 18:00:00.000,South,1122,26232,23.4,2857.98,2.55,-3928,178.62,0.178625,Thu,18
2026-04-30 18:00:00.000,West,1198,27939,23.3,3038.58,2.54,-4204,178.62,0.178625,Thu,18
2026-04-30 19:00:00.000,East,808,18860,23.3,1726.5,2.14,-2783,145.84,0.145825,Thu,19
2026-04-30 19:00:00.000,North,914,21609,23.6,2032.1,2.22,-3175,145.84,0.145825,Thu,19
2026-04-30 19:00:00.000,South,1122,26500,23.6,2515.49,2.24,-3936,145.84,0.145825,Thu,19
2026-04-30 19:00:00.000,West,1198,28570,23.8,2625.31,2.19,-4219,145.84,0.145825,Thu,19
2026-04-30 20:00:00.000,East,808,44175,54.7,1508.27,1.87,202.2,118.92,0.118925,Thu,20
2026-04-30 20:00:00.000,North,914,50405,55.1,1716.07,1.88,194.1,118.92,0.118925,Thu,20
2026-04-30 20:00:00.000,South,1122,61782,55.1,2081.31,1.86,305.8,118.92,0.118925,Thu,20
2026-04-30 20:00:00.000,West,1198,65809,54.9,2264.38,1.89,343.1,118.92,0.118925,Thu,20
2026-04-30 21:00:00.000,East,808,43954,54.4,0,0,181.5,109.6075,0.1096,Thu,21
2026-04-30 21:00:00.000,North,914,50374,55.1,0,0,234,109.6075,0.1096,Thu,21
2026-04-30 21:00:00.000,South,1122,62282,55.5,0,0,303.8,109.6075,0.1096,Thu,21
2026-04-30 21:00:00.000,West,1198,66047,55.1,0,0,307.6,109.6075,0.1096,Thu,21
2026-04-30 22:00:00.000,East,808,44407,55,0,0,204.8,107.2275,0.10725,Thu,22
2026-04-30 22:00:00.000,North,914,50748,55.5,0,0,274,107.2275,0.10725,Thu,22
2026-04-30 22:00:00.000,South,1122,61800,55.1,0,0,340.2,107.2275,0.10725,Thu,22
2026-04-30 22:00:00.000,West,1198,65918,55,0,0,269.1,107.2275,0.10725,Thu,22
2026-04-30 23:00:00.000,East,808,44200,54.7,0,0,135.3,103.085,0.1031,Thu,23
2026-04-30 23:00:00.000,North,914,50189,54.9,0,0,255.1,103.085,0.1031,Thu,23
2026-04-30 23:00:00.000,South,1122,61236,54.6,0,0,360.8,103.085,0.1031,Thu,23
2026-04-30 23:00:00.000,West,1198,65480,54.7,0,0,303.9,103.085,0.1031,Thu,23
2026-05-01 00:00:00.000,East,808,44507,55.1,0,0,231.2,101.385,0.101375,Fri,0
2026-05-01 00:00:00.000,North,914,49901,54.6,0,0,235.5,101.385,0.101375,Fri,0
2026-05-01 00:00:00.000,South,1122,61571,54.9,0,0,280,101.385,0.101375,Fri,0
2026-05-01 00:00:00.000,West,1198,65642,54.8,0,0,287.9,101.385,0.101375,Fri,0
2026-05-01 01:00:00.000,East,808,44616,55.2,0,0,177.5,99.245,0.09925,Fri,1
2026-05-01 01:00:00.000,North,914,50211,54.9,0,0,223.4,99.245,0.09925,Fri,1
2026-05-01 01:00:00.000,South,1122,61553,54.9,0,0,234,99.245,0.09925,Fri,1
2026-05-01 01:00:00.000,West,1198,65757,54.9,0,0,267.7,99.245,0.09925,Fri,1
2026-05-01 02:00:00.000,East,808,44560,55.1,0,0,208.1,97.98,0.097975,Fri,2
2026-05-01 02:00:00.000,North,914,50507,55.3,0,0,202.2,97.98,0.097975,Fri,2
2026-05-01 02:00:00.000,South,1122,61697,55,0,0,329.8,97.98,0.097975,Fri,2
2026-05-01 02:00:00.000,West,1198,65501,54.7,0,0,304.9,97.98,0.097975,Fri,2
2026-05-01 03:00:00.000,East,808,44348,54.9,0,0,222.3,97.495,0.0975,Fri,3
2026-05-01 03:00:00.000,North,914,50316,55.1,0,0,143,97.495,0.0975,Fri,3
2026-05-01 03:00:00.000,South,1122,61415,54.7,0,0,299.1,97.495,0.0975,Fri,3
2026-05-01 03:00:00.000,West,1198,65693,54.8,0,0,338.4,97.495,0.0975,Fri,3
2026-05-01 04:00:00.000,East,808,44450,55,0,0,211.2,103.7675,0.103775,Fri,4
2026-05-01 04:00:00.000,North,914,50281,55,0,0,201.8,103.7675,0.103775,Fri,4
2026-05-01 04:00:00.000,South,1122,62015,55.3,0,0,224.8,103.7675,0.103775,Fri,4
2026-05-01 04:00:00.000,West,1198,66309,55.3,0,0,261.1,103.7675,0.103775,Fri,4
2026-05-01 05:00:00.000,East,808,44543,55.1,0,0,173.4,80.34,0.08035,Fri,5
2026-05-01 05:00:00.000,North,914,50569,55.3,0,0,262.9,80.34,0.08035,Fri,5
2026-05-01 05:00:00.000,South,1122,61866,55.1,0,0,284.2,80.34,0.08035,Fri,5
2026-05-01 05:00:00.000,West,1198,65367,54.6,0,0,237.4,80.34,0.08035,Fri,5
2026-05-01 06:00:00.000,East,808,65421,81,1529.38,1.89,2622.8,35.3325,0.03535,Fri,6
2026-05-01 06:00:00.000,North,914,73928,80.9,1726.55,1.89,2956.8,35.3325,0.03535,Fri,6
2026-05-01 06:00:00.000,South,1122,91143,81.2,2108.84,1.88,3666.9,35.3325,0.03535,Fri,6
2026-05-01 06:00:00.000,West,1198,96958,80.9,2196.77,1.83,3856.3,35.3325,0.03535,Fri,6
2026-05-01 07:00:00.000,East,808,72857,90.2,1793.16,2.22,3434.5,-0.0275,-2.5e-05,Fri,7
2026-05-01 07:00:00.000,North,914,82158,89.9,2035.34,2.23,3908.7,-0.0275,-2.5e-05,Fri,7
2026-05-01 07:00:00.000,South,1122,101106,90.1,2468.73,2.2,4772.9,-0.0275,-2.5e-05,Fri,7
2026-05-01 07:00:00.000,West,1198,107887,90.1,2651.48,2.21,5085.3,-0.0275,-2.5e-05,Fri,7
2026-05-01 08:00:00.000,East,808,72581,89.8,2042.7,2.53,3414.6,-21.18,-0.0212,Fri,8
2026-05-01 08:00:00.000,North,914,82352,90.1,2337.6,2.56,3891.3,-21.18,-0.0212,Fri,8
2026-05-01 08:00:00.000,South,1122,101076,90.1,2885.22,2.57,4786.5,-21.18,-0.0212,Fri,8
2026-05-01 08:00:00.000,West,1198,107785,90,3006.36,2.51,5089.6,-21.18,-0.0212,Fri,8
2026-05-01 09:00:00.000,East,808,72697,90,2387.1,2.95,3441.8,-108.6175,-0.108625,Fri,9
2026-05-01 09:00:00.000,North,914,82231,90,2650.73,2.9,3879,-108.6175,-0.108625,Fri,9
2026-05-01 09:00:00.000,South,1122,100814,89.9,3174.63,2.83,4765.2,-108.6175,-0.108625,Fri,9
2026-05-01 09:00:00.000,West,1198,107844,90,3496.06,2.92,5107.6,-108.6175,-0.108625,Fri,9
2026-05-01 10:00:00.000,East,808,72786,90.1,2613.97,3.24,3452.9,-318.58,-0.318575,Fri,10
2026-05-01 10:00:00.000,North,914,82208,89.9,2917.7,3.19,3893.9,-318.58,-0.318575,Fri,10
2026-05-01 10:00:00.000,South,1122,100998,90,3590.54,3.2,4779.1,-318.58,-0.318575,Fri,10
2026-05-01 10:00:00.000,West,1198,107699,89.9,3878.3,3.24,5105.4,-318.58,-0.318575,Fri,10
2026-05-01 11:00:00.000,East,808,72676,89.9,2858.63,3.54,3428.7,-499,-0.499,Fri,11
2026-05-01 11:00:00.000,North,914,82494,90.3,3190.9,3.49,3876.9,-499,-0.499,Fri,11
2026-05-01 11:00:00.000,South,1122,100888,89.9,4003.85,3.57,4749.3,-499,-0.499,Fri,11
2026-05-01 11:00:00.000,West,1198,107887,90.1,4462.11,3.72,5096.6,-499,-0.499,Fri,11
2026-05-01 12:00:00.000,East,808,72578,89.8,3244.96,4.02,3417.3,-474.9675,-0.474975,Fri,12
2026-05-01 12:00:00.000,North,914,82191,89.9,3678.18,4.02,3898.6,-474.9675,-0.474975,Fri,12
2026-05-01 12:00:00.000,South,1122,100884,89.9,4386.11,3.91,4763.9,-474.9675,-0.474975,Fri,12
2026-05-01 12:00:00.000,West,1198,107532,89.8,4694.22,3.92,5090.3,-474.9675,-0.474975,Fri,12
2026-05-01 13:00:00.000,East,808,72698,90,3520.5,4.36,3452.2,-205.8775,-0.205875,Fri,13
2026-05-01 13:00:00.000,North,914,82094,89.8,3907.2,4.27,3888.3,-205.8775,-0.205875,Fri,13
2026-05-01 13:00:00.000,South,1122,101191,90.2,4718.2,4.21,4766.5,-205.8775,-0.205875,Fri,13
2026-05-01 13:00:00.000,West,1198,107848,90,5172.3,4.32,5086.8,-205.8775,-0.205875,Fri,13
2026-05-01 14:00:00.000,East,808,72672,89.9,3183.29,3.94,3460.7,-26.2475,-0.02625,Fri,14
2026-05-01 14:00:00.000,North,914,82296,90,3547.48,3.88,3894.9,-26.2475,-0.02625,Fri,14
2026-05-01 14:00:00.000,South,1122,101087,90.1,4424.81,3.94,4747.5,-26.2475,-0.02625,Fri,14
2026-05-01 14:00:00.000,West,1198,107715,89.9,4638.25,3.87,5090.2,-26.2475,-0.02625,Fri,14
2026-05-01 15:00:00.000,East,808,65097,80.6,2911.57,3.6,2609.9,5.555,0.00555,Fri,15
2026-05-01 15:00:00.000,North,914,73838,80.8,3216.12,3.52,2975.1,5.555,0.00555,Fri,15
2026-05-01 15:00:00.000,South,1122,90797,80.9,4010.34,3.57,3628.8,5.555,0.00555,Fri,15
2026-05-01 15:00:00.000,West,1198,97126,81.1,4261.32,3.56,3922.1,5.555,0.00555,Fri,15
2026-05-01 16:00:00.000,East,808,44173,54.7,2595.45,3.21,116.1,92.53,0.09255,Fri,16
2026-05-01 16:00:00.000,North,914,49800,54.5,2963.24,3.24,282.8,92.53,0.09255,Fri,16
2026-05-01 16:00:00.000,South,1122,62285,55.5,3505.57,3.12,292.7,92.53,0.09255,Fri,16
2026-05-01 16:00:00.000,West,1198,66261,55.3,3817.71,3.19,337.1,92.53,0.09255,Fri,16
2026-05-01 17:00:00.000,East,808,19071,23.6,2317.1,2.87,-2791,154.19,0.1542,Fri,17
2026-05-01 17:00:00.000,North,914,21448,23.5,2633.83,2.88,-3209,154.19,0.1542,Fri,17
2026-05-01 17:00:00.000,South,1122,26040,23.2,3222.7,2.87,-3925,154.19,0.1542,Fri,17
2026-05-01 17:00:00.000,West,1198,28393,23.7,3437.94,2.87,-4211,154.19,0.1542,Fri,17
2026-05-01 18:00:00.000,East,808,19228,23.8,2025.18,2.51,-2825,173.325,0.1733,Fri,18
2026-05-01 18:00:00.000,North,914,21510,23.5,2392.68,2.62,-3227,173.325,0.1733,Fri,18
2026-05-01 18:00:00.000,South,1122,26286,23.4,2861.22,2.55,-3955,173.325,0.1733,Fri,18
2026-05-01 18:00:00.000,West,1198,28463,23.8,3085.56,2.58,-4123,173.325,0.1733,Fri,18
2026-05-01 19:00:00.000,East,808,18963,23.5,1814.83,2.25,-2865,142.95,0.14295,Fri,19
2026-05-01 19:00:00.000,North,914,21513,23.5,1986.27,2.17,-3227,142.95,0.14295,Fri,19
2026-05-01 19:00:00.000,South,1122,26538,23.7,2497.73,2.23,-3945,142.95,0.14295,Fri,19
2026-05-01 19:00:00.000,West,1198,28356,23.7,2651.26,2.21,-4179,142.95,0.14295,Fri,19
2026-05-01 20:00:00.000,East,808,44772,55.4,1510.06,1.87,176.1,113.2225,0.113225,Fri,20
2026-05-01 20:00:00.000,North,914,50260,55,1731.38,1.89,261.3,113.2225,0.113225,Fri,20
2026-05-01 20:00:00.000,South,1122,61274,54.6,2136.97,1.9,302.2,113.2225,0.113225,Fri,20
2026-05-01 20:00:00.000,West,1198,66084,55.2,2272.86,1.9,357.2,113.2225,0.113225,Fri,20
2026-05-01 21:00:00.000,East,808,44408,55,0,0,161.8,96.9825,0.096975,Fri,21
2026-05-01 21:00:00.000,North,914,50347,55.1,0,0,226.2,96.9825,0.096975,Fri,21
2026-05-01 21:00:00.000,South,1122,61885,55.2,0,0,338.1,96.9825,0.096975,Fri,21
2026-05-01 21:00:00.000,West,1198,65729,54.9,0,0,320.1,96.9825,0.096975,Fri,21
2026-05-01 22:00:00.000,East,808,44101,54.6,0,0,173.4,117.425,0.117425,Fri,22
2026-05-01 22:00:00.000,North,914,49902,54.6,0,0,207.1,117.425,0.117425,Fri,22
2026-05-01 22:00:00.000,South,1122,61320,54.7,0,0,288.2,117.425,0.117425,Fri,22
2026-05-01 22:00:00.000,West,1198,65613,54.8,0,0,327.2,117.425,0.117425,Fri,22
2026-05-01 23:00:00.000,East,808,44424,55,0,0,163.9,103.7125,0.103725,Fri,23
2026-05-01 23:00:00.000,North,914,50423,55.2,0,0,193.7,103.7125,0.103725,Fri,23
2026-05-01 23:00:00.000,South,1122,61797,55.1,0,0,306.1,103.7125,0.103725,Fri,23
2026-05-01 23:00:00.000,West,1198,65692,54.8,0,0,319.1,103.7125,0.103725,Fri,23
2026-05-02 00:00:00.000,East,808,44034,54.5,0,0,204.8,99.4775,0.099475,Sat,0
2026-05-02 00:00:00.000,North,914,50231,55,0,0,234.5,99.4775,0.099475,Sat,0
2026-05-02 00:00:00.000,South,1122,61792,55.1,0,0,291.9,99.4775,0.099475,Sat,0
2026-05-02 00:00:00.000,West,1198,65975,55.1,0,0,316.3,99.4775,0.099475,Sat,0
2026-05-02 01:00:00.000,East,808,44721,55.3,0,0,246.1,93.335,0.09335,Sat,1
2026-05-02 01:00:00.000,North,914,50021,54.7,0,0,289.8,93.335,0.09335,Sat,1
2026-05-02 01:00:00.000,South,1122,61832,55.1,0,0,274.4,93.335,0.09335,Sat,1
2026-05-02 01:00:00.000,West,1198,66156,55.2,0,0,252.5,93.335,0.09335,Sat,1
2026-05-02 02:00:00.000,East,808,44569,55.2,0,0,184.9,93.545,0.093525,Sat,2
2026-05-02 02:00:00.000,North,914,50446,55.2,0,0,234.5,93.545,0.093525,Sat,2
2026-05-02 02:00:00.000,South,1122,61149,54.5,0,0,341.1,93.545,0.093525,Sat,2
2026-05-02 02:00:00.000,West,1198,66313,55.4,0,0,246.7,93.545,0.093525,Sat,2
2026-05-02 03:00:00.000,East,808,43946,54.4,0,0,163.8,93.6975,0.0937,Sat,3
2026-05-02 03:00:00.000,North,914,50680,55.4,0,0,246,93.6975,0.0937,Sat,3
2026-05-02 03:00:00.000,South,1122,61626,54.9,0,0,365.8,93.6975,0.0937,Sat,3
2026-05-02 03:00:00.000,West,1198,66290,55.3,0,0,320.9,93.6975,0.0937,Sat,3
2026-05-02 04:00:00.000,East,808,44292,54.8,0,0,262.2,91.78,0.0918,Sat,4
2026-05-02 04:00:00.000,North,914,49785,54.5,0,0,246.5,91.78,0.0918,Sat,4
2026-05-02 04:00:00.000,South,1122,61898,55.2,0,0,275.6,91.78,0.0918,Sat,4
2026-05-02 04:00:00.000,West,1198,65859,55,0,0,349.5,91.78,0.0918,Sat,4
2026-05-02 05:00:00.000,East,808,44127,54.6,0,0,154.8,78.0125,0.078025,Sat,5
2026-05-02 05:00:00.000,North,914,50110,54.8,0,0,210.3,78.0125,0.078025,Sat,5
2026-05-02 05:00:00.000,South,1122,61596,54.9,0,0,304.7,78.0125,0.078025,Sat,5
2026-05-02 05:00:00.000,West,1198,65645,54.8,0,0,289.1,78.0125,0.078025,Sat,5
2026-05-02 06:00:00.000,East,808,65512,81.1,1503.79,1.86,2630.3,18.27,0.018275,Sat,6
2026-05-02 06:00:00.000,North,914,74152,81.1,1727.05,1.89,2945.7,18.27,0.018275,Sat,6
2026-05-02 06:00:00.000,South,1122,90585,80.7,2085.56,1.86,3654.8,18.27,0.018275,Sat,6
2026-05-02 06:00:00.000,West,1198,97032,81,2290.51,1.91,3901.9,18.27,0.018275,Sat,6
2026-05-02 07:00:00.000,East,808,65410,81,1732.08,2.14,2609.1,1.27,0.001275,Sat,7
2026-05-02 07:00:00.000,North,914,73761,80.7,2033.1,2.22,2991.9,1.27,0.001275,Sat,7
2026-05-02 07:00:00.000,South,1122,91151,81.2,2428.35,2.16,3613.2,1.27,0.001275,Sat,7
2026-05-02 07:00:00.000,West,1198,96973,80.9,2608.66,2.18,3903.3,1.27,0.001275,Sat,7
2026-05-02 08:00:00.000,East,808,72788,90.1,2096.34,2.59,3459.1,-2.3875,-0.0024,Sat,8
2026-05-02 08:00:00.000,North,914,82343,90.1,2336.04,2.56,3883.9,-2.3875,-0.0024,Sat,8
2026-05-02 08:00:00.000,South,1122,101153,90.2,2775.06,2.47,4742.2,-2.3875,-0.0024,Sat,8
2026-05-02 08:00:00.000,West,1198,108063,90.2,3069.12,2.56,5092.3,-2.3875,-0.0024,Sat,8
2026-05-02 09:00:00.000,East,808,72745,90,2363.96,2.93,3470.3,-21.9125,-0.021925,Sat,9
2026-05-02 09:00:00.000,North,914,82151,89.9,2651.15,2.9,3911.5,-21.9125,-0.021925,Sat,9
2026-05-02 09:00:00.000,South,1122,100942,90,3195.17,2.85,4762.9,-21.9125,-0.021925,Sat,9
2026-05-02 09:00:00.000,West,1198,107792,90,3472.1,2.9,5068.9,-21.9125,-0.021925,Sat,9
2026-05-02 10:00:00.000,East,808,72684,90,2601.17,3.22,3429.8,-83.6075,-0.083625,Sat,10
2026-05-02 10:00:00.000,North,914,82361,90.1,2997.32,3.28,3894.6,-83.6075,-0.083625,Sat,10
2026-05-02 10:00:00.000,South,1122,100975,90,3652.26,3.26,4758.8,-83.6075,-0.083625,Sat,10
2026-05-02 10:00:00.000,West,1198,107747,89.9,3937.41,3.29,5093.4,-83.6075,-0.083625,Sat,10
2026-05-02 11:00:00.000,East,808,72729,90,2888.93,3.58,3437.7,-130.0275,-0.130025,Sat,11
2026-05-02 11:00:00.000,North,914,82167,89.9,3266.4,3.57,3884,-130.0275,-0.130025,Sat,11
2026-05-02 11:00:00.000,South,1122,100978,90,4031.45,3.59,4805.3,-130.0275,-0.130025,Sat,11
2026-05-02 11:00:00.000,West,1198,107780,90,4274.82,3.57,5086.9,-130.0275,-0.130025,Sat,11
2026-05-02 12:00:00.000,East,808,72712,90,3168.32,3.92,3444.7,-86.8425,-0.08685,Sat,12
2026-05-02 12:00:00.000,North,914,82372,90.1,3604.41,3.94,3893.9,-86.8425,-0.08685,Sat,12
2026-05-02 12:00:00.000,South,1122,101017,90,4447.31,3.96,4771.3,-86.8425,-0.08685,Sat,12
2026-05-02 12:00:00.000,West,1198,107879,90,4656.71,3.89,5073.3,-86.8425,-0.08685,Sat,12
2026-05-02 13:00:00.000,East,808,72697,90,3418.1,4.23,3444.9,-14.0375,-0.01405,Sat,13
2026-05-02 13:00:00.000,North,914,82148,89.9,3820.2,4.18,3904.2,-14.0375,-0.01405,Sat,13
2026-05-02 13:00:00.000,South,1122,100885,89.9,4750.2,4.23,4778.1,-14.0375,-0.01405,Sat,13
2026-05-02 13:00:00.000,West,1198,107933,90.1,5184.8,4.33,5072.5,-14.0375,-0.01405,Sat,13
2026-05-02 14:00:00.000,East,808,65518,81.1,3103.43,3.84,2684.2,0.0325,5e-05,Sat,14
2026-05-02 14:00:00.000,North,914,74078,81,3613.32,3.95,2952.9,0.0325,5e-05,Sat,14
2026-05-02 14:00:00.000,South,1122,90889,81,4536.71,4.04,3671.7,0.0325,5e-05,Sat,14
2026-05-02 14:00:00.000,West,1198,97095,81,4677.73,3.9,3914.4,0.0325,5e-05,Sat,14
2026-05-02 15:00:00.000,East,808,65446,81,2899.11,3.59,2615.3,54.945,0.05495,Sat,15
2026-05-02 15:00:00.000,North,914,73983,80.9,3215.46,3.52,2996,54.945,0.05495,Sat,15
2026-05-02 15:00:00.000,South,1122,90428,80.6,4005.3,3.57,3605.4,54.945,0.05495,Sat,15
2026-05-02 15:00:00.000,West,1198,96797,80.8,4274.55,3.57,3877.1,54.945,0.05495,Sat,15
2026-05-02 16:00:00.000,East,808,44601,55.2,2540.06,3.14,174.4,127.14,0.127125,Sat,16
2026-05-02 16:00:00.000,North,914,50346,55.1,3019.86,3.3,172.7,127.14,0.127125,Sat,16
2026-05-02 16:00:00.000,South,1122,61823,55.1,3577.1,3.19,347.4,127.14,0.127125,Sat,16
2026-05-02 16:00:00.000,West,1198,64972,54.2,3854.29,3.22,242.4,127.14,0.127125,Sat,16
2026-05-02 17:00:00.000,East,808,19003,23.5,2366.46,2.93,-2810,165,0.165025,Sat,17
2026-05-02 17:00:00.000,North,914,21356,23.4,2692.36,2.95,-3245,165,0.165025,Sat,17
2026-05-02 17:00:00.000,South,1122,26797,23.9,3297.41,2.94,-3885,165,0.165025,Sat,17
2026-05-02 17:00:00.000,West,1198,28306,23.6,3454.32,2.88,-4231,165,0.165025,Sat,17
2026-05-02 18:00:00.000,East,808,18845,23.3,2007.36,2.48,-2838,195.45,0.195475,Sat,18
2026-05-02 18:00:00.000,North,914,21228,23.2,2346.12,2.57,-3227,195.45,0.195475,Sat,18
2026-05-02 18:00:00.000,South,1122,26538,23.7,2875.5,2.56,-3942,195.45,0.195475,Sat,18
2026-05-02 18:00:00.000,West,1198,27959,23.3,3101.58,2.59,-4221,195.45,0.195475,Sat,18
2026-05-02 19:00:00.000,East,808,18676,23.1,1761.64,2.18,-2852,154.32,0.154325,Sat,19
2026-05-02 19:00:00.000,North,914,21327,23.3,2026.49,2.22,-3184,154.32,0.154325,Sat,19
2026-05-02 19:00:00.000,South,1122,26371,23.5,2484.6,2.21,-3835,154.32,0.154325,Sat,19
2026-05-02 19:00:00.000,West,1198,27949,23.3,2659.26,2.22,-4211,154.32,0.154325,Sat,19
2026-05-02 20:00:00.000,East,808,18901,23.4,1474.08,1.82,-2833,139.96,0.13995,Sat,20
2026-05-02 20:00:00.000,North,914,21363,23.4,1707.83,1.87,-3137,139.96,0.13995,Sat,20
2026-05-02 20:00:00.000,South,1122,26388,23.5,2077.23,1.85,-3938,139.96,0.13995,Sat,20
2026-05-02 20:00:00.000,West,1198,28016,23.4,2255.68,1.88,-4182,139.96,0.13995,Sat,20
2026-05-02 21:00:00.000,East,808,44844,55.5,0,0,193.8,123.865,0.123875,Sat,21
2026-05-02 21:00:00.000,North,914,50553,55.3,0,0,167.3,123.865,0.123875,Sat,21
2026-05-02 21:00:00.000,South,1122,61595,54.9,0,0,267.1,123.865,0.123875,Sat,21
2026-05-02 21:00:00.000,West,1198,65485,54.7,0,0,328.9,123.865,0.123875,Sat,21
2026-05-02 22:00:00.000,East,808,44727,55.4,0,0,191.2,121.195,0.1212,Sat,22
2026-05-02 22:00:00.000,North,914,50254,55,0,0,265.7,121.195,0.1212,Sat,22
2026-05-02 22:00:00.000,South,1122,61749,55,0,0,351.2,121.195,0.1212,Sat,22
2026-05-02 22:00:00.000,West,1198,65739,54.9,0,0,316.9,121.195,0.1212,Sat,22
2026-05-02 23:00:00.000,East,808,44558,55.1,0,0,218.6,116.0325,0.11605,Sat,23
2026-05-02 23:00:00.000,North,914,50354,55.1,0,0,189.7,116.0325,0.11605,Sat,23
2026-05-02 23:00:00.000,South,1122,61498,54.8,0,0,311.4,116.0325,0.11605,Sat,23
2026-05-02 23:00:00.000,West,1198,66148,55.2,0,0,239.1,116.0325,0.11605,Sat,23
2026-05-03 00:00:00.000,East,808,44426,55,0,0,174,110.1625,0.110175,Sun,0
2026-05-03 00:00:00.000,North,914,50556,55.3,0,0,219,110.1625,0.110175,Sun,0
2026-05-03 00:00:00.000,South,1122,61315,54.6,0,0,274.7,110.1625,0.110175,Sun,0
2026-05-03 00:00:00.000,West,1198,66129,55.2,0,0,346,110.1625,0.110175,Sun,0
2026-05-03 01:00:00.000,East,808,44498,55.1,0,0,211.4,108.4775,0.108475,Sun,1
2026-05-03 01:00:00.000,North,914,50665,55.4,0,0,262.2,108.4775,0.108475,Sun,1
2026-05-03 01:00:00.000,South,1122,61258,54.6,0,0,265,108.4775,0.108475,Sun,1
2026-05-03 01:00:00.000,West,1198,66133,55.2,0,0,291.5,108.4775,0.108475,Sun,1
2026-05-03 02:00:00.000,East,808,44450,55,0,0,186.4,106.2925,0.1063,Sun,2
2026-05-03 02:00:00.000,North,914,49751,54.4,0,0,198.8,106.2925,0.1063,Sun,2
2026-05-03 02:00:00.000,South,1122,61543,54.9,0,0,257,106.2925,0.1063,Sun,2
2026-05-03 02:00:00.000,West,1198,66168,55.2,0,0,380.5,106.2925,0.1063,Sun,2
2026-05-03 03:00:00.000,East,808,44854,55.5,0,0,243.7,107.0725,0.107075,Sun,3
2026-05-03 03:00:00.000,North,914,50526,55.3,0,0,222.7,107.0725,0.107075,Sun,3
2026-05-03 03:00:00.000,South,1122,61412,54.7,0,0,225.4,107.0725,0.107075,Sun,3
2026-05-03 03:00:00.000,West,1198,65891,55,0,0,301.8,107.0725,0.107075,Sun,3
2026-05-03 04:00:00.000,East,808,44506,55.1,0,0,202.6,101.7,0.101675,Sun,4
2026-05-03 04:00:00.000,North,914,50258,55,0,0,213.2,101.7,0.101675,Sun,4
2026-05-03 04:00:00.000,South,1122,61231,54.6,0,0,332,101.7,0.101675,Sun,4
2026-05-03 04:00:00.000,West,1198,65619,54.8,0,0,272,101.7,0.101675,Sun,4
2026-05-03 05:00:00.000,East,808,44369,54.9,0,0,184.3,85.3375,0.08535,Sun,5
2026-05-03 05:00:00.000,North,914,50416,55.2,0,0,235.1,85.3375,0.08535,Sun,5
2026-05-03 05:00:00.000,South,1122,61674,55,0,0,321.2,85.3375,0.08535,Sun,5
2026-05-03 05:00:00.000,West,1198,66026,55.1,0,0,352.6,85.3375,0.08535,Sun,5
2026-05-03 06:00:00.000,East,808,44582,55.2,1548.24,1.92,178.4,71.7375,0.071775,Sun,6
2026-05-03 06:00:00.000,North,914,50041,54.7,1759.97,1.93,244.6,71.7375,0.071775,Sun,6
2026-05-03 06:00:00.000,South,1122,61624,54.9,2075.09,1.85,333.2,71.7375,0.071775,Sun,6
2026-05-03 06:00:00.000,West,1198,65863,55,2228.56,1.86,252.9,71.7375,0.071775,Sun,6
2026-05-03 07:00:00.000,East,808,65511,81.1,1851.08,2.29,2638.6,32.6575,0.03265,Sun,7
2026-05-03 07:00:00.000,North,914,74068,81,2051.82,2.24,3003.8,32.6575,0.03265,Sun,7
2026-05-03 07:00:00.000,South,1122,90558,80.7,2530.95,2.26,3669.2,32.6575,0.03265,Sun,7
2026-05-03 07:00:00.000,West,1198,97031,81,2620.78,2.19,3885.5,32.6575,0.03265,Sun,7
2026-05-03 08:00:00.000,East,808,65511,81.1,2121,2.63,2635.5,1.2875,0.0013,Sun,8
2026-05-03 08:00:00.000,North,914,73921,80.9,2296.68,2.51,2934.1,1.2875,0.0013,Sun,8
2026-05-03 08:00:00.000,South,1122,90927,81,2817.84,2.51,3652.6,1.2875,0.0013,Sun,8
2026-05-03 08:00:00.000,West,1198,96593,80.6,2966.22,2.48,3890,1.2875,0.0013,Sun,8
2026-05-03 09:00:00.000,East,808,72817,90.1,2384.27,2.95,3413.6,-1.4275,-0.001425,Sun,9
2026-05-03 09:00:00.000,North,914,82050,89.8,2564.13,2.81,3869.9,-1.4275,-0.001425,Sun,9
2026-05-03 09:00:00.000,South,1122,100926,90,3251.82,2.9,4764.9,-1.4275,-0.001425,Sun,9
2026-05-03 09:00:00.000,West,1198,107650,89.9,3470.87,2.9,5116.2,-1.4275,-0.001425,Sun,9
2026-05-03 10:00:00.000,East,808,72665,89.9,2607.44,3.23,3451.7,-6.79,-0.0068,Sun,10
2026-05-03 10:00:00.000,North,914,82329,90.1,2948.08,3.23,3876.9,-6.79,-0.0068,Sun,10
2026-05-03 10:00:00.000,South,1122,100888,89.9,3612.23,3.22,4785.8,-6.79,-0.0068,Sun,10
2026-05-03 10:00:00.000,West,1198,107815,90,3882.36,3.24,5075.1,-6.79,-0.0068,Sun,10
2026-05-03 11:00:00.000,East,808,72835,90.1,2884.6,3.57,3442.8,-14.435,-0.01445,Sun,11
2026-05-03 11:00:00.000,North,914,82316,90.1,3213.33,3.52,3865.5,-14.435,-0.01445,Sun,11
2026-05-03 11:00:00.000,South,1122,100971,90,4060.48,3.62,4755.4,-14.435,-0.01445,Sun,11
2026-05-03 11:00:00.000,West,1198,107636,89.8,4296.21,3.59,5073.1,-14.435,-0.01445,Sun,11
2026-05-03 12:00:00.000,East,808,72747,90,3213.98,3.98,3446.4,-10.8825,-0.010875,Sun,12
2026-05-03 12:00:00.000,North,914,82195,89.9,3603.89,3.94,3883.2,-10.8825,-0.010875,Sun,12
2026-05-03 12:00:00.000,South,1122,101053,90.1,4424.51,3.94,4730.7,-10.8825,-0.010875,Sun,12
2026-05-03 12:00:00.000,West,1198,107828,90,4665.74,3.89,5074.1,-10.8825,-0.010875,Sun,12
2026-05-03 13:00:00.000,East,808,72614,89.9,3391.5,4.2,3427,-3.9675,-0.003975,Sun,13
2026-05-03 13:00:00.000,North,914,82245,90,3771.7,4.13,3886.3,-3.9675,-0.003975,Sun,13
2026-05-03 13:00:00.000,South,1122,101089,90.1,4709.7,4.2,4780.9,-3.9675,-0.003975,Sun,13
2026-05-03 13:00:00.000,West,1198,107834,90,5146.4,4.3,5099.8,-3.9675,-0.003975,Sun,13
2026-05-03 14:00:00.000,East,808,65611,81.2,3136.15,3.88,2621.3,9.1325,0.009125,Sun,14
2026-05-03 14:00:00.000,North,914,74123,81.1,3502.07,3.83,2942.1,9.1325,0.009125,Sun,14
2026-05-03 14:00:00.000,South,1122,90836,81,4290.84,3.82,3621.8,9.1325,0.009125,Sun,14
2026-05-03 14:00:00.000,West,1198,96672,80.7,4652.38,3.88,3921.6,9.1325,0.009125,Sun,14
2026-05-03 15:00:00.000,East,808,44686,55.3,2860.45,3.54,212.7,80.7075,0.080725,Sun,15
2026-05-03 15:00:00.000,North,914,50393,55.1,3292.02,3.6,223.6,80.7075,0.080725,Sun,15
2026-05-03 15:00:00.000,South,1122,61200,54.5,3921.68,3.5,282.4,80.7075,0.080725,Sun,15
2026-05-03 15:00:00.000,West,1198,66644,55.6,4239.16,3.54,288.5,80.7075,0.080725,Sun,15
2026-05-03 16:00:00.000,East,808,44757,55.4,2650.76,3.28,263.2,120.5725,0.120575,Sun,16
2026-05-03 16:00:00.000,North,914,49856,54.5,2960.26,3.24,294.3,120.5725,0.120575,Sun,16
2026-05-03 16:00:00.000,South,1122,62800,56,3627.82,3.23,293.5,120.5725,0.120575,Sun,16
2026-05-03 16:00:00.000,West,1198,65803,54.9,3905.83,3.26,333.1,120.5725,0.120575,Sun,16
2026-05-03 17:00:00.000,East,808,19146,23.7,2336.54,2.89,-2809,134.795,0.1348,Sun,17
2026-05-03 17:00:00.000,North,914,21528,23.6,2638.63,2.89,-3188,134.795,0.1348,Sun,17
2026-05-03 17:00:00.000,South,1122,26399,23.5,3246.03,2.89,-3926,134.795,0.1348,Sun,17
2026-05-03 17:00:00.000,West,1198,28057,23.4,3523.1,2.94,-4205,134.795,0.1348,Sun,17
2026-05-03 18:00:00.000,East,808,18717,23.2,2120.1,2.62,-2761,140.87,0.14085,Sun,18
2026-05-03 18:00:00.000,North,914,21751,23.8,2352.18,2.57,-3120,140.87,0.14085,Sun,18
2026-05-03 18:00:00.000,South,1122,26566,23.7,2880.12,2.57,-4032,140.87,0.14085,Sun,18
2026-05-03 18:00:00.000,West,1198,28039,23.4,3026.76,2.53,-4192,140.87,0.14085,Sun,18
2026-05-03 19:00:00.000,East,808,19117,23.7,1762.23,2.18,-2886,137.31,0.1373,Sun,19
2026-05-03 19:00:00.000,North,914,21797,23.8,2048.15,2.24,-3174,137.31,0.1373,Sun,19
2026-05-03 19:00:00.000,South,1122,26304,23.4,2478.49,2.21,-3985,137.31,0.1373,Sun,19
2026-05-03 19:00:00.000,West,1198,27798,23.2,2671.74,2.23,-4217,137.31,0.1373,Sun,19
2026-05-03 20:00:00.000,East,808,44552,55.1,1521.52,1.88,188.7,130.3775,0.1304,Sun,20
2026-05-03 20:00:00.000,North,914,50527,55.3,1744.27,1.91,205.9,130.3775,0.1304,Sun,20
2026-05-03 20:00:00.000,South,1122,61428,54.7,2156.48,1.92,248,130.3775,0.1304,Sun,20
2026-05-03 20:00:00.000,West,1198,66198,55.3,2215.05,1.85,306.7,130.3775,0.1304,Sun,20
2026-05-03 21:00:00.000,East,808,44055,54.5,0,0,146.7,121.115,0.121125,Sun,21
2026-05-03 21:00:00.000,North,914,50068,54.8,0,0,251.1,121.115,0.121125,Sun,21
2026-05-03 21:00:00.000,South,1122,61202,54.5,0,0,271.2,121.115,0.121125,Sun,21
2026-05-03 21:00:00.000,West,1198,65992,55.1,0,0,364.6,121.115,0.121125,Sun,21
2026-05-03 22:00:00.000,East,808,44411,55,0,0,160.8,117.355,0.117375,Sun,22
2026-05-03 22:00:00.000,North,914,50215,54.9,0,0,262.1,117.355,0.117375,Sun,22
2026-05-03 22:00:00.000,South,1122,62219,55.5,0,0,281.1,117.355,0.117375,Sun,22
2026-05-03 22:00:00.000,West,1198,66056,55.1,0,0,293,117.355,0.117375,Sun,22
2026-05-03 23:00:00.000,East,808,44293,54.8,0,0,212.7,108.41,0.1084,Sun,23
2026-05-03 23:00:00.000,North,914,50228,55,0,0,237.7,108.41,0.1084,Sun,23
2026-05-03 23:00:00.000,South,1122,61478,54.8,0,0,261.3,108.41,0.1084,Sun,23
2026-05-03 23:00:00.000,West,1198,65739,54.9,0,0,303.6,108.41,0.1084,Sun,23
2026-05-04 00:00:00.000,East,808,44056,54.5,0,0,228.1,110.5575,0.11055,Mon,0
2026-05-04 00:00:00.000,North,914,50211,54.9,0,0,173.2,110.5575,0.11055,Mon,0
2026-05-04 00:00:00.000,South,1122,61725,55,0,0,268.4,110.5575,0.11055,Mon,0
2026-05-04 00:00:00.000,West,1198,65656,54.8,0,0,251.7,110.5575,0.11055,Mon,0
2026-05-04 01:00:00.000,East,808,44271,54.8,0,0,166.4,106.3475,0.106375,Mon,1
2026-05-04 01:00:00.000,North,914,50564,55.3,0,0,260,106.3475,0.106375,Mon,1
2026-05-04 01:00:00.000,South,1122,61223,54.6,0,0,286.3,106.3475,0.106375,Mon,1
2026-05-04 01:00:00.000,West,1198,66066,55.1,0,0,242.3,106.3475,0.106375,Mon,1
2026-05-04 02:00:00.000,East,808,44538,55.1,0,0,182.8,109.9075,0.1099,Mon,2
2026-05-04 02:00:00.000,North,914,50481,55.2,0,0,262.6,109.9075,0.1099,Mon,2
2026-05-04 02:00:00.000,South,1122,61531,54.8,0,0,268.2,109.9075,0.1099,Mon,2
2026-05-04 02:00:00.000,West,1198,65725,54.9,0,0,325.1,109.9075,0.1099,Mon,2
2026-05-04 03:00:00.000,East,808,44543,55.1,0,0,191.2,128.8825,0.1289,Mon,3
2026-05-04 03:00:00.000,North,914,50477,55.2,0,0,214.4,128.8825,0.1289,Mon,3
2026-05-04 03:00:00.000,South,1122,61426,54.7,0,0,329.5,128.8825,0.1289,Mon,3
2026-05-04 03:00:00.000,West,1198,65680,54.8,0,0,313.7,128.8825,0.1289,Mon,3
2026-05-04 04:00:00.000,East,808,18985,23.5,0,0,-2803,149.5475,0.149525,Mon,4
2026-05-04 04:00:00.000,North,914,21439,23.5,0,0,-3186,149.5475,0.149525,Mon,4
2026-05-04 04:00:00.000,South,1122,26077,23.2,0,0,-3930,149.5475,0.149525,Mon,4
2026-05-04 04:00:00.000,West,1198,28319,23.6,0,0,-4218,149.5475,0.149525,Mon,4
2026-05-04 05:00:00.000,East,808,19089,23.6,0,0,-2789,151.2675,0.151275,Mon,5
2026-05-04 05:00:00.000,North,914,21643,23.7,0,0,-3238,151.2675,0.151275,Mon,5
2026-05-04 05:00:00.000,South,1122,26375,23.5,0,0,-3937,151.2675,0.151275,Mon,5
2026-05-04 05:00:00.000,West,1198,27799,23.2,0,0,-4249,151.2675,0.151275,Mon,5
2026-05-04 06:00:00.000,East,808,19079,23.6,1505.07,1.86,-2817,134.6025,0.1346,Mon,6
2026-05-04 06:00:00.000,North,914,21560,23.6,1739.65,1.9,-3192,134.6025,0.1346,Mon,6
2026-05-04 06:00:00.000,South,1122,26487,23.6,2059.53,1.84,-3982,134.6025,0.1346,Mon,6
2026-05-04 06:00:00.000,West,1198,28118,23.5,2278.36,1.9,-4203,134.6025,0.1346,Mon,6
2026-05-04 07:00:00.000,East,808,44487,55.1,1786.01,2.21,211.5,113.625,0.113625,Mon,7
2026-05-04 07:00:00.000,North,914,50976,55.8,1982.79,2.17,203.4,113.625,0.113625,Mon,7
2026-05-04 07:00:00.000,South,1122,61406,54.7,2460.48,2.19,308.9,113.625,0.113625,Mon,7
2026-05-04 07:00:00.000,West,1198,65576,54.7,2591.24,2.16,270,113.625,0.113625,Mon,7
2026-05-04 08:00:00.000,East,808,44429,55,2033.82,2.52,212.2,99.99,0.1,Mon,8
2026-05-04 08:00:00.000,North,914,50126,54.8,2315.04,2.53,281.6,99.99,0.1,Mon,8
2026-05-04 08:00:00.000,South,1122,61911,55.2,2941.02,2.62,319.9,99.99,0.1,Mon,8
2026-05-04 08:00:00.000,West,1198,66141,55.2,2989.32,2.5,327.8,99.99,0.1,Mon,8
2026-05-04 09:00:00.000,East,808,44119,54.6,2361.54,2.92,245.5,93.095,0.0931,Mon,9
2026-05-04 09:00:00.000,North,914,50166,54.9,2700.81,2.95,222.6,93.095,0.0931,Mon,9
2026-05-04 09:00:00.000,South,1122,61523,54.8,3183.06,2.84,231.9,93.095,0.0931,Mon,9
2026-05-04 09:00:00.000,West,1198,65813,54.9,3546.24,2.96,411,93.095,0.0931,Mon,9
2026-05-04 10:00:00.000,East,808,44385,54.9,2537.2,3.14,153.8,75.065,0.07505,Mon,10
2026-05-04 10:00:00.000,North,914,50419,55.2,2999.53,3.28,243.6,75.065,0.07505,Mon,10
2026-05-04 10:00:00.000,South,1122,61575,54.9,3638.05,3.24,295.5,75.065,0.07505,Mon,10
2026-05-04 10:00:00.000,West,1198,65930,55,3773.57,3.15,295,75.065,0.07505,Mon,10
2026-05-04 11:00:00.000,East,808,44728,55.4,2882.69,3.57,203.5,69.4075,0.0694,Mon,11
2026-05-04 11:00:00.000,North,914,50659,55.4,3301.91,3.61,209.9,69.4075,0.0694,Mon,11
2026-05-04 11:00:00.000,South,1122,61642,54.9,3950.69,3.52,368.7,69.4075,0.0694,Mon,11
2026-05-04 11:00:00.000,West,1198,66093,55.2,4295.24,3.59,299.1,69.4075,0.0694,Mon,11
2026-05-04 12:00:00.000,East,808,43776,54.2,3187.4,3.94,162.7,81.0775,0.0811,Mon,12
2026-05-04 12:00:00.000,North,914,49949,54.6,3602.98,3.94,242,81.0775,0.0811,Mon,12
2026-05-04 12:00:00.000,South,1122,61911,55.2,4416.86,3.94,229.4,81.0775,0.0811,Mon,12
2026-05-04 12:00:00.000,West,1198,65995,55.1,4708.84,3.93,324.7,81.0775,0.0811,Mon,12
2026-05-04 13:00:00.000,East,808,44173,54.7,3417.3,4.23,225.7,94.0025,0.094,Mon,13
2026-05-04 13:00:00.000,North,914,50553,55.3,3819.3,4.18,235.4,94.0025,0.094,Mon,13
2026-05-04 13:00:00.000,South,1122,61755,55,4720,4.21,245.9,94.0025,0.094,Mon,13
2026-05-04 13:00:00.000,West,1198,66156,55.2,4914.9,4.1,344.5,94.0025,0.094,Mon,13
2026-05-04 14:00:00.000,East,808,44354,54.9,3103.98,3.84,237,107.9675,0.107975,Mon,14
2026-05-04 14:00:00.000,North,914,50637,55.4,3492.94,3.82,269.4,107.9675,0.107975,Mon,14
2026-05-04 14:00:00.000,South,1122,61600,54.9,4495.27,4.01,294.2,107.9675,0.107975,Mon,14
2026-05-04 14:00:00.000,West,1198,66480,55.5,4778.24,3.99,323.9,107.9675,0.107975,Mon,14
2026-05-04 15:00:00.000,East,808,44619,55.2,2935.82,3.63,207.9,128.9925,0.128975,Mon,15
2026-05-04 15:00:00.000,North,914,49787,54.5,3234.83,3.54,310.5,128.9925,0.128975,Mon,15
2026-05-04 15:00:00.000,South,1122,61828,55.1,3975.77,3.54,211.9,128.9925,0.128975,Mon,15
2026-05-04 15:00:00.000,West,1198,66184,55.2,4245.22,3.54,339.2,128.9925,0.128975,Mon,15
2026-05-04 16:00:00.000,East,808,19282,23.9,2599.56,3.22,-2819,169,0.169,Mon,16
2026-05-04 16:00:00.000,North,914,21316,23.3,3009.14,3.29,-3153,169,0.169,Mon,16
2026-05-04 16:00:00.000,South,1122,26218,23.4,3635.06,3.24,-4007,169,0.169,Mon,16
2026-05-04 16:00:00.000,West,1198,27942,23.3,3861.94,3.22,-4165,169,0.169,Mon,16
2026-05-04 17:00:00.000,East,808,18901,23.4,2377.74,2.94,-2801,245.03,0.24505,Mon,17
2026-05-04 17:00:00.000,North,914,21503,23.5,2642.06,2.89,-3249,245.03,0.24505,Mon,17
2026-05-04 17:00:00.000,South,1122,26167,23.3,3166.29,2.82,-3919,245.03,0.24505,Mon,17
2026-05-04 17:00:00.000,West,1198,28260,23.6,3465.94,2.89,-4187,245.03,0.24505,Mon,17
2026-05-04 18:00:00.000,East,808,18724,23.2,2051.76,2.54,-2799,266.835,0.26685,Mon,18
2026-05-04 18:00:00.000,North,914,21959,24,2266.62,2.48,-3115,266.835,0.26685,Mon,18
2026-05-04 18:00:00.000,South,1122,26138,23.3,2891.52,2.58,-3843,266.835,0.26685,Mon,18
2026-05-04 18:00:00.000,West,1198,27910,23.3,3032.1,2.53,-4189,266.835,0.26685,Mon,18
2026-05-04 19:00:00.000,East,808,19014,23.5,1748.61,2.16,-2875,194.3,0.1943,Mon,19
2026-05-04 19:00:00.000,North,914,21736,23.8,2007.22,2.2,-3155,194.3,0.1943,Mon,19
2026-05-04 19:00:00.000,South,1122,26162,23.3,2445.42,2.18,-3957,194.3,0.1943,Mon,19
2026-05-04 19:00:00.000,West,1198,28428,23.7,2566.15,2.14,-4280,194.3,0.1943,Mon,19
2026-05-04 20:00:00.000,East,808,19039,23.6,1491.34,1.85,-2809,153.045,0.15305,Mon,20
2026-05-04 20:00:00.000,North,914,21623,23.7,1721.77,1.88,-3203,153.045,0.15305,Mon,20
2026-05-04 20:00:00.000,South,1122,26669,23.8,2077.69,1.85,-3941,153.045,0.15305,Mon,20
2026-05-04 20:00:00.000,West,1198,28129,23.5,2237.35,1.87,-4194,153.045,0.15305,Mon,20
2026-05-04 21:00:00.000,East,808,18783,23.2,0,0,-2832,137.2,0.137225,Mon,21
2026-05-04 21:00:00.000,North,914,21344,23.4,0,0,-3269,137.2,0.137225,Mon,21
2026-05-04 21:00:00.000,South,1122,26458,23.6,0,0,-3944,137.2,0.137225,Mon,21
2026-05-04 21:00:00.000,West,1198,27979,23.4,0,0,-4202,137.2,0.137225,Mon,21
2026-05-04 22:00:00.000,East,808,19157,23.7,0,0,-2775,131.36,0.131325,Mon,22
2026-05-04 22:00:00.000,North,914,21463,23.5,0,0,-3188,131.36,0.131325,Mon,22
2026-05-04 22:00:00.000,South,1122,26496,23.6,0,0,-3912,131.36,0.131325,Mon,22
2026-05-04 22:00:00.000,West,1198,28458,23.8,0,0,-4170,131.36,0.131325,Mon,22
2026-05-04 23:00:00.000,East,808,44224,54.7,0,0,253.2,126.2,0.126225,Mon,23
2026-05-04 23:00:00.000,North,914,49918,54.6,0,0,259.6,126.2,0.126225,Mon,23
2026-05-04 23:00:00.000,South,1122,61622,54.9,0,0,224.8,126.2,0.126225,Mon,23
2026-05-04 23:00:00.000,West,1198,66040,55.1,0,0,326.4,126.2,0.126225,Mon,23
2026-05-05 00:00:00.000,East,808,44587,55.2,0,0,245.8,122.11,0.122125,Tue,0
2026-05-05 00:00:00.000,North,914,50433,55.2,0,0,232.8,122.11,0.122125,Tue,0
2026-05-05 00:00:00.000,South,1122,61881,55.2,0,0,317.6,122.11,0.122125,Tue,0
2026-05-05 00:00:00.000,West,1198,65632,54.8,0,0,385.3,122.11,0.122125,Tue,0
2026-05-05 01:00:00.000,East,808,44091,54.6,0,0,172.7,122.045,0.12205,Tue,1
2026-05-05 01:00:00.000,North,914,50406,55.1,0,0,268.5,122.045,0.12205,Tue,1
2026-05-05 01:00:00.000,South,1122,62096,55.3,0,0,296,122.045,0.12205,Tue,1
2026-05-05 01:00:00.000,West,1198,65746,54.9,0,0,322.8,122.045,0.12205,Tue,1
2026-05-05 02:00:00.000,East,808,44193,54.7,0,0,175.4,123.9,0.123875,Tue,2
2026-05-05 02:00:00.000,North,914,50228,55,0,0,216,123.9,0.123875,Tue,2
2026-05-05 02:00:00.000,South,1122,61868,55.1,0,0,295.9,123.9,0.123875,Tue,2
2026-05-05 02:00:00.000,West,1198,65510,54.7,0,0,293.2,123.9,0.123875,Tue,2
2026-05-05 03:00:00.000,East,808,18973,23.5,0,0,-2843,133.9025,0.133925,Tue,3
2026-05-05 03:00:00.000,North,914,21294,23.3,0,0,-3252,133.9025,0.133925,Tue,3
2026-05-05 03:00:00.000,South,1122,26490,23.6,0,0,-4012,133.9025,0.133925,Tue,3
2026-05-05 03:00:00.000,West,1198,28280,23.6,0,0,-4247,133.9025,0.133925,Tue,3
2026-05-05 04:00:00.000,East,808,19308,23.9,0,0,-2773,160.1125,0.160125,Tue,4
2026-05-05 04:00:00.000,North,914,21160,23.2,0,0,-3175,160.1125,0.160125,Tue,4
2026-05-05 04:00:00.000,South,1122,26673,23.8,0,0,-3961,160.1125,0.160125,Tue,4
2026-05-05 04:00:00.000,West,1198,27929,23.3,0,0,-4237,160.1125,0.160125,Tue,4
2026-05-05 05:00:00.000,East,808,18755,23.2,0,0,-2814,160.765,0.160775,Tue,5
2026-05-05 05:00:00.000,North,914,21645,23.7,0,0,-3222,160.765,0.160775,Tue,5
2026-05-05 05:00:00.000,South,1122,26263,23.4,0,0,-3930,160.765,0.160775,Tue,5
2026-05-05 05:00:00.000,West,1198,27876,23.3,0,0,-4230,160.765,0.160775,Tue,5
2026-05-05 06:00:00.000,East,808,18962,23.5,1501.09,1.86,-2808,147.2325,0.14725,Tue,6
2026-05-05 06:00:00.000,North,914,21455,23.5,1725.11,1.89,-3254,147.2325,0.14725,Tue,6
2026-05-05 06:00:00.000,South,1122,26292,23.4,2059,1.84,-3957,147.2325,0.14725,Tue,6
2026-05-05 06:00:00.000,West,1198,28132,23.5,2194.23,1.83,-4220,147.2325,0.14725,Tue,6
2026-05-05 07:00:00.000,East,808,45041,55.7,1786.74,2.21,192.3,129.61,0.1296,Tue,7
2026-05-05 07:00:00.000,North,914,50330,55.1,2016.74,2.21,254.4,129.61,0.1296,Tue,7
2026-05-05 07:00:00.000,South,1122,61729,55,2505.17,2.23,261.6,129.61,0.1296,Tue,7
2026-05-05 07:00:00.000,West,1198,66008,55.1,2631.62,2.2,267.4,129.61,0.1296,Tue,7
2026-05-05 08:00:00.000,East,808,44267,54.8,2044.74,2.53,188.2,114.12,0.114125,Tue,8
2026-05-05 08:00:00.000,North,914,50119,54.8,2321.76,2.54,203.8,114.12,0.114125,Tue,8
2026-05-05 08:00:00.000,South,1122,61966,55.2,2898.72,2.58,270.3,114.12,0.114125,Tue,8
2026-05-05 08:00:00.000,West,1198,65779,54.9,3038.22,2.54,313.3,114.12,0.114125,Tue,8
2026-05-05 09:00:00.000,East,808,44312,54.8,2361.3,2.92,244.2,108.2575,0.108275,Tue,9
2026-05-05 09:00:00.000,North,914,50035,54.7,2678.45,2.93,221.7,108.2575,0.108275,Tue,9
2026-05-05 09:00:00.000,South,1122,61424,54.7,3189.85,2.84,225.8,108.2575,0.108275,Tue,9
2026-05-05 09:00:00.000,West,1198,65970,55.1,3457.05,2.89,295.1,108.2575,0.108275,Tue,9
2026-05-05 10:00:00.000,East,808,44322,54.9,2625.12,3.25,223.5,99.0925,0.0991,Tue,10
2026-05-05 10:00:00.000,North,914,50398,55.1,2972.97,3.25,208.1,99.0925,0.0991,Tue,10
2026-05-05 10:00:00.000,South,1122,61778,55.1,3644.33,3.25,278.7,99.0925,0.0991,Tue,10
2026-05-05 10:00:00.000,West,1198,65910,55,3867.72,3.23,343.2,99.0925,0.0991,Tue,10
2026-05-05 11:00:00.000,East,808,44165,54.7,2863.58,3.54,174,98.055,0.098075,Tue,11
2026-05-05 11:00:00.000,North,914,50105,54.8,3228.33,3.53,211.5,98.055,0.098075,Tue,11
2026-05-05 11:00:00.000,South,1122,61880,55.2,4101.18,3.66,269,98.055,0.098075,Tue,11
2026-05-05 11:00:00.000,West,1198,65703,54.8,4242.68,3.54,258,98.055,0.098075,Tue,11
2026-05-05 12:00:00.000,East,808,44192,54.7,3199.63,3.96,210.2,97.745,0.097725,Tue,12
2026-05-05 12:00:00.000,North,914,50349,55.1,3525.86,3.86,256.8,97.745,0.097725,Tue,12
2026-05-05 12:00:00.000,South,1122,61661,55,4437.22,3.95,271,97.745,0.097725,Tue,12
2026-05-05 12:00:00.000,West,1198,65778,54.9,4633.6,3.87,324.4,97.745,0.097725,Tue,12
2026-05-05 13:00:00.000,East,808,44539,55.1,3390.2,4.2,148.3,105.99,0.106,Tue,13
2026-05-05 13:00:00.000,North,914,50172,54.9,3937,4.31,254.1,105.99,0.106,Tue,13
2026-05-05 13:00:00.000,South,1122,61480,54.8,4737.2,4.22,246.4,105.99,0.106,Tue,13
2026-05-05 13:00:00.000,West,1198,65646,54.8,5103.5,4.26,223.9,105.99,0.106,Tue,13
2026-05-05 14:00:00.000,East,808,44387,54.9,3124.84,3.87,188.1,111.9775,0.111975,Tue,14
2026-05-05 14:00:00.000,North,914,50674,55.4,3576.73,3.91,215.6,111.9775,0.111975,Tue,14
2026-05-05 14:00:00.000,South,1122,61554,54.9,4388.23,3.91,293.9,111.9775,0.111975,Tue,14
2026-05-05 14:00:00.000,West,1198,65808,54.9,4619.96,3.86,337.1,111.9775,0.111975,Tue,14
2026-05-05 15:00:00.000,East,808,44344,54.9,2905.25,3.6,219.1,128.67,0.128675,Tue,15
2026-05-05 15:00:00.000,North,914,50075,54.8,3222.91,3.53,217.7,128.67,0.128675,Tue,15
2026-05-05 15:00:00.000,South,1122,61644,54.9,4104.77,3.66,220.2,128.67,0.128675,Tue,15
2026-05-05 15:00:00.000,West,1198,66111,55.2,4251.44,3.55,256.2,128.67,0.128675,Tue,15
2026-05-05 16:00:00.000,East,808,18855,23.3,2574.07,3.19,-2806,145.7625,0.14575,Tue,16
2026-05-05 16:00:00.000,North,914,21298,23.3,2882.58,3.15,-3182,145.7625,0.14575,Tue,16
2026-05-05 16:00:00.000,South,1122,26611,23.7,3606.89,3.21,-3885,145.7625,0.14575,Tue,16
2026-05-05 16:00:00.000,West,1198,28119,23.5,3919.02,3.27,-4200,145.7625,0.14575,Tue,16
2026-05-05 17:00:00.000,East,808,19391,24,2314.89,2.86,-2799,163.685,0.163675,Tue,17
2026-05-05 17:00:00.000,North,914,21353,23.4,2668.75,2.92,-3210,163.685,0.163675,Tue,17
2026-05-05 17:00:00.000,South,1122,26346,23.5,3322.61,2.96,-3969,163.685,0.163675,Tue,17
2026-05-05 17:00:00.000,West,1198,28800,24,3448.87,2.88,-4183,163.685,0.163675,Tue,17
2026-05-05 18:00:00.000,East,808,18812,23.3,2125.2,2.63,-2882,163.9025,0.1639,Tue,18
2026-05-05 18:00:00.000,North,914,21564,23.6,2344.74,2.57,-3258,163.9025,0.1639,Tue,18
2026-05-05 18:00:00.000,South,1122,26490,23.6,2908.92,2.59,-3980,163.9025,0.1639,Tue,18
2026-05-05 18:00:00.000,West,1198,28045,23.4,3056.28,2.55,-4178,163.9025,0.1639,Tue,18
2026-05-05 19:00:00.000,East,808,19059,23.6,1810.72,2.24,-2805,146.9975,0.147,Tue,19
2026-05-05 19:00:00.000,North,914,21732,23.8,2014.04,2.2,-3144,146.9975,0.147,Tue,19
2026-05-05 19:00:00.000,South,1122,25845,23,2482.93,2.21,-3956,146.9975,0.147,Tue,19
2026-05-05 19:00:00.000,West,1198,27782,23.2,2659.25,2.22,-4238,146.9975,0.147,Tue,19
2026-05-05 20:00:00.000,East,808,18962,23.5,1539.9,1.91,-2825,132.745,0.132725,Tue,20
2026-05-05 20:00:00.000,North,914,21891,24,1704.59,1.86,-3090,132.745,0.132725,Tue,20
2026-05-05 20:00:00.000,South,1122,26172,23.3,2093.02,1.87,-3940,132.745,0.132725,Tue,20
2026-05-05 20:00:00.000,West,1198,28167,23.5,2214.56,1.85,-4198,132.745,0.132725,Tue,20
2026-05-05 21:00:00.000,East,808,44063,54.5,0,0,161.7,115.2925,0.115275,Tue,21
2026-05-05 21:00:00.000,North,914,50046,54.8,0,0,213.7,115.2925,0.115275,Tue,21
2026-05-05 21:00:00.000,South,1122,61939,55.2,0,0,255.8,115.2925,0.115275,Tue,21
2026-05-05 21:00:00.000,West,1198,65800,54.9,0,0,332,115.2925,0.115275,Tue,21
2026-05-05 22:00:00.000,East,808,44599,55.2,0,0,171.1,120.035,0.12005,Tue,22
2026-05-05 22:00:00.000,North,914,50019,54.7,0,0,234.7,120.035,0.12005,Tue,22
2026-05-05 22:00:00.000,South,1122,61732,55,0,0,310.7,120.035,0.12005,Tue,22
2026-05-05 22:00:00.000,West,1198,65650,54.8,0,0,352.5,120.035,0.12005,Tue,22
2026-05-05 23:00:00.000,East,808,44516,55.1,0,0,198,114.23,0.114225,Tue,23
2026-05-05 23:00:00.000,North,914,50723,55.5,0,0,234.8,114.23,0.114225,Tue,23
2026-05-05 23:00:00.000,South,1122,61451,54.8,0,0,294.9,114.23,0.114225,Tue,23
2026-05-05 23:00:00.000,West,1198,66124,55.2,0,0,323.6,114.23,0.114225,Tue,23
2026-05-06 00:00:00.000,East,808,44005,54.5,0,0,219.8,113.165,0.113175,Wed,0
2026-05-06 00:00:00.000,North,914,50493,55.2,0,0,234.6,113.165,0.113175,Wed,0
2026-05-06 00:00:00.000,South,1122,62311,55.5,0,0,285.2,113.165,0.113175,Wed,0
2026-05-06 00:00:00.000,West,1198,65671,54.8,0,0,311.3,113.165,0.113175,Wed,0
2026-05-06 01:00:00.000,East,808,44804,55.5,0,0,177.2,112.995,0.112975,Wed,1
2026-05-06 01:00:00.000,North,914,49817,54.5,0,0,213.5,112.995,0.112975,Wed,1
2026-05-06 01:00:00.000,South,1122,61652,54.9,0,0,295.8,112.995,0.112975,Wed,1
2026-05-06 01:00:00.000,West,1198,66025,55.1,0,0,294,112.995,0.112975,Wed,1
2026-05-06 02:00:00.000,East,808,44258,54.8,0,0,189.1,113.34,0.11335,Wed,2
2026-05-06 02:00:00.000,North,914,50484,55.2,0,0,222.7,113.34,0.11335,Wed,2
2026-05-06 02:00:00.000,South,1122,61772,55.1,0,0,288,113.34,0.11335,Wed,2
2026-05-06 02:00:00.000,West,1198,65539,54.7,0,0,312.8,113.34,0.11335,Wed,2
2026-05-06 03:00:00.000,East,808,44441,55,0,0,224.3,118.225,0.118225,Wed,3
2026-05-06 03:00:00.000,North,914,49803,54.5,0,0,263.6,118.225,0.118225,Wed,3
2026-05-06 03:00:00.000,South,1122,61942,55.2,0,0,275.5,118.225,0.118225,Wed,3
2026-05-06 03:00:00.000,West,1198,66043,55.1,0,0,197.1,118.225,0.118225,Wed,3
2026-05-06 04:00:00.000,East,808,18943,23.4,0,0,-2843,131.14,0.131125,Wed,4
2026-05-06 04:00:00.000,North,914,21565,23.6,0,0,-3159,131.14,0.131125,Wed,4
2026-05-06 04:00:00.000,South,1122,26386,23.5,0,0,-3885,131.14,0.131125,Wed,4
2026-05-06 04:00:00.000,West,1198,28110,23.5,0,0,-4212,131.14,0.131125,Wed,4
2026-05-06 05:00:00.000,East,808,18935,23.4,0,0,-2781,142.45,0.14245,Wed,5
2026-05-06 05:00:00.000,North,914,21380,23.4,0,0,-3191,142.45,0.14245,Wed,5
2026-05-06 05:00:00.000,South,1122,26246,23.4,0,0,-3893,142.45,0.14245,Wed,5
2026-05-06 05:00:00.000,West,1198,28450,23.7,0,0,-4169,142.45,0.14245,Wed,5
2026-05-06 06:00:00.000,East,808,19061,23.6,1490.43,1.84,-2796,141.55,0.14155,Wed,6
2026-05-06 06:00:00.000,North,914,21103,23.1,1733.58,1.9,-3206,141.55,0.14155,Wed,6
2026-05-06 06:00:00.000,South,1122,26573,23.7,2130.31,1.9,-3906,141.55,0.14155,Wed,6
2026-05-06 06:00:00.000,West,1198,28359,23.7,2252.87,1.88,-4198,141.55,0.14155,Wed,6
2026-05-06 07:00:00.000,East,808,44527,55.1,1850.85,2.29,241.1,121.305,0.1213,Wed,7
2026-05-06 07:00:00.000,North,914,50708,55.5,2039.32,2.23,231.3,121.305,0.1213,Wed,7
2026-05-06 07:00:00.000,South,1122,61911,55.2,2543.7,2.27,329.6,121.305,0.1213,Wed,7
2026-05-06 07:00:00.000,West,1198,66126,55.2,2646.28,2.21,303.4,121.305,0.1213,Wed,7
2026-05-06 08:00:00.000,East,808,44615,55.2,1961.46,2.43,202.5,108.8,0.108825,Wed,8
2026-05-06 08:00:00.000,North,914,50107,54.8,2277.54,2.49,242,108.8,0.108825,Wed,8
2026-05-06 08:00:00.000,South,1122,61583,54.9,2889.6,2.58,292.8,108.8,0.108825,Wed,8
2026-05-06 08:00:00.000,West,1198,65559,54.7,3149.16,2.63,315.6,108.8,0.108825,Wed,8
2026-05-06 09:00:00.000,East,808,45355,56.1,2236.07,2.77,221.3,104.12,0.104125,Wed,9
2026-05-06 09:00:00.000,North,914,50465,55.2,2632.32,2.88,238.9,104.12,0.104125,Wed,9
2026-05-06 09:00:00.000,South,1122,61638,54.9,3255.79,2.9,239.5,104.12,0.104125,Wed,9
2026-05-06 09:00:00.000,West,1198,66440,55.5,3437.63,2.87,277.2,104.12,0.104125,Wed,9
2026-05-06 10:00:00.000,East,808,44611,55.2,2603.92,3.22,198.9,100.0925,0.1001,Wed,10
2026-05-06 10:00:00.000,North,914,50536,55.3,2976.59,3.26,190.1,100.0925,0.1001,Wed,10
2026-05-06 10:00:00.000,South,1122,62075,55.3,3670.6,3.27,242.1,100.0925,0.1001,Wed,10
2026-05-06 10:00:00.000,West,1198,65794,54.9,3944.12,3.29,335.1,100.0925,0.1001,Wed,10
2026-05-06 11:00:00.000,East,808,44933,55.6,2951.54,3.65,209.2,89.34,0.089325,Wed,11
2026-05-06 11:00:00.000,North,914,50341,55.1,3257.99,3.56,172.5,89.34,0.089325,Wed,11
2026-05-06 11:00:00.000,South,1122,61807,55.1,3981.34,3.55,344.4,89.34,0.089325,Wed,11
2026-05-06 11:00:00.000,West,1198,65477,54.7,4183.06,3.49,298.6,89.34,0.089325,Wed,11
2026-05-06 12:00:00.000,East,808,44201,54.7,3171.9,3.93,215.9,91.33,0.091325,Wed,12
2026-05-06 12:00:00.000,North,914,49712,54.4,3540.66,3.87,202.5,91.33,0.091325,Wed,12
2026-05-06 12:00:00.000,South,1122,61876,55.1,4357.21,3.88,327.2,91.33,0.091325,Wed,12
2026-05-06 12:00:00.000,West,1198,65633,54.8,4714.74,3.94,241.7,91.33,0.091325,Wed,12
2026-05-06 13:00:00.000,East,808,44324,54.9,3448.5,4.27,155.9,103.125,0.10315,Wed,13
2026-05-06 13:00:00.000,North,914,49946,54.6,3931.2,4.3,260.3,103.125,0.10315,Wed,13
2026-05-06 13:00:00.000,South,1122,62277,55.5,4712.3,4.2,273.7,103.125,0.10315,Wed,13
2026-05-06 13:00:00.000,West,1198,66128,55.2,5059.7,4.22,310.1,103.125,0.10315,Wed,13
2026-05-06 14:00:00.000,East,808,44197,54.7,3183.57,3.94,207.8,112.6625,0.112675,Wed,14
2026-05-06 14:00:00.000,North,914,50295,55,3560.77,3.9,280.2,112.6625,0.112675,Wed,14
2026-05-06 14:00:00.000,South,1122,61618,54.9,4275.8,3.81,352.3,112.6625,0.112675,Wed,14
2026-05-06 14:00:00.000,West,1198,65636,54.8,4685.24,3.91,367,112.6625,0.112675,Wed,14
2026-05-06 15:00:00.000,East,808,44945,55.6,2989.51,3.7,235.4,125.0525,0.125025,Wed,15
2026-05-06 15:00:00.000,North,914,50142,54.9,3078.09,3.37,212.1,125.0525,0.125025,Wed,15
2026-05-06 15:00:00.000,South,1122,61807,55.1,4009.42,3.57,339.5,125.0525,0.125025,Wed,15
2026-05-06 15:00:00.000,West,1198,65538,54.7,4195.22,3.5,228.3,125.0525,0.125025,Wed,15
2026-05-06 16:00:00.000,East,808,18877,23.4,2589.07,3.2,-2848,137.91,0.1379,Wed,16
2026-05-06 16:00:00.000,North,914,21379,23.4,2987.67,3.27,-3223,137.91,0.1379,Wed,16
2026-05-06 16:00:00.000,South,1122,26737,23.8,3598.66,3.21,-3854,137.91,0.1379,Wed,16
2026-05-06 16:00:00.000,West,1198,28619,23.9,3826.53,3.19,-4174,137.91,0.1379,Wed,16
2026-05-06 17:00:00.000,East,808,18873,23.4,2326.91,2.88,-2813,154.605,0.1546,Wed,17
2026-05-06 17:00:00.000,North,914,21591,23.6,2650.8,2.9,-3193,154.605,0.1546,Wed,17
2026-05-06 17:00:00.000,South,1122,26245,23.4,3266.34,2.91,-3948,154.605,0.1546,Wed,17
2026-05-06 17:00:00.000,West,1198,28050,23.4,3490.2,2.91,-4220,154.605,0.1546,Wed,17
2026-05-06 18:00:00.000,East,808,19170,23.7,2136.24,2.64,-2822,156.915,0.1569,Wed,18
2026-05-06 18:00:00.000,North,914,21293,23.3,2286.06,2.5,-3134,156.915,0.1569,Wed,18
2026-05-06 18:00:00.000,South,1122,26646,23.7,2803.62,2.5,-3912,156.915,0.1569,Wed,18
2026-05-06 18:00:00.000,West,1198,28180,23.5,3049.5,2.55,-4190,156.915,0.1569,Wed,18
2026-05-06 19:00:00.000,East,808,18539,22.9,1822.35,2.26,-2808,154.61,0.1546,Wed,19
2026-05-06 19:00:00.000,North,914,21176,23.2,2003.48,2.19,-3184,154.61,0.1546,Wed,19
2026-05-06 19:00:00.000,South,1122,26685,23.8,2488.91,2.22,-3881,154.61,0.1546,Wed,19
2026-05-06 19:00:00.000,West,1198,27484,22.9,2574.57,2.15,-4250,154.61,0.1546,Wed,19
2026-05-06 20:00:00.000,East,808,18862,23.3,1488.3,1.84,-2899,143.4125,0.1434,Wed,20
2026-05-06 20:00:00.000,North,914,21582,23.6,1761.3,1.93,-3204,143.4125,0.1434,Wed,20
2026-05-06 20:00:00.000,South,1122,26349,23.5,2198.32,1.96,-3837,143.4125,0.1434,Wed,20
2026-05-06 20:00:00.000,West,1198,28292,23.6,2266.03,1.89,-4226,143.4125,0.1434,Wed,20
2026-05-06 21:00:00.000,East,808,44274,54.8,0,0,155,128.26,0.12825,Wed,21
2026-05-06 21:00:00.000,North,914,50240,55,0,0,206.7,128.26,0.12825,Wed,21
2026-05-06 21:00:00.000,South,1122,61772,55.1,0,0,315.4,128.26,0.12825,Wed,21
2026-05-06 21:00:00.000,West,1198,65597,54.8,0,0,294.5,128.26,0.12825,Wed,21
2026-05-06 22:00:00.000,East,808,44128,54.6,0,0,192.1,125.1525,0.125175,Wed,22
2026-05-06 22:00:00.000,North,914,50304,55,0,0,187.3,125.1525,0.125175,Wed,22
2026-05-06 22:00:00.000,South,1122,61758,55,0,0,283.9,125.1525,0.125175,Wed,22
2026-05-06 22:00:00.000,West,1198,65728,54.9,0,0,345.5,125.1525,0.125175,Wed,22
2026-05-06 23:00:00.000,East,808,44789,55.4,0,0,224.7,116.485,0.1165,Wed,23
2026-05-06 23:00:00.000,North,914,50455,55.2,0,0,249,116.485,0.1165,Wed,23
2026-05-06 23:00:00.000,South,1122,61637,54.9,0,0,300.6,116.485,0.1165,Wed,23
2026-05-06 23:00:00.000,West,1198,65904,55,0,0,254.3,116.485,0.1165,Wed,23
2026-05-07 00:00:00.000,East,808,44902,55.6,0,0,171.9,115.2575,0.115275,Thu,0
2026-05-07 00:00:00.000,North,914,50257,55,0,0,238.3,115.2575,0.115275,Thu,0
2026-05-07 00:00:00.000,South,1122,62031,55.3,0,0,252.5,115.2575,0.115275,Thu,0
2026-05-07 00:00:00.000,West,1198,66667,55.6,0,0,298.6,115.2575,0.115275,Thu,0
2026-05-07 01:00:00.000,East,808,44460,55,0,0,203.1,116.49,0.116475,Thu,1
2026-05-07 01:00:00.000,North,914,50464,55.2,0,0,233.8,116.49,0.116475,Thu,1
2026-05-07 01:00:00.000,South,1122,61473,54.8,0,0,228.1,116.49,0.116475,Thu,1
2026-05-07 01:00:00.000,West,1198,66374,55.4,0,0,338.9,116.49,0.116475,Thu,1
2026-05-07 02:00:00.000,East,808,44352,54.9,0,0,174.1,119.1375,0.11915,Thu,2
2026-05-07 02:00:00.000,North,914,50718,55.5,0,0,261.1,119.1375,0.11915,Thu,2
2026-05-07 02:00:00.000,South,1122,61498,54.8,0,0,316.7,119.1375,0.11915,Thu,2
2026-05-07 02:00:00.000,West,1198,65755,54.9,0,0,304.6,119.1375,0.11915,Thu,2
2026-05-07 03:00:00.000,East,808,44534,55.1,0,0,221.2,126.875,0.126875,Thu,3
2026-05-07 03:00:00.000,North,914,49983,54.7,0,0,253.1,126.875,0.126875,Thu,3
2026-05-07 03:00:00.000,South,1122,61511,54.8,0,0,279.2,126.875,0.126875,Thu,3
2026-05-07 03:00:00.000,West,1198,66577,55.6,0,0,279.4,126.875,0.126875,Thu,3
2026-05-07 04:00:00.000,East,808,18662,23.1,0,0,-2873,151,0.150975,Thu,4
2026-05-07 04:00:00.000,North,914,21689,23.7,0,0,-3213,151,0.150975,Thu,4
2026-05-07 04:00:00.000,South,1122,26210,23.4,0,0,-3916,151,0.150975,Thu,4
2026-05-07 04:00:00.000,West,1198,28162,23.5,0,0,-4169,151,0.150975,Thu,4
2026-05-07 05:00:00.000,East,808,19015,23.5,0,0,-2832,167.2925,0.1673,Thu,5
2026-05-07 05:00:00.000,North,914,21450,23.5,0,0,-3240,167.2925,0.1673,Thu,5
2026-05-07 05:00:00.000,South,1122,26118,23.3,0,0,-3839,167.2925,0.1673,Thu,5
2026-05-07 05:00:00.000,West,1198,28109,23.5,0,0,-4193,167.2925,0.1673,Thu,5
2026-05-07 06:00:00.000,East,808,19204,23.8,1495.48,1.85,-2842,155.5925,0.1556,Thu,6
2026-05-07 06:00:00.000,North,914,21639,23.7,1713.95,1.88,-3169,155.5925,0.1556,Thu,6
2026-05-07 06:00:00.000,South,1122,26080,23.2,2103.54,1.87,-3921,155.5925,0.1556,Thu,6
2026-05-07 06:00:00.000,West,1198,28129,23.5,2218.69,1.85,-4179,155.5925,0.1556,Thu,6
2026-05-07 07:00:00.000,East,808,18959,23.5,1781.31,2.2,-2802,136.41,0.136425,Thu,7
2026-05-07 07:00:00.000,North,914,21390,23.4,2024.41,2.21,-3184,136.41,0.136425,Thu,7
2026-05-07 07:00:00.000,South,1122,26610,23.7,2462.63,2.19,-3928,136.41,0.136425,Thu,7
2026-05-07 07:00:00.000,West,1198,28195,23.5,2621.56,2.19,-4131,136.41,0.136425,Thu,7
2026-05-07 08:00:00.000,East,808,44112,54.6,2029.98,2.51,208.2,120.1325,0.12015,Thu,8
2026-05-07 08:00:00.000,North,914,50514,55.3,2311.74,2.53,220.7,120.1325,0.12015,Thu,8
2026-05-07 08:00:00.000,South,1122,62065,55.3,2886.72,2.57,304.5,120.1325,0.12015,Thu,8
2026-05-07 08:00:00.000,West,1198,65912,55,3053.4,2.55,377.1,120.1325,0.12015,Thu,8
2026-05-07 09:00:00.000,East,808,44771,55.4,2304.09,2.85,225.6,113.525,0.113525,Thu,9
2026-05-07 09:00:00.000,North,914,49895,54.6,2623.76,2.87,249.1,113.525,0.113525,Thu,9
2026-05-07 09:00:00.000,South,1122,61968,55.2,3156.58,2.81,272.6,113.525,0.113525,Thu,9
2026-05-07 09:00:00.000,West,1198,65885,55,3467.43,2.89,244.7,113.525,0.113525,Thu,9
2026-05-07 10:00:00.000,East,808,44457,55,2669.09,3.3,167.4,103.9225,0.10395,Thu,10
2026-05-07 10:00:00.000,North,914,50631,55.4,2906.84,3.18,266.1,103.9225,0.10395,Thu,10
2026-05-07 10:00:00.000,South,1122,61811,55.1,3641.17,3.25,268.5,103.9225,0.10395,Thu,10
2026-05-07 10:00:00.000,West,1198,65823,54.9,3857.04,3.22,301.4,103.9225,0.10395,Thu,10
2026-05-07 11:00:00.000,East,808,44235,54.7,3014.25,3.73,216.6,101.915,0.101925,Thu,11
2026-05-07 11:00:00.000,North,914,50363,55.1,3250.99,3.56,239,101.915,0.101925,Thu,11
2026-05-07 11:00:00.000,South,1122,61666,55,3922.28,3.5,284.3,101.915,0.101925,Thu,11
2026-05-07 11:00:00.000,West,1198,66678,55.7,4282.46,3.57,343.6,101.915,0.101925,Thu,11
2026-05-07 12:00:00.000,East,808,44436,55,3074.05,3.8,210.9,101.73,0.10175,Thu,12
2026-05-07 12:00:00.000,North,914,49961,54.7,3527.86,3.86,246.3,101.73,0.10175,Thu,12
2026-05-07 12:00:00.000,South,1122,61980,55.2,4384.57,3.91,244.7,101.73,0.10175,Thu,12
2026-05-07 12:00:00.000,West,1198,65571,54.7,4679.79,3.91,288.3,101.73,0.10175,Thu,12
2026-05-07 13:00:00.000,East,808,44715,55.3,3360.8,4.16,182.2,107.445,0.10745,Thu,13
2026-05-07 13:00:00.000,North,914,50193,54.9,3947.9,4.32,251.7,107.445,0.10745,Thu,13
2026-05-07 13:00:00.000,South,1122,62187,55.4,4828.2,4.3,311.2,107.445,0.10745,Thu,13
2026-05-07 13:00:00.000,West,1198,65964,55.1,5014.2,4.19,249.9,107.445,0.10745,Thu,13
2026-05-07 14:00:00.000,East,808,44986,55.7,3131.24,3.88,237.3,117.9975,0.118,Thu,14
2026-05-07 14:00:00.000,North,914,50738,55.5,3531.08,3.86,252.4,117.9975,0.118,Thu,14
2026-05-07 14:00:00.000,South,1122,61596,54.9,4338.13,3.87,268.5,117.9975,0.118,Thu,14
2026-05-07 14:00:00.000,West,1198,65976,55.1,4557.7,3.8,300.7,117.9975,0.118,Thu,14
2026-05-07 15:00:00.000,East,808,19149,23.7,2818.27,3.49,-2794,132.56,0.132575,Thu,15
2026-05-07 15:00:00.000,North,914,21746,23.8,3180.24,3.48,-3241,132.56,0.132575,Thu,15
2026-05-07 15:00:00.000,South,1122,26480,23.6,4070.04,3.63,-3935,132.56,0.132575,Thu,15
2026-05-07 15:00:00.000,West,1198,28038,23.4,4355.56,3.64,-4147,132.56,0.132575,Thu,15
2026-05-07 16:00:00.000,East,808,19127,23.7,2607.73,3.23,-2834,148.705,0.1487,Thu,16
2026-05-07 16:00:00.000,North,914,21803,23.9,3100.99,3.39,-3207,148.705,0.1487,Thu,16
2026-05-07 16:00:00.000,South,1122,25791,23,3669.9,3.27,-3916,148.705,0.1487,Thu,16
2026-05-07 16:00:00.000,West,1198,28053,23.4,3858.45,3.22,-4202,148.705,0.1487,Thu,16
2026-05-07 17:00:00.000,East,808,19288,23.9,2360.84,2.92,-2882,185.655,0.185675,Thu,17
2026-05-07 17:00:00.000,North,914,21614,23.6,2667.2,2.92,-3215,185.655,0.185675,Thu,17
2026-05-07 17:00:00.000,South,1122,26043,23.2,3208.87,2.86,-3954,185.655,0.185675,Thu,17
2026-05-07 17:00:00.000,West,1198,28120,23.5,3450.19,2.88,-4306,185.655,0.185675,Thu,17
2026-05-07 18:00:00.000,East,808,18777,23.2,2046.96,2.53,-2795,221.4775,0.2215,Thu,18
2026-05-07 18:00:00.000,North,914,21548,23.6,2337.9,2.56,-3192,221.4775,0.2215,Thu,18
2026-05-07 18:00:00.000,South,1122,26102,23.3,2885.88,2.57,-3947,221.4775,0.2215,Thu,18
2026-05-07 18:00:00.000,West,1198,28146,23.5,3096.3,2.58,-4224,221.4775,0.2215,Thu,18
2026-05-07 19:00:00.000,East,808,18930,23.4,1790.27,2.22,-2863,182.715,0.1827,Thu,19
2026-05-07 19:00:00.000,North,914,21285,23.3,2018.03,2.21,-3193,182.715,0.1827,Thu,19
2026-05-07 19:00:00.000,South,1122,26476,23.6,2424.78,2.16,-3920,182.715,0.1827,Thu,19
2026-05-07 19:00:00.000,West,1198,27812,23.2,2663.91,2.22,-4179,182.715,0.1827,Thu,19
2026-05-07 20:00:00.000,East,808,18754,23.2,1532.91,1.9,-2803,154.435,0.15445,Thu,20
2026-05-07 20:00:00.000,North,914,21589,23.6,1704.57,1.86,-3185,154.435,0.15445,Thu,20
2026-05-07 20:00:00.000,South,1122,26753,23.8,2082.86,1.86,-3880,154.435,0.15445,Thu,20
2026-05-07 20:00:00.000,West,1198,27593,23,2234.8,1.87,-4149,154.435,0.15445,Thu,20
2026-05-07 21:00:00.000,East,808,19025,23.5,0,0,-2819,142.7575,0.142775,Thu,21
2026-05-07 21:00:00.000,North,914,21024,23,0,0,-3220,142.7575,0.142775,Thu,21
2026-05-07 21:00:00.000,South,1122,26650,23.8,0,0,-3868,142.7575,0.142775,Thu,21
2026-05-07 21:00:00.000,West,1198,28247,23.6,0,0,-4197,142.7575,0.142775,Thu,21
2026-05-07 22:00:00.000,East,808,44280,54.8,0,0,211.9,130.3425,0.130375,Thu,22
2026-05-07 22:00:00.000,North,914,49688,54.4,0,0,265.1,130.3425,0.130375,Thu,22
2026-05-07 22:00:00.000,South,1122,62126,55.4,0,0,322.2,130.3425,0.130375,Thu,22
2026-05-07 22:00:00.000,West,1198,66127,55.2,0,0,307,130.3425,0.130375,Thu,22
2026-05-07 23:00:00.000,East,808,44400,55,0,0,192.8,120.66,0.120675,Thu,23
2026-05-07 23:00:00.000,North,914,50657,55.4,0,0,284.3,120.66,0.120675,Thu,23
2026-05-07 23:00:00.000,South,1122,61639,54.9,0,0,286.7,120.66,0.120675,Thu,23
2026-05-07 23:00:00.000,West,1198,65875,55,0,0,294,120.66,0.120675,Thu,23
2026-05-08 00:00:00.000,East,808,44096,54.6,0,0,197.5,118.215,0.118225,Fri,0
2026-05-08 00:00:00.000,North,914,50311,55,0,0,265.1,118.215,0.118225,Fri,0
2026-05-08 00:00:00.000,South,1122,61764,55,0,0,275.7,118.215,0.118225,Fri,0
2026-05-08 00:00:00.000,West,1198,65633,54.8,0,0,286.7,118.215,0.118225,Fri,0
2026-05-08 01:00:00.000,East,808,44239,54.8,0,0,231.3,116.9775,0.116975,Fri,1
2026-05-08 01:00:00.000,North,914,50457,55.2,0,0,177.9,116.9775,0.116975,Fri,1
2026-05-08 01:00:00.000,South,1122,62179,55.4,0,0,138.2,116.9775,0.116975,Fri,1
2026-05-08 01:00:00.000,West,1198,65952,55.1,0,0,312.7,116.9775,0.116975,Fri,1
2026-05-08 02:00:00.000,East,808,44456,55,0,0,187.8,118.565,0.11855,Fri,2
2026-05-08 02:00:00.000,North,914,49753,54.4,0,0,210,118.565,0.11855,Fri,2
2026-05-08 02:00:00.000,South,1122,62054,55.3,0,0,264.4,118.565,0.11855,Fri,2
2026-05-08 02:00:00.000,West,1198,65770,54.9,0,0,325.8,118.565,0.11855,Fri,2
2026-05-08 03:00:00.000,East,808,44272,54.8,0,0,199.3,126.185,0.126175,Fri,3
2026-05-08 03:00:00.000,North,914,50702,55.5,0,0,197.9,126.185,0.126175,Fri,3
2026-05-08 03:00:00.000,South,1122,61467,54.8,0,0,244.6,126.185,0.126175,Fri,3
2026-05-08 03:00:00.000,West,1198,66129,55.2,0,0,229.8,126.185,0.126175,Fri,3
2026-05-08 04:00:00.000,East,808,19016,23.5,0,0,-2805,143.6,0.1436,Fri,4
2026-05-08 04:00:00.000,North,914,21443,23.5,0,0,-3138,143.6,0.1436,Fri,4
2026-05-08 04:00:00.000,South,1122,26559,23.7,0,0,-3890,143.6,0.1436,Fri,4
2026-05-08 04:00:00.000,West,1198,28256,23.6,0,0,-4227,143.6,0.1436,Fri,4
2026-05-08 05:00:00.000,East,808,19212,23.8,0,0,-2822,147.0275,0.14705,Fri,5
2026-05-08 05:00:00.000,North,914,21581,23.6,0,0,-3230,147.0275,0.14705,Fri,5
2026-05-08 05:00:00.000,South,1122,26330,23.5,0,0,-3927,147.0275,0.14705,Fri,5
2026-05-08 05:00:00.000,West,1198,28324,23.6,0,0,-4204,147.0275,0.14705,Fri,5
2026-05-08 06:00:00.000,East,808,18728,23.2,1463.05,1.81,-2773,137.4,0.1374,Fri,6
2026-05-08 06:00:00.000,North,914,21903,24,1738.14,1.9,-3267,137.4,0.1374,Fri,6
2026-05-08 06:00:00.000,South,1122,26404,23.5,2099.8,1.87,-3903,137.4,0.1374,Fri,6
2026-05-08 06:00:00.000,West,1198,27890,23.3,2190.2,1.83,-4260,137.4,0.1374,Fri,6
2026-05-08 07:00:00.000,East,808,44253,54.8,1815.53,2.25,201.3,115.2475,0.115225,Fri,7
2026-05-08 07:00:00.000,North,914,49909,54.6,2000.35,2.19,187.5,115.2475,0.115225,Fri,7
2026-05-08 07:00:00.000,South,1122,61761,55,2480.71,2.21,250.8,115.2475,0.115225,Fri,7
2026-05-08 07:00:00.000,West,1198,65631,54.8,2679.02,2.24,378.7,115.2475,0.115225,Fri,7
2026-05-08 08:00:00.000,East,808,44471,55,2077.5,2.57,169.2,97.7475,0.09775,Fri,8
2026-05-08 08:00:00.000,North,914,50406,55.1,2305.26,2.52,255,97.7475,0.09775,Fri,8
2026-05-08 08:00:00.000,South,1122,62315,55.5,2795.82,2.49,237.1,97.7475,0.09775,Fri,8
2026-05-08 08:00:00.000,West,1198,65891,55,3004.8,2.51,284.7,97.7475,0.09775,Fri,8
2026-05-08 09:00:00.000,East,808,44272,54.8,2297.83,2.84,148.2,75.81,0.075825,Fri,9
2026-05-08 09:00:00.000,North,914,50273,55,2651.62,2.9,225.1,75.81,0.075825,Fri,9
2026-05-08 09:00:00.000,South,1122,61238,54.6,3168.97,2.82,208.5,75.81,0.075825,Fri,9
2026-05-08 09:00:00.000,West,1198,66088,55.2,3486.31,2.91,315.7,75.81,0.075825,Fri,9
2026-05-08 10:00:00.000,East,808,65305,80.8,2595.23,3.21,2647.4,65.37,0.065375,Fri,10
2026-05-08 10:00:00.000,North,914,73884,80.8,2912.91,3.19,2962.5,65.37,0.065375,Fri,10
2026-05-08 10:00:00.000,South,1122,90739,80.9,3656.86,3.26,3654.8,65.37,0.065375,Fri,10
2026-05-08 10:00:00.000,West,1198,97060,81,3913.46,3.27,3855,65.37,0.065375,Fri,10
2026-05-08 11:00:00.000,East,808,65169,80.7,2913.77,3.61,2630.5,58.7075,0.058725,Fri,11
2026-05-08 11:00:00.000,North,914,73625,80.6,3216.48,3.52,2999.4,58.7075,0.058725,Fri,11
2026-05-08 11:00:00.000,South,1122,91018,81.1,3977.37,3.54,3638.9,58.7075,0.058725,Fri,11
2026-05-08 11:00:00.000,West,1198,96907,80.9,4264.84,3.56,3919.8,58.7075,0.058725,Fri,11
2026-05-08 12:00:00.000,East,808,65524,81.1,3141,3.89,2604.2,64.34,0.06435,Fri,12
2026-05-08 12:00:00.000,North,914,73881,80.8,3489.92,3.82,2962.5,64.34,0.06435,Fri,12
2026-05-08 12:00:00.000,South,1122,90957,81.1,4297.3,3.83,3676.9,64.34,0.06435,Fri,12
2026-05-08 12:00:00.000,West,1198,96723,80.7,4736.23,3.95,3932.8,64.34,0.06435,Fri,12
2026-05-08 13:00:00.000,East,808,43986,54.4,3373.2,4.17,249.4,81.8925,0.081875,Fri,13
2026-05-08 13:00:00.000,North,914,50241,55,3921.4,4.29,246.1,81.8925,0.081875,Fri,13
2026-05-08 13:00:00.000,South,1122,61478,54.8,4641,4.14,205.2,81.8925,0.081875,Fri,13
2026-05-08 13:00:00.000,West,1198,65840,55,5079.2,4.24,314.9,81.8925,0.081875,Fri,13
2026-05-08 14:00:00.000,East,808,44245,54.8,3166.66,3.92,202.4,94.0625,0.094075,Fri,14
2026-05-08 14:00:00.000,North,914,50203,54.9,3529.57,3.86,219.5,94.0625,0.094075,Fri,14
2026-05-08 14:00:00.000,South,1122,61958,55.2,4383.21,3.91,217.5,94.0625,0.094075,Fri,14
2026-05-08 14:00:00.000,West,1198,66253,55.3,4761.23,3.97,350.3,94.0625,0.094075,Fri,14
2026-05-08 15:00:00.000,East,808,44462,55,2817.62,3.49,215.4,109.5,0.1095,Fri,15
2026-05-08 15:00:00.000,North,914,50284,55,3366.34,3.68,232.6,109.5,0.1095,Fri,15
2026-05-08 15:00:00.000,South,1122,61637,54.9,4089.59,3.64,298.8,109.5,0.1095,Fri,15
2026-05-08 15:00:00.000,West,1198,65459,54.6,4293.97,3.58,256.5,109.5,0.1095,Fri,15
2026-05-08 16:00:00.000,East,808,44358,54.9,2534.63,3.14,154.9,127.815,0.127825,Fri,16
2026-05-08 16:00:00.000,North,914,50271,55,3004.43,3.29,206.4,127.815,0.127825,Fri,16
2026-05-08 16:00:00.000,South,1122,62025,55.3,3692.8,3.29,320.4,127.815,0.127825,Fri,16
2026-05-08 16:00:00.000,West,1198,66024,55.1,3823.13,3.19,299.4,127.815,0.127825,Fri,16
2026-05-08 17:00:00.000,East,808,19242,23.8,2260.41,2.8,-2807,143.5425,0.143525,Fri,17
2026-05-08 17:00:00.000,North,914,21387,23.4,2715.5,2.97,-3196,143.5425,0.143525,Fri,17
2026-05-08 17:00:00.000,South,1122,26696,23.8,3332.28,2.97,-3907,143.5425,0.143525,Fri,17
2026-05-08 17:00:00.000,West,1198,28214,23.6,3435.49,2.87,-4183,143.5425,0.143525,Fri,17
2026-05-08 18:00:00.000,East,808,18815,23.3,2122.26,2.63,-2800,152.9775,0.152975,Fri,18
2026-05-08 18:00:00.000,North,914,21496,23.5,2353.8,2.58,-3228,152.9775,0.152975,Fri,18
2026-05-08 18:00:00.000,South,1122,26099,23.3,2925.18,2.61,-3937,152.9775,0.152975,Fri,18
2026-05-08 18:00:00.000,West,1198,28175,23.5,3103.32,2.59,-4192,152.9775,0.152975,Fri,18
2026-05-08 19:00:00.000,East,808,18722,23.2,1713.77,2.12,-2789,138.9,0.1389,Fri,19
2026-05-08 19:00:00.000,North,914,21399,23.4,1959.41,2.14,-3169,138.9,0.1389,Fri,19
2026-05-08 19:00:00.000,South,1122,26228,23.4,2477.47,2.21,-3890,138.9,0.1389,Fri,19
2026-05-08 19:00:00.000,West,1198,28394,23.7,2670.09,2.23,-4232,138.9,0.1389,Fri,19
2026-05-08 20:00:00.000,East,808,44535,55.1,1564.6,1.94,204.3,127.5025,0.1275,Fri,20
2026-05-08 20:00:00.000,North,914,50679,55.4,1702.95,1.86,242.2,127.5025,0.1275,Fri,20
2026-05-08 20:00:00.000,South,1122,61440,54.8,2165.12,1.93,294,127.5025,0.1275,Fri,20
2026-05-08 20:00:00.000,West,1198,66378,55.4,2231.62,1.86,306.1,127.5025,0.1275,Fri,20
2026-05-08 21:00:00.000,East,808,44299,54.8,0,0,212.4,119.14,0.119175,Fri,21
2026-05-08 21:00:00.000,North,914,50211,54.9,0,0,200.2,119.14,0.119175,Fri,21
2026-05-08 21:00:00.000,South,1122,61701,55,0,0,331.1,119.14,0.119175,Fri,21
2026-05-08 21:00:00.000,West,1198,66155,55.2,0,0,398.5,119.14,0.119175,Fri,21
2026-05-08 22:00:00.000,East,808,44515,55.1,0,0,237.5,127.6925,0.1277,Fri,22
2026-05-08 22:00:00.000,North,914,50426,55.2,0,0,227.6,127.6925,0.1277,Fri,22
2026-05-08 22:00:00.000,South,1122,61998,55.3,0,0,224.4,127.6925,0.1277,Fri,22
2026-05-08 22:00:00.000,West,1198,65542,54.7,0,0,276.6,127.6925,0.1277,Fri,22
2026-05-08 23:00:00.000,East,808,44808,55.5,0,0,229.1,123.4075,0.1234,Fri,23
2026-05-08 23:00:00.000,North,914,50698,55.5,0,0,210.6,123.4075,0.1234,Fri,23
2026-05-08 23:00:00.000,South,1122,61560,54.9,0,0,272,123.4075,0.1234,Fri,23
2026-05-08 23:00:00.000,West,1198,66246,55.3,0,0,324.7,123.4075,0.1234,Fri,23
2026-05-09 00:00:00.000,East,808,44169,54.7,0,0,190,123.48,0.123475,Sat,0
2026-05-09 00:00:00.000,North,914,49986,54.7,0,0,220.4,123.48,0.123475,Sat,0
2026-05-09 00:00:00.000,South,1122,61760,55,0,0,269.4,123.48,0.123475,Sat,0
2026-05-09 00:00:00.000,West,1198,66170,55.2,0,0,293,123.48,0.123475,Sat,0
2026-05-09 01:00:00.000,East,808,44205,54.7,0,0,226,124.3525,0.12435,Sat,1
2026-05-09 01:00:00.000,North,914,50180,54.9,0,0,204.1,124.3525,0.12435,Sat,1
2026-05-09 01:00:00.000,South,1122,61759,55,0,0,270,124.3525,0.12435,Sat,1
2026-05-09 01:00:00.000,West,1198,65821,54.9,0,0,324.1,124.3525,0.12435,Sat,1
2026-05-09 02:00:00.000,East,808,44296,54.8,0,0,251.5,125.7375,0.12575,Sat,2
2026-05-09 02:00:00.000,North,914,50241,55,0,0,213.9,125.7375,0.12575,Sat,2
2026-05-09 02:00:00.000,South,1122,62049,55.3,0,0,299.6,125.7375,0.12575,Sat,2
2026-05-09 02:00:00.000,West,1198,65921,55,0,0,286.1,125.7375,0.12575,Sat,2
2026-05-09 03:00:00.000,East,808,44519,55.1,0,0,166,126.4525,0.12645,Sat,3
2026-05-09 03:00:00.000,North,914,50452,55.2,0,0,209.7,126.4525,0.12645,Sat,3
2026-05-09 03:00:00.000,South,1122,61564,54.9,0,0,328.6,126.4525,0.12645,Sat,3
2026-05-09 03:00:00.000,West,1198,65652,54.8,0,0,328.2,126.4525,0.12645,Sat,3
2026-05-09 04:00:00.000,East,808,44482,55.1,0,0,192.8,127.5225,0.12755,Sat,4
2026-05-09 04:00:00.000,North,914,50302,55,0,0,196.8,127.5225,0.12755,Sat,4
2026-05-09 04:00:00.000,South,1122,61772,55.1,0,0,262.9,127.5225,0.12755,Sat,4
2026-05-09 04:00:00.000,West,1198,65668,54.8,0,0,280.4,127.5225,0.12755,Sat,4
2026-05-09 05:00:00.000,East,808,44558,55.1,0,0,182.1,118.67,0.118675,Sat,5
2026-05-09 05:00:00.000,North,914,50597,55.4,0,0,244.5,118.67,0.118675,Sat,5
2026-05-09 05:00:00.000,South,1122,61317,54.6,0,0,296.3,118.67,0.118675,Sat,5
2026-05-09 05:00:00.000,West,1198,65714,54.9,0,0,309.4,118.67,0.118675,Sat,5
2026-05-09 06:00:00.000,East,808,44811,55.5,1507.13,1.87,253.9,107.6725,0.1077,Sat,6
2026-05-09 06:00:00.000,North,914,50282,55,1718.3,1.88,255.9,107.6725,0.1077,Sat,6
2026-05-09 06:00:00.000,South,1122,61805,55.1,2174.66,1.94,292.9,107.6725,0.1077,Sat,6
2026-05-09 06:00:00.000,West,1198,66402,55.4,2179.15,1.82,290,107.6725,0.1077,Sat,6
2026-05-09 07:00:00.000,East,808,65292,80.8,1798.8,2.23,2628.2,68.3075,0.068325,Sat,7
2026-05-09 07:00:00.000,North,914,73936,80.9,1991.93,2.18,2961.5,68.3075,0.068325,Sat,7
2026-05-09 07:00:00.000,South,1122,91191,81.3,2502.93,2.23,3644.9,68.3075,0.068325,Sat,7
2026-05-09 07:00:00.000,West,1198,97161,81.1,2653.25,2.21,3872.2,68.3075,0.068325,Sat,7
2026-05-09 08:00:00.000,East,808,65098,80.6,2011.74,2.49,2607.4,9.9275,0.009925,Sat,8
2026-05-09 08:00:00.000,North,914,74053,81,2338.02,2.56,2951.2,9.9275,0.009925,Sat,8
2026-05-09 08:00:00.000,South,1122,90626,80.8,2865.9,2.55,3623.4,9.9275,0.009925,Sat,8
2026-05-09 08:00:00.000,West,1198,97241,81.2,3038.94,2.54,3894.7,9.9275,0.009925,Sat,8
2026-05-09 09:00:00.000,East,808,72695,90,2361.43,2.92,3439.7,-0.015,0,Sat,9
2026-05-09 09:00:00.000,North,914,82170,89.9,2626.03,2.87,3880.5,-0.015,0,Sat,9
2026-05-09 09:00:00.000,South,1122,101049,90.1,3206.49,2.86,4765.1,-0.015,0,Sat,9
2026-05-09 09:00:00.000,West,1198,107745,89.9,3382.44,2.82,5083.5,-0.015,0,Sat,9
2026-05-09 10:00:00.000,East,808,72761,90.1,2631.91,3.26,3428.7,-0.0625,-5e-05,Sat,10
2026-05-09 10:00:00.000,North,914,82191,89.9,2941.24,3.22,3898.3,-0.0625,-5e-05,Sat,10
2026-05-09 10:00:00.000,South,1122,101002,90,3652.38,3.26,4770.8,-0.0625,-5e-05,Sat,10
2026-05-09 10:00:00.000,West,1198,107784,90,3884.34,3.24,5102.5,-0.0625,-5e-05,Sat,10
2026-05-09 11:00:00.000,East,808,72700,90,2906.57,3.6,3436.8,-0.09,-0.0001,Sat,11
2026-05-09 11:00:00.000,North,914,82301,90,3211.65,3.51,3896.8,-0.09,-0.0001,Sat,11
2026-05-09 11:00:00.000,South,1122,100833,89.9,4057.53,3.62,4763.3,-0.09,-0.0001,Sat,11
2026-05-09 11:00:00.000,West,1198,107775,90,4240.68,3.54,5106.3,-0.09,-0.0001,Sat,11
2026-05-09 12:00:00.000,East,808,72742,90,3158.36,3.91,3441.5,-0.0125,0,Sat,12
2026-05-09 12:00:00.000,North,914,82386,90.1,3462.63,3.79,3873.2,-0.0125,0,Sat,12
2026-05-09 12:00:00.000,South,1122,100751,89.8,4361.39,3.89,4769.9,-0.0125,0,Sat,12
2026-05-09 12:00:00.000,West,1198,107784,90,4583.34,3.83,5086.5,-0.0125,0,Sat,12
2026-05-09 13:00:00.000,East,808,65394,80.9,3373.6,4.18,2648.3,0.0025,0,Sat,13
2026-05-09 13:00:00.000,North,914,73703,80.6,3924.4,4.29,3000.7,0.0025,0,Sat,13
2026-05-09 13:00:00.000,South,1122,90647,80.8,4713.6,4.2,3716.2,0.0025,0,Sat,13
2026-05-09 13:00:00.000,West,1198,97259,81.2,5185.8,4.33,3917,0.0025,0,Sat,13
2026-05-09 14:00:00.000,East,808,65501,81.1,3131.76,3.88,2627.3,27.715,0.027725,Sat,14
2026-05-09 14:00:00.000,North,914,73868,80.8,3538.76,3.87,2977.6,27.715,0.027725,Sat,14
2026-05-09 14:00:00.000,South,1122,90853,81,4343.12,3.87,3615,27.715,0.027725,Sat,14
2026-05-09 14:00:00.000,West,1198,97285,81.2,4727.47,3.95,3852.3,27.715,0.027725,Sat,14
2026-05-09 15:00:00.000,East,808,44064,54.5,2914.81,3.61,231.2,93.69,0.093675,Sat,15
2026-05-09 15:00:00.000,North,914,50161,54.9,3213.32,3.52,209.8,93.69,0.093675,Sat,15
2026-05-09 15:00:00.000,South,1122,61976,55.2,3941.54,3.51,316.5,93.69,0.093675,Sat,15
2026-05-09 15:00:00.000,West,1198,65696,54.8,4331.1,3.62,257.6,93.69,0.093675,Sat,15
2026-05-09 16:00:00.000,East,808,44589,55.2,2646.33,3.28,239.6,123.19,0.1232,Sat,16
2026-05-09 16:00:00.000,North,914,50098,54.8,2889.64,3.16,227.8,123.19,0.1232,Sat,16
2026-05-09 16:00:00.000,South,1122,61681,55,3583.28,3.19,257,123.19,0.1232,Sat,16
2026-05-09 16:00:00.000,West,1198,65641,54.8,3891.1,3.25,267.3,123.19,0.1232,Sat,16
2026-05-09 17:00:00.000,East,808,18702,23.1,2315.32,2.87,-2793,138.5075,0.1385,Sat,17
2026-05-09 17:00:00.000,North,914,21262,23.3,2665.4,2.92,-3192,138.5075,0.1385,Sat,17
2026-05-09 17:00:00.000,South,1122,26580,23.7,3228.81,2.88,-3929,138.5075,0.1385,Sat,17
2026-05-09 17:00:00.000,West,1198,27966,23.3,3390.52,2.83,-4240,138.5075,0.1385,Sat,17
2026-05-09 18:00:00.000,East,808,18883,23.4,2084.1,2.58,-2784,146.965,0.14695,Sat,18
2026-05-09 18:00:00.000,North,914,21422,23.4,2347.8,2.57,-3187,146.965,0.14695,Sat,18
2026-05-09 18:00:00.000,South,1122,26162,23.3,2826.3,2.52,-3891,146.965,0.14695,Sat,18
2026-05-09 18:00:00.000,West,1198,28151,23.5,3031.08,2.53,-4243,146.965,0.14695,Sat,18
2026-05-09 19:00:00.000,East,808,18752,23.2,1785.12,2.21,-2759,143.485,0.143475,Sat,19
2026-05-09 19:00:00.000,North,914,21353,23.4,2070.01,2.26,-3205,143.485,0.143475,Sat,19
2026-05-09 19:00:00.000,South,1122,25927,23.1,2433.35,2.17,-4002,143.485,0.143475,Sat,19
2026-05-09 19:00:00.000,West,1198,28379,23.7,2660.3,2.22,-4262,143.485,0.143475,Sat,19
2026-05-09 20:00:00.000,East,808,18908,23.4,1507.37,1.87,-2816,136.3,0.136325,Sat,20
2026-05-09 20:00:00.000,North,914,21357,23.4,1742.64,1.91,-3160,136.3,0.136325,Sat,20
2026-05-09 20:00:00.000,South,1122,25950,23.1,2079.54,1.85,-3954,136.3,0.136325,Sat,20
2026-05-09 20:00:00.000,West,1198,27953,23.3,2187.14,1.83,-4226,136.3,0.136325,Sat,20
2026-05-09 21:00:00.000,East,808,44257,54.8,0,0,250.3,127.0875,0.1271,Sat,21
2026-05-09 21:00:00.000,North,914,50299,55,0,0,235.3,127.0875,0.1271,Sat,21
2026-05-09 21:00:00.000,South,1122,61904,55.2,0,0,262.3,127.0875,0.1271,Sat,21
2026-05-09 21:00:00.000,West,1198,66011,55.1,0,0,343.6,127.0875,0.1271,Sat,21
2026-05-09 22:00:00.000,East,808,44176,54.7,0,0,211.3,128.0925,0.1281,Sat,22
2026-05-09 22:00:00.000,North,914,50258,55,0,0,211.7,128.0925,0.1281,Sat,22
2026-05-09 22:00:00.000,South,1122,61266,54.6,0,0,282.2,128.0925,0.1281,Sat,22
2026-05-09 22:00:00.000,West,1198,66054,55.1,0,0,283.3,128.0925,0.1281,Sat,22
2026-05-09 23:00:00.000,East,808,44440,55,0,0,191.3,125.4475,0.125475,Sat,23
2026-05-09 23:00:00.000,North,914,50530,55.3,0,0,238.9,125.4475,0.125475,Sat,23
2026-05-09 23:00:00.000,South,1122,61921,55.2,0,0,257.3,125.4475,0.125475,Sat,23
2026-05-09 23:00:00.000,West,1198,65437,54.6,0,0,290.7,125.4475,0.125475,Sat,23
2026-05-10 00:00:00.000,East,808,44546,55.1,0,0,224,125.4325,0.12545,Sun,0
2026-05-10 00:00:00.000,North,914,49803,54.5,0,0,211.1,125.4325,0.12545,Sun,0
2026-05-10 00:00:00.000,South,1122,61810,55.1,0,0,306.2,125.4325,0.12545,Sun,0
2026-05-10 00:00:00.000,West,1198,65864,55,0,0,276.5,125.4325,0.12545,Sun,0
2026-05-10 01:00:00.000,East,808,44729,55.4,0,0,261.3,123.4825,0.123475,Sun,1
2026-05-10 01:00:00.000,North,914,50078,54.8,0,0,269.1,123.4825,0.123475,Sun,1
2026-05-10 01:00:00.000,South,1122,61264,54.6,0,0,272.2,123.4825,0.123475,Sun,1
2026-05-10 01:00:00.000,West,1198,65568,54.7,0,0,274.2,123.4825,0.123475,Sun,1
2026-05-10 02:00:00.000,East,808,44696,55.3,0,0,233.6,124.1975,0.1242,Sun,2
2026-05-10 02:00:00.000,North,914,50774,55.6,0,0,204.4,124.1975,0.1242,Sun,2
2026-05-10 02:00:00.000,South,1122,61962,55.2,0,0,274.4,124.1975,0.1242,Sun,2
2026-05-10 02:00:00.000,West,1198,65789,54.9,0,0,342,124.1975,0.1242,Sun,2
2026-05-10 03:00:00.000,East,808,44436,55,0,0,262.9,123.94,0.123925,Sun,3
2026-05-10 03:00:00.000,North,914,50101,54.8,0,0,190,123.94,0.123925,Sun,3
2026-05-10 03:00:00.000,South,1122,61812,55.1,0,0,327.3,123.94,0.123925,Sun,3
2026-05-10 03:00:00.000,West,1198,65763,54.9,0,0,293.8,123.94,0.123925,Sun,3
2026-05-10 04:00:00.000,East,808,44519,55.1,0,0,192,115.14,0.11515,Sun,4
2026-05-10 04:00:00.000,North,914,49938,54.6,0,0,198.8,115.14,0.11515,Sun,4
2026-05-10 04:00:00.000,South,1122,61834,55.1,0,0,251.2,115.14,0.11515,Sun,4
2026-05-10 04:00:00.000,West,1198,66376,55.4,0,0,324.6,115.14,0.11515,Sun,4
2026-05-10 05:00:00.000,East,808,44264,54.8,0,0,234.7,101.1675,0.101175,Sun,5
2026-05-10 05:00:00.000,North,914,50222,54.9,0,0,250.3,101.1675,0.101175,Sun,5
2026-05-10 05:00:00.000,South,1122,62604,55.8,0,0,233.1,101.1675,0.101175,Sun,5
2026-05-10 05:00:00.000,West,1198,65868,55,0,0,254.6,101.1675,0.101175,Sun,5
2026-05-10 06:00:00.000,East,808,44371,54.9,1552.62,1.92,240.7,70.835,0.07085,Sun,6
2026-05-10 06:00:00.000,North,914,50467,55.2,1672.23,1.83,213.8,70.835,0.07085,Sun,6
2026-05-10 06:00:00.000,South,1122,61537,54.8,2086.03,1.86,235.8,70.835,0.07085,Sun,6
2026-05-10 06:00:00.000,West,1198,66240,55.3,2222.97,1.86,277.3,70.835,0.07085,Sun,6
2026-05-10 07:00:00.000,East,808,65587,81.2,1782.2,2.21,2631.6,11.18,0.0112,Sun,7
2026-05-10 07:00:00.000,North,914,74064,81,2015.59,2.21,2944.9,11.18,0.0112,Sun,7
2026-05-10 07:00:00.000,South,1122,91125,81.2,2482.88,2.21,3603.9,11.18,0.0112,Sun,7
2026-05-10 07:00:00.000,West,1198,97473,81.4,2645.96,2.21,3862,11.18,0.0112,Sun,7
2026-05-10 08:00:00.000,East,808,65423,81,2054.28,2.54,2611,0.0025,0,Sun,8
2026-05-10 08:00:00.000,North,914,73893,80.8,2379,2.6,2992.3,0.0025,0,Sun,8
2026-05-10 08:00:00.000,South,1122,90965,81.1,2907.54,2.59,3611,0.0025,0,Sun,8
2026-05-10 08:00:00.000,West,1198,96849,80.8,3103.68,2.59,3874.8,0.0025,0,Sun,8
2026-05-10 09:00:00.000,East,808,72600,89.9,2223.77,2.75,3456.4,-0.67,-0.0007,Sun,9
2026-05-10 09:00:00.000,North,914,82224,90,2570.84,2.81,3887.3,-0.67,-0.0007,Sun,9
2026-05-10 09:00:00.000,South,1122,101057,90.1,3243,2.89,4760.6,-0.67,-0.0007,Sun,9
2026-05-10 09:00:00.000,West,1198,107848,90,3453.98,2.88,5080.7,-0.67,-0.0007,Sun,9
2026-05-10 10:00:00.000,East,808,72863,90.2,2610.61,3.23,3425.9,-1.88,-0.001875,Sun,10
2026-05-10 10:00:00.000,North,914,82231,90,2972.04,3.25,3862.6,-1.88,-0.001875,Sun,10
2026-05-10 10:00:00.000,South,1122,101108,90.1,3634.11,3.24,4768.8,-1.88,-0.001875,Sun,10
2026-05-10 10:00:00.000,West,1198,107623,89.8,3821.01,3.19,5094.1,-1.88,-0.001875,Sun,10
2026-05-10 11:00:00.000,East,808,72757,90,2888.29,3.57,3453.5,-2.165,-0.00215,Sun,11
2026-05-10 11:00:00.000,North,914,82231,90,3230.15,3.53,3881.5,-2.165,-0.00215,Sun,11
2026-05-10 11:00:00.000,South,1122,100787,89.8,4046.12,3.61,4768.1,-2.165,-0.00215,Sun,11
2026-05-10 11:00:00.000,West,1198,107781,90,4231.17,3.53,5118.5,-2.165,-0.00215,Sun,11
2026-05-10 12:00:00.000,East,808,72660,89.9,3156.86,3.91,3432.9,-1.4,-0.0014,Sun,12
2026-05-10 12:00:00.000,North,914,82187,89.9,3600.67,3.94,3900.2,-1.4,-0.0014,Sun,12
2026-05-10 12:00:00.000,South,1122,100874,89.9,4334.58,3.86,4745.7,-1.4,-0.0014,Sun,12
2026-05-10 12:00:00.000,West,1198,107739,89.9,4593.4,3.83,5064.1,-1.4,-0.0014,Sun,12
2026-05-10 13:00:00.000,East,808,72792,90.1,3434.7,4.25,3421.8,-0.255,-0.00025,Sun,13
2026-05-10 13:00:00.000,North,914,82271,90,3834.4,4.2,3893.5,-0.255,-0.00025,Sun,13
2026-05-10 13:00:00.000,South,1122,101005,90,4821.7,4.3,4764.8,-0.255,-0.00025,Sun,13
2026-05-10 13:00:00.000,West,1198,107754,89.9,5212.9,4.35,5083.5,-0.255,-0.00025,Sun,13
2026-05-10 14:00:00.000,East,808,65281,80.8,3163.7,3.92,2598.5,1.8825,0.001875,Sun,14
2026-05-10 14:00:00.000,North,914,74078,81,3484.53,3.81,2953.2,1.8825,0.001875,Sun,14
2026-05-10 14:00:00.000,South,1122,90967,81.1,4456.81,3.97,3627.2,1.8825,0.001875,Sun,14
2026-05-10 14:00:00.000,West,1198,97353,81.3,4599.12,3.84,3869.1,1.8825,0.001875,Sun,14
2026-05-10 15:00:00.000,East,808,44261,54.8,2995.05,3.71,201.2,71.005,0.071,Sun,15
2026-05-10 15:00:00.000,North,914,50511,55.3,3183.12,3.48,233.1,71.005,0.071,Sun,15
2026-05-10 15:00:00.000,South,1122,61830,55.1,4044.02,3.6,315,71.005,0.071,Sun,15
2026-05-10 15:00:00.000,West,1198,65601,54.8,4228.58,3.53,282.5,71.005,0.071,Sun,15
2026-05-10 16:00:00.000,East,808,44997,55.7,2577.72,3.19,237.1,110.9425,0.11095,Sun,16
2026-05-10 16:00:00.000,North,914,50336,55.1,2997.21,3.28,213.7,110.9425,0.11095,Sun,16
2026-05-10 16:00:00.000,South,1122,61569,54.9,3552.04,3.17,330.4,110.9425,0.11095,Sun,16
2026-05-10 16:00:00.000,West,1198,65836,55,3894.64,3.25,304.2,110.9425,0.11095,Sun,16
2026-05-10 17:00:00.000,East,808,45189,55.9,2372.33,2.94,193.3,122,0.122,Sun,17
2026-05-10 17:00:00.000,North,914,50137,54.9,2685.1,2.94,211.2,122,0.122,Sun,17
2026-05-10 17:00:00.000,South,1122,61004,54.4,3250.15,2.9,231.9,122,0.122,Sun,17
2026-05-10 17:00:00.000,West,1198,66092,55.2,3387.4,2.83,267.2,122,0.122,Sun,17
2026-05-10 18:00:00.000,East,808,44883,55.5,2118.96,2.62,175.1,129.3175,0.1293,Sun,18
2026-05-10 18:00:00.000,North,914,50144,54.9,2408.46,2.64,240.5,129.3175,0.1293,Sun,18
2026-05-10 18:00:00.000,South,1122,61516,54.8,2880.6,2.57,339.5,129.3175,0.1293,Sun,18
2026-05-10 18:00:00.000,West,1198,66142,55.2,3092.88,2.58,276.7,129.3175,0.1293,Sun,18
2026-05-10 19:00:00.000,East,808,44805,55.5,1777.41,2.2,162.9,128.515,0.1285,Sun,19
2026-05-10 19:00:00.000,North,914,50363,55.1,1961.23,2.15,202.4,128.515,0.1285,Sun,19
2026-05-10 19:00:00.000,South,1122,61714,55,2478.99,2.21,324.7,128.515,0.1285,Sun,19
2026-05-10 19:00:00.000,West,1198,66193,55.3,2573.24,2.15,294.2,128.515,0.1285,Sun,19
2026-05-10 20:00:00.000,East,808,44095,54.6,1541.82,1.91,262.9,124.14,0.124125,Sun,20
2026-05-10 20:00:00.000,North,914,50374,55.1,1663.53,1.82,183.4,124.14,0.124125,Sun,20
2026-05-10 20:00:00.000,South,1122,61973,55.2,2078.06,1.85,303,124.14,0.124125,Sun,20
2026-05-10 20:00:00.000,West,1198,65964,55.1,2258.03,1.88,305.9,124.14,0.124125,Sun,20
2026-05-10 21:00:00.000,East,808,44314,54.8,0,0,179.4,119.8375,0.11985,Sun,21
2026-05-10 21:00:00.000,North,914,49988,54.7,0,0,234.7,119.8375,0.11985,Sun,21
2026-05-10 21:00:00.000,South,1122,61797,55.1,0,0,324.5,119.8375,0.11985,Sun,21
2026-05-10 21:00:00.000,West,1198,66097,55.2,0,0,267.9,119.8375,0.11985,Sun,21
2026-05-10 22:00:00.000,East,808,44388,54.9,0,0,184.1,118.785,0.1188,Sun,22
2026-05-10 22:00:00.000,North,914,49997,54.7,0,0,206,118.785,0.1188,Sun,22
2026-05-10 22:00:00.000,South,1122,61831,55.1,0,0,249.5,118.785,0.1188,Sun,22
2026-05-10 22:00:00.000,West,1198,65846,55,0,0,313.4,118.785,0.1188,Sun,22
2026-05-10 23:00:00.000,East,808,44566,55.2,0,0,158.9,112.335,0.11235,Sun,23
2026-05-10 23:00:00.000,North,914,50349,55.1,0,0,232.4,112.335,0.11235,Sun,23
2026-05-10 23:00:00.000,South,1122,61828,55.1,0,0,254.2,112.335,0.11235,Sun,23
2026-05-10 23:00:00.000,West,1198,66178,55.2,0,0,305.8,112.335,0.11235,Sun,23
2026-05-11 00:00:00.000,East,808,44272,54.8,0,0,180.1,110.4275,0.11045,Mon,0
2026-05-11 00:00:00.000,North,914,50125,54.8,0,0,250.9,110.4275,0.11045,Mon,0
2026-05-11 00:00:00.000,South,1122,61361,54.7,0,0,242.4,110.4275,0.11045,Mon,0
2026-05-11 00:00:00.000,West,1198,65512,54.7,0,0,283.2,110.4275,0.11045,Mon,0
2026-05-11 01:00:00.000,East,808,43821,54.2,0,0,233.4,112.6575,0.11265,Mon,1
2026-05-11 01:00:00.000,North,914,50410,55.2,0,0,205.9,112.6575,0.11265,Mon,1
2026-05-11 01:00:00.000,South,1122,61794,55.1,0,0,251.7,112.6575,0.11265,Mon,1
2026-05-11 01:00:00.000,West,1198,65932,55,0,0,306.5,112.6575,0.11265,Mon,1
2026-05-11 02:00:00.000,East,808,44471,55,0,0,244.4,113.0925,0.113075,Mon,2
2026-05-11 02:00:00.000,North,914,50126,54.8,0,0,238.7,113.0925,0.113075,Mon,2
2026-05-11 02:00:00.000,South,1122,61733,55,0,0,294.8,113.0925,0.113075,Mon,2
2026-05-11 02:00:00.000,West,1198,66601,55.6,0,0,330,113.0925,0.113075,Mon,2
2026-05-11 03:00:00.000,East,808,44436,55,0,0,233,122.1375,0.12215,Mon,3
2026-05-11 03:00:00.000,North,914,50027,54.7,0,0,214.1,122.1375,0.12215,Mon,3
2026-05-11 03:00:00.000,South,1122,62342,55.6,0,0,352.4,122.1375,0.12215,Mon,3
2026-05-11 03:00:00.000,West,1198,66166,55.2,0,0,303.3,122.1375,0.12215,Mon,3
2026-05-11 04:00:00.000,East,808,18969,23.5,0,0,-2810,136.475,0.13645,Mon,4
2026-05-11 04:00:00.000,North,914,21772,23.8,0,0,-3184,136.475,0.13645,Mon,4
2026-05-11 04:00:00.000,South,1122,26078,23.2,0,0,-3891,136.475,0.13645,Mon,4
2026-05-11 04:00:00.000,West,1198,28370,23.7,0,0,-4189,136.475,0.13645,Mon,4
2026-05-11 05:00:00.000,East,808,18811,23.3,0,0,-2829,154.0475,0.15405,Mon,5
2026-05-11 05:00:00.000,North,914,21298,23.3,0,0,-3244,154.0475,0.15405,Mon,5
2026-05-11 05:00:00.000,South,1122,26194,23.3,0,0,-3921,154.0475,0.15405,Mon,5
2026-05-11 05:00:00.000,West,1198,27938,23.3,0,0,-4254,154.0475,0.15405,Mon,5
2026-05-11 06:00:00.000,East,808,19106,23.6,1500.89,1.86,-2886,150.0125,0.150025,Mon,6
2026-05-11 06:00:00.000,North,914,21568,23.6,1722.09,1.88,-3140,150.0125,0.150025,Mon,6
2026-05-11 06:00:00.000,South,1122,26208,23.4,2098.16,1.87,-3993,150.0125,0.150025,Mon,6
2026-05-11 06:00:00.000,West,1198,28202,23.5,2272.49,1.9,-4286,150.0125,0.150025,Mon,6
2026-05-11 07:00:00.000,East,808,19392,24,1836.46,2.27,-2812,136.8,0.136775,Mon,7
2026-05-11 07:00:00.000,North,914,21891,24,1985.83,2.17,-3157,136.8,0.136775,Mon,7
2026-05-11 07:00:00.000,South,1122,26935,24,2405.01,2.14,-3939,136.8,0.136775,Mon,7
2026-05-11 07:00:00.000,West,1198,28263,23.6,2697.27,2.25,-4209,136.8,0.136775,Mon,7
2026-05-11 08:00:00.000,East,808,44423,55,2088.66,2.58,187.6,126.3075,0.126325,Mon,8
2026-05-11 08:00:00.000,North,914,50487,55.2,2270.46,2.48,285.7,126.3075,0.126325,Mon,8
2026-05-11 08:00:00.000,South,1122,62026,55.3,2904,2.59,280.7,126.3075,0.126325,Mon,8
2026-05-11 08:00:00.000,West,1198,65609,54.8,3081.48,2.57,292.3,126.3075,0.126325,Mon,8
2026-05-11 09:00:00.000,East,808,44336,54.9,2399.86,2.97,150.9,113.4325,0.113425,Mon,9
2026-05-11 09:00:00.000,North,914,50345,55.1,2642.13,2.89,202.6,113.4325,0.113425,Mon,9
2026-05-11 09:00:00.000,South,1122,61464,54.8,3167.39,2.82,304.3,113.4325,0.113425,Mon,9
2026-05-11 09:00:00.000,West,1198,66049,55.1,3528.54,2.95,285.2,113.4325,0.113425,Mon,9
2026-05-11 10:00:00.000,East,808,44565,55.2,2580.11,3.19,222.1,105.485,0.1055,Mon,10
2026-05-11 10:00:00.000,North,914,50639,55.4,2901.8,3.17,202.5,105.485,0.1055,Mon,10
2026-05-11 10:00:00.000,South,1122,61995,55.3,3621.22,3.23,301.3,105.485,0.1055,Mon,10
2026-05-11 10:00:00.000,West,1198,65819,54.9,3889.98,3.25,320.4,105.485,0.1055,Mon,10
2026-05-11 11:00:00.000,East,808,44459,55,2919.67,3.61,225.9,98.78,0.098775,Mon,11
2026-05-11 11:00:00.000,North,914,50134,54.9,3220.05,3.52,238.7,98.78,0.098775,Mon,11
2026-05-11 11:00:00.000,South,1122,61350,54.7,4070.86,3.63,194.3,98.78,0.098775,Mon,11
2026-05-11 11:00:00.000,West,1198,65686,54.8,4369.98,3.65,205,98.78,0.098775,Mon,11
2026-05-11 12:00:00.000,East,808,44593,55.2,3160.55,3.91,187.5,95.98,0.095975,Mon,12
2026-05-11 12:00:00.000,North,914,50527,55.3,3583.26,3.92,172,95.98,0.095975,Mon,12
2026-05-11 12:00:00.000,South,1122,61754,55,4487.31,4,293.3,95.98,0.095975,Mon,12
2026-05-11 12:00:00.000,West,1198,66320,55.4,4576.21,3.82,242.2,95.98,0.095975,Mon,12
2026-05-11 13:00:00.000,East,808,44366,54.9,3430.9,4.25,203.8,96.2,0.096175,Mon,13
2026-05-11 13:00:00.000,North,914,50233,55,3784.8,4.14,193.1,96.2,0.096175,Mon,13
2026-05-11 13:00:00.000,South,1122,61895,55.2,4686.3,4.18,263.7,96.2,0.096175,Mon,13
2026-05-11 13:00:00.000,West,1198,65764,54.9,5208.8,4.35,267.8,96.2,0.096175,Mon,13
2026-05-11 14:00:00.000,East,808,44202,54.7,3160.58,3.91,168.2,100.49,0.100525,Mon,14
2026-05-11 14:00:00.000,North,914,50913,55.7,3621.08,3.96,250.5,100.49,0.100525,Mon,14
2026-05-11 14:00:00.000,South,1122,61460,54.8,4263.15,3.8,319.9,100.49,0.100525,Mon,14
2026-05-11 14:00:00.000,West,1198,65524,54.7,4783.79,3.99,317,100.49,0.100525,Mon,14
2026-05-11 15:00:00.000,East,808,44217,54.7,2903.14,3.59,208.1,116.3025,0.116325,Mon,15
2026-05-11 15:00:00.000,North,914,50092,54.8,3311.26,3.62,224.8,116.3025,0.116325,Mon,15
2026-05-11 15:00:00.000,South,1122,61786,55.1,3994.21,3.56,291.6,116.3025,0.116325,Mon,15
2026-05-11 15:00:00.000,West,1198,65814,54.9,4219.38,3.52,234.3,116.3025,0.116325,Mon,15
2026-05-11 16:00:00.000,East,808,44380,54.9,2741.46,3.39,195.9,122.98,0.122975,Mon,16
2026-05-11 16:00:00.000,North,914,49939,54.6,3008.34,3.29,197.8,122.98,0.122975,Mon,16
2026-05-11 16:00:00.000,South,1122,61126,54.5,3584.8,3.2,282.1,122.98,0.122975,Mon,16
2026-05-11 16:00:00.000,West,1198,65792,54.9,3908.8,3.26,255.2,122.98,0.122975,Mon,16
2026-05-11 17:00:00.000,East,808,18822,23.3,2349.96,2.91,-2861,130.7175,0.130725,Mon,17
2026-05-11 17:00:00.000,North,914,21825,23.9,2538.53,2.78,-3135,130.7175,0.130725,Mon,17
2026-05-11 17:00:00.000,South,1122,26479,23.6,3179.84,2.83,-3931,130.7175,0.130725,Mon,17
2026-05-11 17:00:00.000,West,1198,28188,23.5,3523.66,2.94,-4170,130.7175,0.130725,Mon,17
2026-05-11 18:00:00.000,East,808,18911,23.4,2062.86,2.55,-2848,131.12,0.131125,Mon,18
2026-05-11 18:00:00.000,North,914,21590,23.6,2335.38,2.56,-3239,131.12,0.131125,Mon,18
2026-05-11 18:00:00.000,South,1122,26198,23.3,2888.46,2.57,-3870,131.12,0.131125,Mon,18
2026-05-11 18:00:00.000,West,1198,27897,23.3,3136.2,2.62,-4209,131.12,0.131125,Mon,18
2026-05-11 19:00:00.000,East,808,44713,55.3,1807.69,2.24,208.8,127.8725,0.127875,Mon,19
2026-05-11 19:00:00.000,North,914,50235,55,1997.94,2.19,268.2,127.8725,0.127875,Mon,19
2026-05-11 19:00:00.000,South,1122,61652,54.9,2507.7,2.24,269.5,127.8725,0.127875,Mon,19
2026-05-11 19:00:00.000,West,1198,66316,55.4,2639.39,2.2,293.7,127.8725,0.127875,Mon,19
2026-05-11 20:00:00.000,East,808,44629,55.2,1475,1.83,192.9,120.765,0.120775,Mon,20
2026-05-11 20:00:00.000,North,914,50726,55.5,1705.76,1.87,252.3,120.765,0.120775,Mon,20
2026-05-11 20:00:00.000,South,1122,62166,55.4,2099,1.87,248.6,120.765,0.120775,Mon,20
2026-05-11 20:00:00.000,West,1198,66235,55.3,2193.43,1.83,318.9,120.765,0.120775,Mon,20
2026-05-11 21:00:00.000,East,808,44494,55.1,0,0,216.9,108.9525,0.108975,Mon,21
2026-05-11 21:00:00.000,North,914,50099,54.8,0,0,237.3,108.9525,0.108975,Mon,21
2026-05-11 21:00:00.000,South,1122,61855,55.1,0,0,254,108.9525,0.108975,Mon,21
2026-05-11 21:00:00.000,West,1198,65941,55,0,0,315.2,108.9525,0.108975,Mon,21
2026-05-11 22:00:00.000,East,808,44679,55.3,0,0,207.3,99.065,0.099075,Mon,22
2026-05-11 22:00:00.000,North,914,50782,55.6,0,0,223.9,99.065,0.099075,Mon,22
2026-05-11 22:00:00.000,South,1122,61671,55,0,0,381.1,99.065,0.099075,Mon,22
2026-05-11 22:00:00.000,West,1198,65906,55,0,0,286.2,99.065,0.099075,Mon,22
2026-05-11 23:00:00.000,East,808,44567,55.2,0,0,165.3,95.275,0.095275,Mon,23
2026-05-11 23:00:00.000,North,914,49849,54.5,0,0,252.6,95.275,0.095275,Mon,23
2026-05-11 23:00:00.000,South,1122,61857,55.1,0,0,262.4,95.275,0.095275,Mon,23
2026-05-11 23:00:00.000,West,1198,65357,54.6,0,0,275,95.275,0.095275,Mon,23
2026-05-12 00:00:00.000,East,808,44231,54.7,0,0,239.6,91.73,0.0917,Tue,0
2026-05-12 00:00:00.000,North,914,49932,54.6,0,0,219.8,91.73,0.0917,Tue,0
2026-05-12 00:00:00.000,South,1122,62120,55.4,0,0,310.7,91.73,0.0917,Tue,0
2026-05-12 00:00:00.000,West,1198,65964,55.1,0,0,263.4,91.73,0.0917,Tue,0
2026-05-12 01:00:00.000,East,808,44426,55,0,0,207.6,89.8975,0.0899,Tue,1
2026-05-12 01:00:00.000,North,914,50196,54.9,0,0,201.9,89.8975,0.0899,Tue,1
2026-05-12 01:00:00.000,South,1122,62144,55.4,0,0,252,89.8975,0.0899,Tue,1
2026-05-12 01:00:00.000,West,1198,65487,54.7,0,0,280.5,89.8975,0.0899,Tue,1
2026-05-12 02:00:00.000,East,808,44715,55.3,0,0,194.7,91.375,0.09135,Tue,2
2026-05-12 02:00:00.000,North,914,50312,55,0,0,254.3,91.375,0.09135,Tue,2
2026-05-12 02:00:00.000,South,1122,62199,55.4,0,0,316.2,91.375,0.09135,Tue,2
2026-05-12 02:00:00.000,West,1198,65912,55,0,0,257.8,91.375,0.09135,Tue,2
2026-05-12 03:00:00.000,East,808,44364,54.9,0,0,226.4,94.0025,0.094,Tue,3
2026-05-12 03:00:00.000,North,914,50247,55,0,0,225.1,94.0025,0.094,Tue,3
2026-05-12 03:00:00.000,South,1122,61205,54.5,0,0,229.2,94.0025,0.094,Tue,3
2026-05-12 03:00:00.000,West,1198,65503,54.7,0,0,289.9,94.0025,0.094,Tue,3
2026-05-12 04:00:00.000,East,808,44336,54.9,0,0,176.2,111.2625,0.111275,Tue,4
2026-05-12 04:00:00.000,North,914,50386,55.1,0,0,230.1,111.2625,0.111275,Tue,4
2026-05-12 04:00:00.000,South,1122,61646,54.9,0,0,246.9,111.2625,0.111275,Tue,4
2026-05-12 04:00:00.000,West,1198,65673,54.8,0,0,337.2,111.2625,0.111275,Tue,4
2026-05-12 05:00:00.000,East,808,44553,55.1,0,0,222.7,122.575,0.122575,Tue,5
2026-05-12 05:00:00.000,North,914,50177,54.9,0,0,263.7,122.575,0.122575,Tue,5
2026-05-12 05:00:00.000,South,1122,61440,54.8,0,0,317.9,122.575,0.122575,Tue,5
2026-05-12 05:00:00.000,West,1198,65493,54.7,0,0,273.6,122.575,0.122575,Tue,5
2026-05-12 06:00:00.000,East,808,44997,55.7,1531.03,1.89,218.8,112.145,0.11215,Tue,6
2026-05-12 06:00:00.000,North,914,50409,55.2,1742.15,1.91,179.7,112.145,0.11215,Tue,6
2026-05-12 06:00:00.000,South,1122,61658,55,2120.44,1.89,270.2,112.145,0.11215,Tue,6
2026-05-12 06:00:00.000,West,1198,65749,54.9,2221,1.85,334.1,112.145,0.11215,Tue,6
2026-05-12 07:00:00.000,East,808,44759,55.4,1774.93,2.2,178.4,94.075,0.094075,Tue,7
2026-05-12 07:00:00.000,North,914,49927,54.6,2021.5,2.21,198.3,94.075,0.094075,Tue,7
2026-05-12 07:00:00.000,South,1122,62475,55.7,2485.72,2.22,275.4,94.075,0.094075,Tue,7
2026-05-12 07:00:00.000,West,1198,65910,55,2686.32,2.24,303.3,94.075,0.094075,Tue,7
2026-05-12 08:00:00.000,East,808,44161,54.7,2070.36,2.56,182.5,79.5575,0.07955,Tue,8
2026-05-12 08:00:00.000,North,914,50221,54.9,2358.3,2.58,236.4,79.5575,0.07955,Tue,8
2026-05-12 08:00:00.000,South,1122,62246,55.5,2764.68,2.46,311.7,79.5575,0.07955,Tue,8
2026-05-12 08:00:00.000,West,1198,65888,55,3127.26,2.61,299.3,79.5575,0.07955,Tue,8
2026-05-12 09:00:00.000,East,808,65479,81,2283.82,2.83,2632.3,63.535,0.06355,Tue,9
2026-05-12 09:00:00.000,North,914,73803,80.7,2662.26,2.91,2962.9,63.535,0.06355,Tue,9
2026-05-12 09:00:00.000,South,1122,90894,81,3282.15,2.93,3633.6,63.535,0.06355,Tue,9
2026-05-12 09:00:00.000,West,1198,96710,80.7,3492.69,2.92,3876.9,63.535,0.06355,Tue,9
2026-05-12 10:00:00.000,East,808,65902,81.6,2592.91,3.21,2665.7,45.91,0.045925,Tue,10
2026-05-12 10:00:00.000,North,914,73988,80.9,2862.18,3.13,2968.8,45.91,0.045925,Tue,10
2026-05-12 10:00:00.000,South,1122,90704,80.8,3610.1,3.22,3662.7,45.91,0.045925,Tue,10
2026-05-12 10:00:00.000,West,1198,96950,80.9,3839.5,3.2,3817.5,45.91,0.045925,Tue,10
2026-05-12 11:00:00.000,East,808,65657,81.3,2878.07,3.56,2642.4,27.33,0.027325,Tue,11
2026-05-12 11:00:00.000,North,914,74109,81.1,3289.7,3.6,2999.1,27.33,0.027325,Tue,11
2026-05-12 11:00:00.000,South,1122,90684,80.8,3997.03,3.56,3620.5,27.33,0.027325,Tue,11
2026-05-12 11:00:00.000,West,1198,97272,81.2,4245.47,3.54,3877.3,27.33,0.027325,Tue,11
2026-05-12 12:00:00.000,East,808,65403,80.9,3095.34,3.83,2609.1,19.9725,0.01995,Tue,12
2026-05-12 12:00:00.000,North,914,74168,81.1,3617.58,3.96,2988,19.9725,0.01995,Tue,12
2026-05-12 12:00:00.000,South,1122,90772,80.9,4348.01,3.88,3625.3,19.9725,0.01995,Tue,12
2026-05-12 12:00:00.000,West,1198,96851,80.8,4640.54,3.87,3897,19.9725,0.01995,Tue,12
2026-05-12 13:00:00.000,East,808,65580,81.2,3382,4.19,2626.1,44.76,0.044775,Tue,13
2026-05-12 13:00:00.000,North,914,74016,81,3982.2,4.36,2990.1,44.76,0.044775,Tue,13
2026-05-12 13:00:00.000,South,1122,90758,80.9,4835,4.31,3636.8,44.76,0.044775,Tue,13
2026-05-12 13:00:00.000,West,1198,96890,80.9,5090.6,4.25,3887,44.76,0.044775,Tue,13
2026-05-12 14:00:00.000,East,808,44725,55.4,3191.89,3.95,177.2,74.405,0.0744,Tue,14
2026-05-12 14:00:00.000,North,914,50270,55,3506.46,3.84,229.2,74.405,0.0744,Tue,14
2026-05-12 14:00:00.000,South,1122,61909,55.2,4419.33,3.94,214,74.405,0.0744,Tue,14
2026-05-12 14:00:00.000,West,1198,65797,54.9,4763.14,3.98,297.5,74.405,0.0744,Tue,14
2026-05-12 15:00:00.000,East,808,44004,54.5,2830.72,3.5,203.9,96,0.096,Tue,15
2026-05-12 15:00:00.000,North,914,50079,54.8,3252.87,3.56,285.3,96,0.096,Tue,15
2026-05-12 15:00:00.000,South,1122,61383,54.7,4039.06,3.6,307.5,96,0.096,Tue,15
2026-05-12 15:00:00.000,West,1198,65746,54.9,4236.6,3.54,265.4,96,0.096,Tue,15
2026-05-12 16:00:00.000,East,808,43986,54.4,2721.87,3.37,207.3,114.88,0.114875,Tue,16
2026-05-12 16:00:00.000,North,914,50164,54.9,2948.66,3.23,242.5,114.88,0.114875,Tue,16
2026-05-12 16:00:00.000,South,1122,61943,55.2,3639.13,3.24,285.5,114.88,0.114875,Tue,16
2026-05-12 16:00:00.000,West,1198,65420,54.6,3741.57,3.12,257.7,114.88,0.114875,Tue,16
2026-05-12 17:00:00.000,East,808,19159,23.7,2331.34,2.89,-2839,136.2775,0.1363,Tue,17
2026-05-12 17:00:00.000,North,914,21692,23.7,2635.26,2.88,-3243,136.2775,0.1363,Tue,17
2026-05-12 17:00:00.000,South,1122,26451,23.6,3229.97,2.88,-3918,136.2775,0.1363,Tue,17
2026-05-12 17:00:00.000,West,1198,28399,23.7,3486.26,2.91,-4165,136.2775,0.1363,Tue,17
2026-05-12 18:00:00.000,East,808,18911,23.4,2002.38,2.48,-2781,142.985,0.143,Tue,18
2026-05-12 18:00:00.000,North,914,21302,23.3,2313.54,2.53,-3219,142.985,0.143,Tue,18
2026-05-12 18:00:00.000,South,1122,26215,23.4,2912.52,2.6,-3856,142.985,0.143,Tue,18
2026-05-12 18:00:00.000,West,1198,28053,23.4,3067.92,2.56,-4124,142.985,0.143,Tue,18
2026-05-12 19:00:00.000,East,808,18886,23.4,1752.93,2.17,-2831,142.7425,0.14275,Tue,19
2026-05-12 19:00:00.000,North,914,21561,23.6,2019.86,2.21,-3229,142.7425,0.14275,Tue,19
2026-05-12 19:00:00.000,South,1122,26453,23.6,2422.66,2.16,-3896,142.7425,0.14275,Tue,19
2026-05-12 19:00:00.000,West,1198,27976,23.4,2685.13,2.24,-4270,142.7425,0.14275,Tue,19
2026-05-12 20:00:00.000,East,808,18815,23.3,1492.35,1.85,-2831,131.225,0.131225,Tue,20
2026-05-12 20:00:00.000,North,914,21235,23.2,1671.49,1.83,-3184,131.225,0.131225,Tue,20
2026-05-12 20:00:00.000,South,1122,26664,23.8,2116.95,1.89,-3967,131.225,0.131225,Tue,20
2026-05-12 20:00:00.000,West,1198,27934,23.3,2234.72,1.87,-4205,131.225,0.131225,Tue,20
2026-05-12 21:00:00.000,East,808,44557,55.1,0,0,219,118.345,0.118325,Tue,21
2026-05-12 21:00:00.000,North,914,50093,54.8,0,0,286.4,118.345,0.118325,Tue,21
2026-05-12 21:00:00.000,South,1122,61623,54.9,0,0,202.7,118.345,0.118325,Tue,21
2026-05-12 21:00:00.000,West,1198,66355,55.4,0,0,290.2,118.345,0.118325,Tue,21
2026-05-12 22:00:00.000,East,808,44534,55.1,0,0,174.1,114.33,0.11435,Tue,22
2026-05-12 22:00:00.000,North,914,50600,55.4,0,0,202,114.33,0.11435,Tue,22
2026-05-12 22:00:00.000,South,1122,61930,55.2,0,0,279.7,114.33,0.11435,Tue,22
2026-05-12 22:00:00.000,West,1198,65467,54.6,0,0,290.6,114.33,0.11435,Tue,22
2026-05-12 23:00:00.000,East,808,43852,54.3,0,0,172.8,106.2175,0.106225,Tue,23
2026-05-12 23:00:00.000,North,914,50819,55.6,0,0,194.3,106.2175,0.106225,Tue,23
2026-05-12 23:00:00.000,South,1122,60223,53.7,0,0,223.3,106.2175,0.106225,Tue,23
2026-05-12 23:00:00.000,West,1198,65593,54.8,0,0,298.6,106.2175,0.106225,Tue,23
2026-05-13 00:00:00.000,East,808,43866,54.3,0,0,161.1,104.3575,0.10435,Wed,0
2026-05-13 00:00:00.000,North,914,50234,55,0,0,207.2,104.3575,0.10435,Wed,0
2026-05-13 00:00:00.000,South,1122,61946,55.2,0,0,291.3,104.3575,0.10435,Wed,0
2026-05-13 00:00:00.000,West,1198,66096,55.2,0,0,272.3,104.3575,0.10435,Wed,0
2026-05-13 01:00:00.000,East,808,44592,55.2,0,0,210.8,107.435,0.107425,Wed,1
2026-05-13 01:00:00.000,North,914,50058,54.8,0,0,179.5,107.435,0.107425,Wed,1
2026-05-13 01:00:00.000,South,1122,62089,55.3,0,0,247.4,107.435,0.107425,Wed,1
2026-05-13 01:00:00.000,West,1198,66506,55.5,0,0,320.2,107.435,0.107425,Wed,1
2026-05-13 02:00:00.000,East,808,44710,55.3,0,0,210.3,111.195,0.1112,Wed,2
2026-05-13 02:00:00.000,North,914,49911,54.6,0,0,303.5,111.195,0.1112,Wed,2
2026-05-13 02:00:00.000,South,1122,62286,55.5,0,0,291.4,111.195,0.1112,Wed,2
2026-05-13 02:00:00.000,West,1198,65643,54.8,0,0,261,111.195,0.1112,Wed,2
2026-05-13 03:00:00.000,East,808,43849,54.3,0,0,207,120,0.12,Wed,3
2026-05-13 03:00:00.000,North,914,50244,55,0,0,217.8,120,0.12,Wed,3
2026-05-13 03:00:00.000,South,1122,62237,55.5,0,0,325.6,120,0.12,Wed,3
2026-05-13 03:00:00.000,West,1198,65996,55.1,0,0,302.3,120,0.12,Wed,3
2026-05-13 04:00:00.000,East,808,19152,23.7,0,0,-2837,137.1825,0.1372,Wed,4
2026-05-13 04:00:00.000,North,914,21518,23.5,0,0,-3244,137.1825,0.1372,Wed,4
2026-05-13 04:00:00.000,South,1122,27080,24.1,0,0,-3935,137.1825,0.1372,Wed,4
2026-05-13 04:00:00.000,West,1198,27676,23.1,0,0,-4181,137.1825,0.1372,Wed,4
2026-05-13 05:00:00.000,East,808,19033,23.6,0,0,-2818,141.1225,0.141125,Wed,5
2026-05-13 05:00:00.000,North,914,21177,23.2,0,0,-3226,141.1225,0.141125,Wed,5
2026-05-13 05:00:00.000,South,1122,26265,23.4,0,0,-3974,141.1225,0.141125,Wed,5
2026-05-13 05:00:00.000,West,1198,28395,23.7,0,0,-4284,141.1225,0.141125,Wed,5
2026-05-13 06:00:00.000,East,808,44730,55.4,1517.09,1.88,214.5,126.7,0.1267,Wed,6
2026-05-13 06:00:00.000,North,914,50591,55.4,1676.14,1.83,229.7,126.7,0.1267,Wed,6
2026-05-13 06:00:00.000,South,1122,61731,55,2063.11,1.84,222.1,126.7,0.1267,Wed,6
2026-05-13 06:00:00.000,West,1198,65710,54.8,2201.93,1.84,289.3,126.7,0.1267,Wed,6
2026-05-13 07:00:00.000,East,808,44438,55,1797.13,2.22,197.6,102.525,0.1025,Wed,7
2026-05-13 07:00:00.000,North,914,49918,54.6,2052.5,2.25,222.8,102.525,0.1025,Wed,7
2026-05-13 07:00:00.000,South,1122,62152,55.4,2461.74,2.19,315.1,102.525,0.1025,Wed,7
2026-05-13 07:00:00.000,West,1198,66147,55.2,2620.14,2.19,299.2,102.525,0.1025,Wed,7
2026-05-13 08:00:00.000,East,808,44510,55.1,2068.62,2.56,249.2,86.44,0.086475,Wed,8
2026-05-13 08:00:00.000,North,914,50618,55.4,2310.78,2.53,239.2,86.44,0.086475,Wed,8
2026-05-13 08:00:00.000,South,1122,61546,54.9,2865.06,2.55,260.4,86.44,0.086475,Wed,8
2026-05-13 08:00:00.000,West,1198,65436,54.6,3051.78,2.55,342.5,86.44,0.086475,Wed,8
2026-05-13 09:00:00.000,East,808,44468,55,2295.93,2.84,206,83.7775,0.083775,Wed,9
2026-05-13 09:00:00.000,North,914,50186,54.9,2630.35,2.88,231.7,83.7775,0.083775,Wed,9
2026-05-13 09:00:00.000,South,1122,61624,54.9,3236.03,2.88,317.8,83.7775,0.083775,Wed,9
2026-05-13 09:00:00.000,West,1198,65540,54.7,3533.15,2.95,351.2,83.7775,0.083775,Wed,9
2026-05-13 10:00:00.000,East,808,44709,55.3,2600.7,3.22,264.6,74.1025,0.0741,Wed,10
2026-05-13 10:00:00.000,North,914,49990,54.7,2989.71,3.27,185.3,74.1025,0.0741,Wed,10
2026-05-13 10:00:00.000,South,1122,61619,54.9,3664.95,3.27,266.7,74.1025,0.0741,Wed,10
2026-05-13 10:00:00.000,West,1198,65819,54.9,3856.56,3.22,303.2,74.1025,0.0741,Wed,10
2026-05-13 11:00:00.000,East,808,44524,55.1,2857.03,3.54,203.3,71.7725,0.071775,Wed,11
2026-05-13 11:00:00.000,North,914,50206,54.9,3316.33,3.63,219.6,71.7725,0.071775,Wed,11
2026-05-13 11:00:00.000,South,1122,61676,55,4072.99,3.63,276.3,71.7725,0.071775,Wed,11
2026-05-13 11:00:00.000,West,1198,66016,55.1,4347.89,3.63,320,71.7725,0.071775,Wed,11
2026-05-13 12:00:00.000,East,808,44488,55.1,3042.07,3.76,229.5,70.2025,0.0702,Wed,12
2026-05-13 12:00:00.000,North,914,50578,55.3,3474.01,3.8,230.4,70.2025,0.0702,Wed,12
2026-05-13 12:00:00.000,South,1122,61940,55.2,4398.82,3.92,285.8,70.2025,0.0702,Wed,12
2026-05-13 12:00:00.000,West,1198,65658,54.8,4721.93,3.94,279.6,70.2025,0.0702,Wed,12
2026-05-13 13:00:00.000,East,808,44293,54.8,3465.4,4.29,159.7,82.2675,0.08225,Wed,13
2026-05-13 13:00:00.000,North,914,50366,55.1,3864,4.23,240.2,82.2675,0.08225,Wed,13
2026-05-13 13:00:00.000,South,1122,61670,55,4736.5,4.22,263.4,82.2675,0.08225,Wed,13
2026-05-13 13:00:00.000,West,1198,65947,55,5118.6,4.27,273.1,82.2675,0.08225,Wed,13
2026-05-13 14:00:00.000,East,808,44012,54.5,3179.7,3.94,181.6,92.375,0.092375,Wed,14
2026-05-13 14:00:00.000,North,914,49967,54.7,3620.75,3.96,242.2,92.375,0.092375,Wed,14
2026-05-13 14:00:00.000,South,1122,62373,55.6,4303.78,3.84,291.3,92.375,0.092375,Wed,14
2026-05-13 14:00:00.000,West,1198,65823,54.9,4721.15,3.94,285.8,92.375,0.092375,Wed,14
2026-05-13 15:00:00.000,East,808,44339,54.9,2926.53,3.62,204.2,112.6025,0.112625,Wed,15
2026-05-13 15:00:00.000,North,914,50414,55.2,3219.96,3.52,192.3,112.6025,0.112625,Wed,15
2026-05-13 15:00:00.000,South,1122,61585,54.9,4009.09,3.57,273.8,112.6025,0.112625,Wed,15
2026-05-13 15:00:00.000,West,1198,65862,55,4285.44,3.58,282.3,112.6025,0.112625,Wed,15
2026-05-13 16:00:00.000,East,808,18653,23.1,2601.1,3.22,-2868,132.355,0.13235,Wed,16
2026-05-13 16:00:00.000,North,914,21320,23.3,3015.05,3.3,-3224,132.355,0.13235,Wed,16
2026-05-13 16:00:00.000,South,1122,26284,23.4,3620.01,3.23,-3869,132.355,0.13235,Wed,16
2026-05-13 16:00:00.000,West,1198,28110,23.5,3929.45,3.28,-4140,132.355,0.13235,Wed,16
2026-05-13 17:00:00.000,East,808,18995,23.5,2280.26,2.82,-2825,151.4925,0.1515,Wed,17
2026-05-13 17:00:00.000,North,914,21542,23.6,2704.04,2.96,-3192,151.4925,0.1515,Wed,17
2026-05-13 17:00:00.000,South,1122,26673,23.8,3227.01,2.88,-3891,151.4925,0.1515,Wed,17
2026-05-13 17:00:00.000,West,1198,27730,23.1,3453.2,2.88,-4157,151.4925,0.1515,Wed,17
2026-05-13 18:00:00.000,East,808,19141,23.7,2088.42,2.58,-2778,171.2675,0.171275,Wed,18
2026-05-13 18:00:00.000,North,914,21820,23.9,2287.38,2.5,-3208,171.2675,0.171275,Wed,18
2026-05-13 18:00:00.000,South,1122,26552,23.7,2871,2.56,-3957,171.2675,0.171275,Wed,18
2026-05-13 18:00:00.000,West,1198,28181,23.5,3025.32,2.53,-4214,171.2675,0.171275,Wed,18
2026-05-13 19:00:00.000,East,808,19033,23.6,1786.52,2.21,-2835,160.045,0.16005,Wed,19
2026-05-13 19:00:00.000,North,914,21717,23.8,2030.92,2.22,-3195,160.045,0.16005,Wed,19
2026-05-13 19:00:00.000,South,1122,26414,23.5,2484.13,2.21,-3987,160.045,0.16005,Wed,19
2026-05-13 19:00:00.000,West,1198,28165,23.5,2645.36,2.21,-4145,160.045,0.16005,Wed,19
2026-05-13 20:00:00.000,East,808,18928,23.4,1559.85,1.93,-2853,142.205,0.1422,Wed,20
2026-05-13 20:00:00.000,North,914,21592,23.6,1766.81,1.93,-3241,142.205,0.1422,Wed,20
2026-05-13 20:00:00.000,South,1122,26553,23.7,2173.85,1.94,-3913,142.205,0.1422,Wed,20
2026-05-13 20:00:00.000,West,1198,28369,23.7,2189.57,1.83,-4174,142.205,0.1422,Wed,20
2026-05-13 21:00:00.000,East,808,44397,54.9,0,0,217.9,123.095,0.1231,Wed,21
2026-05-13 21:00:00.000,North,914,50694,55.5,0,0,239.4,123.095,0.1231,Wed,21
2026-05-13 21:00:00.000,South,1122,61808,55.1,0,0,223.9,123.095,0.1231,Wed,21
2026-05-13 21:00:00.000,West,1198,65627,54.8,0,0,278.2,123.095,0.1231,Wed,21
2026-05-13 22:00:00.000,East,808,44916,55.6,0,0,211.7,130.54,0.13055,Wed,22
2026-05-13 22:00:00.000,North,914,50591,55.4,0,0,196.5,130.54,0.13055,Wed,22
2026-05-13 22:00:00.000,South,1122,61946,55.2,0,0,282.2,130.54,0.13055,Wed,22
2026-05-13 22:00:00.000,West,1198,65931,55,0,0,303,130.54,0.13055,Wed,22
2026-05-13 23:00:00.000,East,808,44191,54.7,0,0,232.5,121.75,0.12175,Wed,23
2026-05-13 23:00:00.000,North,914,50409,55.2,0,0,195.8,121.75,0.12175,Wed,23
2026-05-13 23:00:00.000,South,1122,61329,54.7,0,0,255.5,121.75,0.12175,Wed,23
2026-05-13 23:00:00.000,West,1198,66215,55.3,0,0,272.2,121.75,0.12175,Wed,23
2026-05-14 00:00:00.000,East,808,44703,55.3,0,0,206.1,119.225,0.119225,Thu,0
2026-05-14 00:00:00.000,North,914,50068,54.8,0,0,234.1,119.225,0.119225,Thu,0
2026-05-14 00:00:00.000,South,1122,61928,55.2,0,0,324.3,119.225,0.119225,Thu,0
2026-05-14 00:00:00.000,West,1198,66076,55.2,0,0,323.7,119.225,0.119225,Thu,0
2026-05-14 01:00:00.000,East,808,44042,54.5,0,0,185.8,115.6375,0.115625,Thu,1
2026-05-14 01:00:00.000,North,914,49804,54.5,0,0,199.5,115.6375,0.115625,Thu,1
2026-05-14 01:00:00.000,South,1122,61888,55.2,0,0,232,115.6375,0.115625,Thu,1
2026-05-14 01:00:00.000,West,1198,65336,54.5,0,0,351.4,115.6375,0.115625,Thu,1
2026-05-14 02:00:00.000,East,808,44575,55.2,0,0,206.5,112.9175,0.11295,Thu,2
2026-05-14 02:00:00.000,North,914,50376,55.1,0,0,232.6,112.9175,0.11295,Thu,2
2026-05-14 02:00:00.000,South,1122,62027,55.3,0,0,348.2,112.9175,0.11295,Thu,2
2026-05-14 02:00:00.000,West,1198,65875,55,0,0,268.3,112.9175,0.11295,Thu,2
2026-05-14 03:00:00.000,East,808,44475,55,0,0,196.9,112.045,0.112075,Thu,3
2026-05-14 03:00:00.000,North,914,50391,55.1,0,0,247.4,112.045,0.112075,Thu,3
2026-05-14 03:00:00.000,South,1122,61538,54.8,0,0,276.2,112.045,0.112075,Thu,3
2026-05-14 03:00:00.000,West,1198,65438,54.6,0,0,279.1,112.045,0.112075,Thu,3
2026-05-14 04:00:00.000,East,808,44059,54.5,0,0,187,111.405,0.1114,Thu,4
2026-05-14 04:00:00.000,North,914,50540,55.3,0,0,196.3,111.405,0.1114,Thu,4
2026-05-14 04:00:00.000,South,1122,61704,55,0,0,321.9,111.405,0.1114,Thu,4
2026-05-14 04:00:00.000,West,1198,65926,55,0,0,329.3,111.405,0.1114,Thu,4
2026-05-14 05:00:00.000,East,808,44386,54.9,0,0,241.4,108.09,0.108075,Thu,5
2026-05-14 05:00:00.000,North,914,50462,55.2,0,0,195.5,108.09,0.108075,Thu,5
2026-05-14 05:00:00.000,South,1122,62177,55.4,0,0,353.2,108.09,0.108075,Thu,5
2026-05-14 05:00:00.000,West,1198,65924,55,0,0,285.2,108.09,0.108075,Thu,5
2026-05-14 06:00:00.000,East,808,44669,55.3,1538.22,1.9,214.2,99.2575,0.09925,Thu,6
2026-05-14 06:00:00.000,North,914,49928,54.6,1660.03,1.82,163.2,99.2575,0.09925,Thu,6
2026-05-14 06:00:00.000,South,1122,61647,54.9,2148.76,1.92,241.6,99.2575,0.09925,Thu,6
2026-05-14 06:00:00.000,West,1198,65699,54.8,2249.51,1.88,307,99.2575,0.09925,Thu,6
2026-05-14 07:00:00.000,East,808,44472,55,1803.63,2.23,236.5,85.15,0.08515,Thu,7
2026-05-14 07:00:00.000,North,914,50835,55.6,2014.36,2.2,231.8,85.15,0.08515,Thu,7
2026-05-14 07:00:00.000,South,1122,61426,54.7,2528.01,2.25,293.9,85.15,0.08515,Thu,7
2026-05-14 07:00:00.000,West,1198,65825,54.9,2653.95,2.22,284.1,85.15,0.08515,Thu,7
2026-05-14 08:00:00.000,East,808,65218,80.7,2059.2,2.55,2618.2,58.6425,0.058675,Thu,8
2026-05-14 08:00:00.000,North,914,74200,81.2,2314.86,2.53,2982.6,58.6425,0.058675,Thu,8
2026-05-14 08:00:00.000,South,1122,91033,81.1,2850.78,2.54,3662.6,58.6425,0.058675,Thu,8
2026-05-14 08:00:00.000,West,1198,96739,80.8,2967.96,2.48,3853.9,58.6425,0.058675,Thu,8
2026-05-14 09:00:00.000,East,808,65317,80.8,2398.06,2.97,2627.9,35.5675,0.035575,Thu,9
2026-05-14 09:00:00.000,North,914,74287,81.3,2659.1,2.91,2949,35.5675,0.035575,Thu,9
2026-05-14 09:00:00.000,South,1122,90930,81,3253.5,2.9,3633.5,35.5675,0.035575,Thu,9
2026-05-14 09:00:00.000,West,1198,96619,80.7,3385.09,2.83,3880.3,35.5675,0.035575,Thu,9
2026-05-14 10:00:00.000,East,808,65460,81,2658.59,3.29,2604,16.055,0.016075,Thu,10
2026-05-14 10:00:00.000,North,914,74000,81,2927.24,3.2,2957,16.055,0.016075,Thu,10
2026-05-14 10:00:00.000,South,1122,91059,81.2,3625.12,3.23,3636.9,16.055,0.016075,Thu,10
2026-05-14 10:00:00.000,West,1198,96992,81,3876.72,3.24,3913,16.055,0.016075,Thu,10
2026-05-14 11:00:00.000,East,808,65356,80.9,2866.07,3.55,2618.7,7.5525,0.00755,Thu,11
2026-05-14 11:00:00.000,North,914,73819,80.8,3291.9,3.6,2980.2,7.5525,0.00755,Thu,11
2026-05-14 11:00:00.000,South,1122,90745,80.9,3985.14,3.55,3674.4,7.5525,0.00755,Thu,11
2026-05-14 11:00:00.000,West,1198,97611,81.5,4201.92,3.51,3883.2,7.5525,0.00755,Thu,11
2026-05-14 12:00:00.000,East,808,65478,81,3256.7,4.03,2610.5,4.6025,0.004575,Thu,12
2026-05-14 12:00:00.000,North,914,73796,80.7,3556.81,3.89,2992.3,4.6025,0.004575,Thu,12
2026-05-14 12:00:00.000,South,1122,91069,81.2,4353.3,3.88,3604.2,4.6025,0.004575,Thu,12
2026-05-14 12:00:00.000,West,1198,97334,81.2,4579.57,3.82,3891.1,4.6025,0.004575,Thu,12
2026-05-14 13:00:00.000,East,808,65165,80.6,3364.3,4.16,2605.5,17.8475,0.01785,Thu,13
2026-05-14 13:00:00.000,North,914,73917,80.9,3867.9,4.23,2967.1,17.8475,0.01785,Thu,13
2026-05-14 13:00:00.000,South,1122,90938,81,4761.5,4.24,3618.8,17.8475,0.01785,Thu,13
2026-05-14 13:00:00.000,West,1198,96925,80.9,5104.1,4.26,3919.3,17.8475,0.01785,Thu,13
2026-05-14 14:00:00.000,East,808,65346,80.9,3107.54,3.85,2626.4,66.9125,0.066875,Thu,14
2026-05-14 14:00:00.000,North,914,74231,81.2,3551.89,3.89,2957.7,66.9125,0.066875,Thu,14
2026-05-14 14:00:00.000,South,1122,90676,80.8,4411.39,3.93,3643.3,66.9125,0.066875,Thu,14
2026-05-14 14:00:00.000,West,1198,96470,80.5,4620.99,3.86,3913.8,66.9125,0.066875,Thu,14
2026-05-14 15:00:00.000,East,808,44497,55.1,2914.54,3.61,211.1,94.76,0.09475,Thu,15
2026-05-14 15:00:00.000,North,914,50634,55.4,3313.08,3.62,226.9,94.76,0.09475,Thu,15
2026-05-14 15:00:00.000,South,1122,62156,55.4,3926.79,3.5,339.2,94.76,0.09475,Thu,15
2026-05-14 15:00:00.000,West,1198,65994,55.1,4235.31,3.54,283.3,94.76,0.09475,Thu,15
2026-05-14 16:00:00.000,East,808,44286,54.8,2532.86,3.13,155,126,0.126025,Thu,16
2026-05-14 16:00:00.000,North,914,50318,55.1,3042.51,3.33,251.6,126,0.126025,Thu,16
2026-05-14 16:00:00.000,South,1122,62118,55.4,3680.22,3.28,242.5,126,0.126025,Thu,16
2026-05-14 16:00:00.000,West,1198,65846,55,3814.13,3.18,321.8,126,0.126025,Thu,16
2026-05-14 17:00:00.000,East,808,19177,23.7,2347.87,2.91,-2832,142.5825,0.1426,Thu,17
2026-05-14 17:00:00.000,North,914,21445,23.5,2724.56,2.98,-3219,142.5825,0.1426,Thu,17
2026-05-14 17:00:00.000,South,1122,26860,23.9,3171.94,2.83,-3892,142.5825,0.1426,Thu,17
2026-05-14 17:00:00.000,West,1198,28261,23.6,3394.73,2.83,-4179,142.5825,0.1426,Thu,17
2026-05-14 18:00:00.000,East,808,18881,23.4,2050.26,2.54,-2815,150.4475,0.15045,Thu,18
2026-05-14 18:00:00.000,North,914,21226,23.2,2295.42,2.51,-3225,150.4475,0.15045,Thu,18
2026-05-14 18:00:00.000,South,1122,26637,23.7,2784.96,2.48,-3947,150.4475,0.15045,Thu,18
2026-05-14 18:00:00.000,West,1198,27877,23.3,2964,2.47,-4218,150.4475,0.15045,Thu,18
2026-05-14 19:00:00.000,East,808,19005,23.5,1791.56,2.22,-2844,152.2025,0.1522,Thu,19
2026-05-14 19:00:00.000,North,914,21772,23.8,2043.88,2.24,-3184,152.2025,0.1522,Thu,19
2026-05-14 19:00:00.000,South,1122,26294,23.4,2514.83,2.24,-3931,152.2025,0.1522,Thu,19
2026-05-14 19:00:00.000,West,1198,28394,23.7,2655.07,2.22,-4225,152.2025,0.1522,Thu,19
2026-05-14 20:00:00.000,East,808,18942,23.4,1552.56,1.92,-2780,150.91,0.150925,Thu,20
2026-05-14 20:00:00.000,North,914,21174,23.2,1706.27,1.87,-3192,150.91,0.150925,Thu,20
2026-05-14 20:00:00.000,South,1122,26245,23.4,2002.06,1.78,-3923,150.91,0.150925,Thu,20
2026-05-14 20:00:00.000,West,1198,27937,23.3,2231.71,1.86,-4195,150.91,0.150925,Thu,20
2026-05-14 21:00:00.000,East,808,18924,23.4,0,0,-2822,136.32,0.136325,Thu,21
2026-05-14 21:00:00.000,North,914,21491,23.5,0,0,-3203,136.32,0.136325,Thu,21
2026-05-14 21:00:00.000,South,1122,26231,23.4,0,0,-3908,136.32,0.136325,Thu,21
2026-05-14 21:00:00.000,West,1198,27948,23.3,0,0,-4211,136.32,0.136325,Thu,21
2026-05-14 22:00:00.000,East,808,19297,23.9,0,0,-2852,137.9725,0.138,Thu,22
2026-05-14 22:00:00.000,North,914,21462,23.5,0,0,-3177,137.9725,0.138,Thu,22
2026-05-14 22:00:00.000,South,1122,26474,23.6,0,0,-3944,137.9725,0.138,Thu,22
2026-05-14 22:00:00.000,West,1198,28241,23.6,0,0,-4206,137.9725,0.138,Thu,22
2026-05-14 23:00:00.000,East,808,18732,23.2,0,0,-2866,131.3725,0.13135,Thu,23
2026-05-14 23:00:00.000,North,914,21563,23.6,0,0,-3215,131.3725,0.13135,Thu,23
2026-05-14 23:00:00.000,South,1122,26209,23.4,0,0,-3914,131.3725,0.13135,Thu,23
2026-05-14 23:00:00.000,West,1198,28016,23.4,0,0,-4200,131.3725,0.13135,Thu,23
2026-05-15 00:00:00.000,East,808,44206,54.7,0,0,197,126.3125,0.126325,Fri,0
2026-05-15 00:00:00.000,North,914,50366,55.1,0,0,233.7,126.3125,0.126325,Fri,0
2026-05-15 00:00:00.000,South,1122,61409,54.7,0,0,280.3,126.3125,0.126325,Fri,0
2026-05-15 00:00:00.000,West,1198,66298,55.3,0,0,316.6,126.3125,0.126325,Fri,0
2026-05-15 01:00:00.000,East,808,44299,54.8,0,0,167.1,121.9375,0.12195,Fri,1
2026-05-15 01:00:00.000,North,914,50215,54.9,0,0,221.5,121.9375,0.12195,Fri,1
2026-05-15 01:00:00.000,South,1122,61480,54.8,0,0,272.7,121.9375,0.12195,Fri,1
2026-05-15 01:00:00.000,West,1198,66039,55.1,0,0,366.7,121.9375,0.12195,Fri,1
2026-05-15 02:00:00.000,East,808,44046,54.5,0,0,220.4,123.7125,0.123725,Fri,2
2026-05-15 02:00:00.000,North,914,50472,55.2,0,0,198.2,123.7125,0.123725,Fri,2
2026-05-15 02:00:00.000,South,1122,61803,55.1,0,0,312.1,123.7125,0.123725,Fri,2
2026-05-15 02:00:00.000,West,1198,66270,55.3,0,0,276.9,123.7125,0.123725,Fri,2
2026-05-15 03:00:00.000,East,808,44408,55,0,0,222.5,127.16,0.127175,Fri,3
2026-05-15 03:00:00.000,North,914,50201,54.9,0,0,267.8,127.16,0.127175,Fri,3
2026-05-15 03:00:00.000,South,1122,61777,55.1,0,0,274.4,127.16,0.127175,Fri,3
2026-05-15 03:00:00.000,West,1198,66014,55.1,0,0,330.6,127.16,0.127175,Fri,3
2026-05-15 04:00:00.000,East,808,19120,23.7,0,0,-2832,136.1,0.1361,Fri,4
2026-05-15 04:00:00.000,North,914,21808,23.9,0,0,-3183,136.1,0.1361,Fri,4
2026-05-15 04:00:00.000,South,1122,26511,23.6,0,0,-3952,136.1,0.1361,Fri,4
2026-05-15 04:00:00.000,West,1198,28291,23.6,0,0,-4212,136.1,0.1361,Fri,4
2026-05-15 05:00:00.000,East,808,18921,23.4,0,0,-2818,132.515,0.132525,Fri,5
2026-05-15 05:00:00.000,North,914,21471,23.5,0,0,-3150,132.515,0.132525,Fri,5
2026-05-15 05:00:00.000,South,1122,26032,23.2,0,0,-3901,132.515,0.132525,Fri,5
2026-05-15 05:00:00.000,West,1198,28468,23.8,0,0,-4245,132.515,0.132525,Fri,5
2026-05-15 06:00:00.000,East,808,44454,55,1520.63,1.88,179.9,123.995,0.124,Fri,6
2026-05-15 06:00:00.000,North,914,50182,54.9,1708.63,1.87,246.8,123.995,0.124,Fri,6
2026-05-15 06:00:00.000,South,1122,61064,54.4,2138.48,1.91,294.7,123.995,0.124,Fri,6
2026-05-15 06:00:00.000,West,1198,65995,55.1,2251.34,1.88,303.9,123.995,0.124,Fri,6
2026-05-15 07:00:00.000,East,808,44228,54.7,1734.16,2.15,212.2,104.54,0.10455,Fri,7
2026-05-15 07:00:00.000,North,914,50147,54.9,2024.88,2.22,214.9,104.54,0.10455,Fri,7
2026-05-15 07:00:00.000,South,1122,61897,55.2,2518.83,2.24,279.3,104.54,0.10455,Fri,7
2026-05-15 07:00:00.000,West,1198,66302,55.3,2655.5,2.22,333.9,104.54,0.10455,Fri,7
2026-05-15 08:00:00.000,East,808,44289,54.8,2041.5,2.53,214.6,81.7825,0.0818,Fri,8
2026-05-15 08:00:00.000,North,914,50131,54.8,2317.92,2.54,266.7,81.7825,0.0818,Fri,8
2026-05-15 08:00:00.000,South,1122,62318,55.5,2852.82,2.54,270.5,81.7825,0.0818,Fri,8
2026-05-15 08:00:00.000,West,1198,66376,55.4,3100.38,2.59,271.8,81.7825,0.0818,Fri,8
2026-05-15 09:00:00.000,East,808,65696,81.3,2315.07,2.87,2647.4,66.8175,0.066825,Fri,9
2026-05-15 09:00:00.000,North,914,74169,81.1,2693.99,2.95,2964,66.8175,0.066825,Fri,9
2026-05-15 09:00:00.000,South,1122,90728,80.9,3225.98,2.88,3662.1,66.8175,0.066825,Fri,9
2026-05-15 09:00:00.000,West,1198,97304,81.2,3443.12,2.87,3919.3,66.8175,0.066825,Fri,9
2026-05-15 10:00:00.000,East,808,65577,81.2,2657.18,3.29,2637.7,54.3025,0.054275,Fri,10
2026-05-15 10:00:00.000,North,914,74145,81.1,3000.38,3.28,2978.2,54.3025,0.054275,Fri,10
2026-05-15 10:00:00.000,South,1122,90985,81.1,3544.9,3.16,3653.7,54.3025,0.054275,Fri,10
2026-05-15 10:00:00.000,West,1198,97243,81.2,3962.18,3.31,3872.6,54.3025,0.054275,Fri,10
2026-05-15 11:00:00.000,East,808,65466,81,2829.43,3.5,2635,40.3225,0.040325,Fri,11
2026-05-15 11:00:00.000,North,914,74304,81.3,3270.42,3.58,2945.2,40.3225,0.040325,Fri,11
2026-05-15 11:00:00.000,South,1122,90970,81.1,4013.85,3.58,3628.2,40.3225,0.040325,Fri,11
2026-05-15 11:00:00.000,West,1198,96801,80.8,4264.37,3.56,3839.3,40.3225,0.040325,Fri,11
2026-05-15 12:00:00.000,East,808,65588,81.2,3073.08,3.8,2639.8,40.1475,0.04015,Fri,12
2026-05-15 12:00:00.000,North,914,73895,80.8,3662.2,4.01,2985.6,40.1475,0.04015,Fri,12
2026-05-15 12:00:00.000,South,1122,90692,80.8,4389.94,3.91,3650.5,40.1475,0.04015,Fri,12
2026-05-15 12:00:00.000,West,1198,97325,81.2,4669.82,3.9,3880.6,40.1475,0.04015,Fri,12
2026-05-15 13:00:00.000,East,808,65572,81.2,3294.1,4.08,2619.8,51.0025,0.051,Fri,13
2026-05-15 13:00:00.000,North,914,74083,81.1,3911.6,4.28,2948.4,51.0025,0.051,Fri,13
2026-05-15 13:00:00.000,South,1122,90922,81,4841,4.31,3638.1,51.0025,0.051,Fri,13
2026-05-15 13:00:00.000,West,1198,97515,81.4,5063.8,4.23,3949.5,51.0025,0.051,Fri,13
2026-05-15 14:00:00.000,East,808,45225,56,3181.93,3.94,223.4,77.32,0.077325,Fri,14
2026-05-15 14:00:00.000,North,914,50563,55.3,3661.5,4.01,253.7,77.32,0.077325,Fri,14
2026-05-15 14:00:00.000,South,1122,61200,54.5,4377.71,3.9,316,77.32,0.077325,Fri,14
2026-05-15 14:00:00.000,West,1198,65844,55,4548.59,3.8,338.9,77.32,0.077325,Fri,14
2026-05-15 15:00:00.000,East,808,44170,54.7,2926.05,3.62,196,105.0475,0.10505,Fri,15
2026-05-15 15:00:00.000,North,914,50067,54.8,3193,3.49,227.7,105.0475,0.10505,Fri,15
2026-05-15 15:00:00.000,South,1122,61645,54.9,4014.87,3.58,219.3,105.0475,0.10505,Fri,15
2026-05-15 15:00:00.000,West,1198,66229,55.3,4204.31,3.51,244.9,105.0475,0.10505,Fri,15
2026-05-15 16:00:00.000,East,808,44518,55.1,2528.8,3.13,191.7,125.0425,0.12505,Fri,16
2026-05-15 16:00:00.000,North,914,50205,54.9,2954.44,3.23,215,125.0425,0.12505,Fri,16
2026-05-15 16:00:00.000,South,1122,61636,54.9,3633.6,3.24,244.4,125.0425,0.12505,Fri,16
2026-05-15 16:00:00.000,West,1198,65712,54.9,3826.04,3.19,321.7,125.0425,0.12505,Fri,16
2026-05-15 17:00:00.000,East,808,19309,23.9,2348.12,2.91,-2787,143.31,0.143325,Fri,17
2026-05-15 17:00:00.000,North,914,21294,23.3,2664.81,2.92,-3247,143.31,0.143325,Fri,17
2026-05-15 17:00:00.000,South,1122,26128,23.3,3280.08,2.92,-3914,143.31,0.143325,Fri,17
2026-05-15 17:00:00.000,West,1198,27956,23.3,3487.13,2.91,-4187,143.31,0.143325,Fri,17
2026-05-15 18:00:00.000,East,808,19355,24,1955.4,2.42,-2866,153.455,0.153475,Fri,18
2026-05-15 18:00:00.000,North,914,21301,23.3,2339.28,2.56,-3244,153.455,0.153475,Fri,18
2026-05-15 18:00:00.000,South,1122,26542,23.7,2850.12,2.54,-3853,153.455,0.153475,Fri,18
2026-05-15 18:00:00.000,West,1198,28263,23.6,3049.74,2.55,-4159,153.455,0.153475,Fri,18
2026-05-15 19:00:00.000,East,808,19064,23.6,1751.94,2.17,-2782,151.145,0.15115,Fri,19
2026-05-15 19:00:00.000,North,914,21481,23.5,2032.63,2.22,-3134,151.145,0.15115,Fri,19
2026-05-15 19:00:00.000,South,1122,26122,23.3,2496.12,2.22,-3903,151.145,0.15115,Fri,19
2026-05-15 19:00:00.000,West,1198,28109,23.5,2672.36,2.23,-4157,151.145,0.15115,Fri,19
2026-05-15 20:00:00.000,East,808,19185,23.7,1478.6,1.83,-2853,144.685,0.144675,Fri,20
2026-05-15 20:00:00.000,North,914,21568,23.6,1699.39,1.86,-3181,144.685,0.144675,Fri,20
2026-05-15 20:00:00.000,South,1122,26425,23.6,2098.73,1.87,-3937,144.685,0.144675,Fri,20
2026-05-15 20:00:00.000,West,1198,28348,23.7,2206.49,1.84,-4212,144.685,0.144675,Fri,20
2026-05-15 21:00:00.000,East,808,18991,23.5,0,0,-2827,135.5125,0.135525,Fri,21
2026-05-15 21:00:00.000,North,914,21568,23.6,0,0,-3186,135.5125,0.135525,Fri,21
2026-05-15 21:00:00.000,South,1122,26483,23.6,0,0,-3901,135.5125,0.135525,Fri,21
2026-05-15 21:00:00.000,West,1198,28294,23.6,0,0,-4190,135.5125,0.135525,Fri,21
2026-05-15 22:00:00.000,East,808,44824,55.5,0,0,209.6,130,0.13,Fri,22
2026-05-15 22:00:00.000,North,914,50411,55.2,0,0,224.9,130,0.13,Fri,22
2026-05-15 22:00:00.000,South,1122,61504,54.8,0,0,295.2,130,0.13,Fri,22
2026-05-15 22:00:00.000,West,1198,65383,54.6,0,0,293.4,130,0.13,Fri,22
2026-05-15 23:00:00.000,East,808,44305,54.8,0,0,192.4,121.7875,0.1218,Fri,23
2026-05-15 23:00:00.000,North,914,50218,54.9,0,0,194,121.7875,0.1218,Fri,23
2026-05-15 23:00:00.000,South,1122,61160,54.5,0,0,266.6,121.7875,0.1218,Fri,23
2026-05-15 23:00:00.000,West,1198,65798,54.9,0,0,281.9,121.7875,0.1218,Fri,23
2026-05-16 00:00:00.000,East,808,44777,55.4,0,0,198.3,117.5625,0.117575,Sat,0
2026-05-16 00:00:00.000,North,914,50520,55.3,0,0,223.6,117.5625,0.117575,Sat,0
2026-05-16 00:00:00.000,South,1122,61873,55.1,0,0,307.8,117.5625,0.117575,Sat,0
2026-05-16 00:00:00.000,West,1198,66029,55.1,0,0,369.4,117.5625,0.117575,Sat,0
2026-05-16 01:00:00.000,East,808,44115,54.6,0,0,217.7,116.0025,0.116025,Sat,1
2026-05-16 01:00:00.000,North,914,50534,55.3,0,0,238.3,116.0025,0.116025,Sat,1
2026-05-16 01:00:00.000,South,1122,61622,54.9,0,0,245,116.0025,0.116025,Sat,1
2026-05-16 01:00:00.000,West,1198,65662,54.8,0,0,318.3,116.0025,0.116025,Sat,1
2026-05-16 02:00:00.000,East,808,44247,54.8,0,0,199.8,114.02,0.114025,Sat,2
2026-05-16 02:00:00.000,North,914,50312,55,0,0,250.1,114.02,0.114025,Sat,2
2026-05-16 02:00:00.000,South,1122,62215,55.5,0,0,288.8,114.02,0.114025,Sat,2
2026-05-16 02:00:00.000,West,1198,66052,55.1,0,0,292.6,114.02,0.114025,Sat,2
2026-05-16 03:00:00.000,East,808,44729,55.4,0,0,203.9,109.3425,0.10935,Sat,3
2026-05-16 03:00:00.000,North,914,50097,54.8,0,0,231.7,109.3425,0.10935,Sat,3
2026-05-16 03:00:00.000,South,1122,61939,55.2,0,0,298,109.3425,0.10935,Sat,3
2026-05-16 03:00:00.000,West,1198,66067,55.1,0,0,236.7,109.3425,0.10935,Sat,3
2026-05-16 04:00:00.000,East,808,44643,55.3,0,0,219.9,105.7075,0.105725,Sat,4
2026-05-16 04:00:00.000,North,914,50292,55,0,0,216.2,105.7075,0.105725,Sat,4
2026-05-16 04:00:00.000,South,1122,62249,55.5,0,0,354.1,105.7075,0.105725,Sat,4
2026-05-16 04:00:00.000,West,1198,65513,54.7,0,0,298.8,105.7075,0.105725,Sat,4
2026-05-16 05:00:00.000,East,808,44073,54.5,0,0,124.7,100.045,0.10005,Sat,5
2026-05-16 05:00:00.000,North,914,49992,54.7,0,0,246.6,100.045,0.10005,Sat,5
2026-05-16 05:00:00.000,South,1122,61916,55.2,0,0,249.1,100.045,0.10005,Sat,5
2026-05-16 05:00:00.000,West,1198,65854,55,0,0,290,100.045,0.10005,Sat,5
2026-05-16 06:00:00.000,East,808,44784,55.4,1516.78,1.88,191.7,86.9525,0.08695,Sat,6
2026-05-16 06:00:00.000,North,914,49844,54.5,1714.28,1.88,236,86.9525,0.08695,Sat,6
2026-05-16 06:00:00.000,South,1122,62099,55.3,2076.79,1.85,307.6,86.9525,0.08695,Sat,6
2026-05-16 06:00:00.000,West,1198,66703,55.7,2228.33,1.86,254.2,86.9525,0.08695,Sat,6
2026-05-16 07:00:00.000,East,808,65431,81,1745.01,2.16,2607.4,43.9525,0.04395,Sat,7
2026-05-16 07:00:00.000,North,914,74227,81.2,2080.31,2.28,2981.3,43.9525,0.04395,Sat,7
2026-05-16 07:00:00.000,South,1122,90854,81,2520.98,2.25,3630.4,43.9525,0.04395,Sat,7
2026-05-16 07:00:00.000,West,1198,97288,81.2,2648.66,2.21,3912.6,43.9525,0.04395,Sat,7
2026-05-16 08:00:00.000,East,808,65404,80.9,2050.32,2.54,2610.3,4.2025,0.004225,Sat,8
2026-05-16 08:00:00.000,North,914,74167,81.1,2287.56,2.5,2968.1,4.2025,0.004225,Sat,8
2026-05-16 08:00:00.000,South,1122,90813,80.9,2900.94,2.59,3667,4.2025,0.004225,Sat,8
2026-05-16 08:00:00.000,West,1198,97192,81.1,3076.38,2.57,3911.9,4.2025,0.004225,Sat,8
2026-05-16 09:00:00.000,East,808,72815,90.1,2330.15,2.88,3446.1,-0.03,-2.5e-05,Sat,9
2026-05-16 09:00:00.000,North,914,82219,90,2607.36,2.85,3889.3,-0.03,-2.5e-05,Sat,9
2026-05-16 09:00:00.000,South,1122,100739,89.8,3304.41,2.95,4784.6,-0.03,-2.5e-05,Sat,9
2026-05-16 09:00:00.000,West,1198,107704,89.9,3398.68,2.84,5092.7,-0.03,-2.5e-05,Sat,9
2026-05-16 10:00:00.000,East,808,72765,90.1,2605.2,3.22,3416.2,-1.195,-0.0012,Sat,10
2026-05-16 10:00:00.000,North,914,82210,89.9,2927.47,3.2,3866.2,-1.195,-0.0012,Sat,10
2026-05-16 10:00:00.000,South,1122,101128,90.1,3669.88,3.27,4760.2,-1.195,-0.0012,Sat,10
2026-05-16 10:00:00.000,West,1198,107788,90,3898.66,3.25,5091.5,-1.195,-0.0012,Sat,10
2026-05-16 11:00:00.000,East,808,72683,90,2902.62,3.59,3426.8,-2.2,-0.002175,Sat,11
2026-05-16 11:00:00.000,North,914,82276,90,3233.53,3.54,3903.7,-2.2,-0.002175,Sat,11
2026-05-16 11:00:00.000,South,1122,101109,90.1,4064.58,3.62,4770.6,-2.2,-0.002175,Sat,11
2026-05-16 11:00:00.000,West,1198,107636,89.8,4263.48,3.56,5090.6,-2.2,-0.002175,Sat,11
2026-05-16 12:00:00.000,East,808,72743,90,2995.84,3.71,3433.1,-1.9325,-0.00195,Sat,12
2026-05-16 12:00:00.000,North,914,82131,89.9,3597.78,3.94,3865.4,-1.9325,-0.00195,Sat,12
2026-05-16 12:00:00.000,South,1122,100995,90,4493.71,4.01,4770.7,-1.9325,-0.00195,Sat,12
2026-05-16 12:00:00.000,West,1198,107780,90,4715.28,3.94,5117.9,-1.9325,-0.00195,Sat,12
2026-05-16 13:00:00.000,East,808,72611,89.9,3436.9,4.25,3451,-0.9975,-0.001025,Sat,13
2026-05-16 13:00:00.000,North,914,82112,89.8,4021,4.4,3867.4,-0.9975,-0.001025,Sat,13
2026-05-16 13:00:00.000,South,1122,101012,90,4689.9,4.18,4764,-0.9975,-0.001025,Sat,13
2026-05-16 13:00:00.000,West,1198,107816,90,5067,4.23,5108.1,-0.9975,-0.001025,Sat,13
2026-05-16 14:00:00.000,East,808,65265,80.8,3200.48,3.96,2641.9,4.78,0.004775,Sat,14
2026-05-16 14:00:00.000,North,914,73978,80.9,3662.55,4.01,2992.1,4.78,0.004775,Sat,14
2026-05-16 14:00:00.000,South,1122,90590,80.7,4418.71,3.94,3701.5,4.78,0.004775,Sat,14
2026-05-16 14:00:00.000,West,1198,97041,81,4722.25,3.94,3893.6,4.78,0.004775,Sat,14
2026-05-16 15:00:00.000,East,808,65716,81.3,2838.36,3.51,2575,60.0925,0.060075,Sat,15
2026-05-16 15:00:00.000,North,914,74351,81.3,3236.93,3.54,2982.7,60.0925,0.060075,Sat,15
2026-05-16 15:00:00.000,South,1122,90443,80.6,3940.31,3.51,3655.7,60.0925,0.060075,Sat,15
2026-05-16 15:00:00.000,West,1198,97070,81,4300.76,3.59,3865.7,60.0925,0.060075,Sat,15
2026-05-16 16:00:00.000,East,808,44374,54.9,2691.47,3.33,162.7,100.2225,0.100225,Sat,16
2026-05-16 16:00:00.000,North,914,50143,54.9,2953.65,3.23,250.5,100.2225,0.100225,Sat,16
2026-05-16 16:00:00.000,South,1122,61969,55.2,3707.74,3.3,294.4,100.2225,0.100225,Sat,16
2026-05-16 16:00:00.000,West,1198,65325,54.5,3836.76,3.2,261.9,100.2225,0.100225,Sat,16
2026-05-16 17:00:00.000,East,808,43961,54.4,2365.87,2.93,161.8,126.47,0.126475,Sat,17
2026-05-16 17:00:00.000,North,914,49905,54.6,2565.42,2.81,189.8,126.47,0.126475,Sat,17
2026-05-16 17:00:00.000,South,1122,61625,54.9,3292.73,2.93,285,126.47,0.126475,Sat,17
2026-05-16 17:00:00.000,West,1198,65711,54.9,3406.85,2.84,296.8,126.47,0.126475,Sat,17
2026-05-16 18:00:00.000,East,808,19042,23.6,2005.86,2.48,-2809,139.9975,0.14,Sat,18
2026-05-16 18:00:00.000,North,914,21592,23.6,2320.38,2.54,-3250,139.9975,0.14,Sat,18
2026-05-16 18:00:00.000,South,1122,26683,23.8,2870.88,2.56,-3945,139.9975,0.14,Sat,18
2026-05-16 18:00:00.000,West,1198,28355,23.7,2962.98,2.47,-4132,139.9975,0.14,Sat,18
2026-05-16 19:00:00.000,East,808,19157,23.7,1798.66,2.23,-2852,140.6875,0.140725,Sat,19
2026-05-16 19:00:00.000,North,914,21425,23.4,2036.68,2.23,-3248,140.6875,0.140725,Sat,19
2026-05-16 19:00:00.000,South,1122,26052,23.2,2535.81,2.26,-3994,140.6875,0.140725,Sat,19
2026-05-16 19:00:00.000,West,1198,28795,24,2589.18,2.16,-4197,140.6875,0.140725,Sat,19
2026-05-16 20:00:00.000,East,808,19337,23.9,1533.43,1.9,-2802,135.99,0.135975,Sat,20
2026-05-16 20:00:00.000,North,914,21456,23.5,1776.14,1.94,-3183,135.99,0.135975,Sat,20
2026-05-16 20:00:00.000,South,1122,26510,23.6,2099.16,1.87,-3838,135.99,0.135975,Sat,20
2026-05-16 20:00:00.000,West,1198,28340,23.7,2219.91,1.85,-4166,135.99,0.135975,Sat,20
2026-05-16 21:00:00.000,East,808,44381,54.9,0,0,258,127.7,0.127725,Sat,21
2026-05-16 21:00:00.000,North,914,50109,54.8,0,0,232.4,127.7,0.127725,Sat,21
2026-05-16 21:00:00.000,South,1122,62040,55.3,0,0,309.9,127.7,0.127725,Sat,21
2026-05-16 21:00:00.000,West,1198,66384,55.4,0,0,317.9,127.7,0.127725,Sat,21
2026-05-16 22:00:00.000,East,808,44397,54.9,0,0,161.5,127.7175,0.127725,Sat,22
2026-05-16 22:00:00.000,North,914,50457,55.2,0,0,257.3,127.7175,0.127725,Sat,22
2026-05-16 22:00:00.000,South,1122,62373,55.6,0,0,292.1,127.7175,0.127725,Sat,22
2026-05-16 22:00:00.000,West,1198,65676,54.8,0,0,319.9,127.7175,0.127725,Sat,22
2026-05-16 23:00:00.000,East,808,44239,54.8,0,0,151.9,119.0625,0.11905,Sat,23
2026-05-16 23:00:00.000,North,914,50617,55.4,0,0,194,119.0625,0.11905,Sat,23
2026-05-16 23:00:00.000,South,1122,61937,55.2,0,0,273.5,119.0625,0.11905,Sat,23
2026-05-16 23:00:00.000,West,1198,66283,55.3,0,0,256.4,119.0625,0.11905,Sat,23
2026-05-17 00:00:00.000,East,808,44309,54.8,0,0,183.2,115.565,0.11555,Sun,0
2026-05-17 00:00:00.000,North,914,50861,55.6,0,0,286.8,115.565,0.11555,Sun,0
2026-05-17 00:00:00.000,South,1122,62311,55.5,0,0,201.2,115.565,0.11555,Sun,0
2026-05-17 00:00:00.000,West,1198,65910,55,0,0,333.4,115.565,0.11555,Sun,0
2026-05-17 01:00:00.000,East,808,44589,55.2,0,0,171.1,113.8975,0.113875,Sun,1
2026-05-17 01:00:00.000,North,914,50433,55.2,0,0,182.6,113.8975,0.113875,Sun,1
2026-05-17 01:00:00.000,South,1122,61850,55.1,0,0,230.1,113.8975,0.113875,Sun,1
2026-05-17 01:00:00.000,West,1198,66198,55.3,0,0,323.3,113.8975,0.113875,Sun,1
2026-05-17 02:00:00.000,East,808,44189,54.7,0,0,196.6,109.17,0.109175,Sun,2
2026-05-17 02:00:00.000,North,914,50265,55,0,0,219.9,109.17,0.109175,Sun,2
2026-05-17 02:00:00.000,South,1122,61879,55.2,0,0,315.4,109.17,0.109175,Sun,2
2026-05-17 02:00:00.000,West,1198,65561,54.7,0,0,309.3,109.17,0.109175,Sun,2
2026-05-17 03:00:00.000,East,808,44472,55,0,0,183.6,105.445,0.105425,Sun,3
2026-05-17 03:00:00.000,North,914,50252,55,0,0,267.4,105.445,0.105425,Sun,3
2026-05-17 03:00:00.000,South,1122,61884,55.2,0,0,258.1,105.445,0.105425,Sun,3
2026-05-17 03:00:00.000,West,1198,66365,55.4,0,0,272.5,105.445,0.105425,Sun,3
2026-05-17 04:00:00.000,East,808,44803,55.4,0,0,215.9,98.7925,0.098775,Sun,4
2026-05-17 04:00:00.000,North,914,49912,54.6,0,0,205.1,98.7925,0.098775,Sun,4
2026-05-17 04:00:00.000,South,1122,61221,54.6,0,0,294.3,98.7925,0.098775,Sun,4
2026-05-17 04:00:00.000,West,1198,65612,54.8,0,0,341.3,98.7925,0.098775,Sun,4
2026-05-17 05:00:00.000,East,808,44386,54.9,0,0,162,80.795,0.0808,Sun,5
2026-05-17 05:00:00.000,North,914,50503,55.3,0,0,238.5,80.795,0.0808,Sun,5
2026-05-17 05:00:00.000,South,1122,61885,55.2,0,0,225,80.795,0.0808,Sun,5
2026-05-17 05:00:00.000,West,1198,66156,55.2,0,0,347.5,80.795,0.0808,Sun,5
2026-05-17 06:00:00.000,East,808,65102,80.6,1526.94,1.89,2644.6,53.8425,0.05385,Sun,6
2026-05-17 06:00:00.000,North,914,74181,81.2,1751.74,1.92,3017.1,53.8425,0.05385,Sun,6
2026-05-17 06:00:00.000,South,1122,91566,81.6,2095.85,1.87,3644.6,53.8425,0.05385,Sun,6
2026-05-17 06:00:00.000,West,1198,97134,81.1,2312.52,1.93,3899.5,53.8425,0.05385,Sun,6
2026-05-17 07:00:00.000,East,808,65490,81.1,1802.22,2.23,2610.3,18.97,0.018975,Sun,7
2026-05-17 07:00:00.000,North,914,73840,80.8,2031.25,2.22,2987.6,18.97,0.018975,Sun,7
2026-05-17 07:00:00.000,South,1122,90622,80.8,2506.66,2.23,3692.6,18.97,0.018975,Sun,7
2026-05-17 07:00:00.000,West,1198,97050,81,2637.95,2.2,3895.5,18.97,0.018975,Sun,7
2026-05-17 08:00:00.000,East,808,65422,81,2056.98,2.55,2655.2,3.49,0.003475,Sun,8
2026-05-17 08:00:00.000,North,914,73666,80.6,2369.7,2.59,2957.7,3.49,0.003475,Sun,8
2026-05-17 08:00:00.000,South,1122,90853,81,2842.74,2.53,3654.3,3.49,0.003475,Sun,8
2026-05-17 08:00:00.000,West,1198,97186,81.1,3019.8,2.52,3886.7,3.49,0.003475,Sun,8
2026-05-17 09:00:00.000,East,808,65307,80.8,2410.79,2.98,2629.7,0.56,0.000575,Sun,9
2026-05-17 09:00:00.000,North,914,73888,80.8,2586.47,2.83,2951.9,0.56,0.000575,Sun,9
2026-05-17 09:00:00.000,South,1122,91123,81.2,3302.24,2.94,3706.6,0.56,0.000575,Sun,9
2026-05-17 09:00:00.000,West,1198,96947,80.9,3430.43,2.86,3867.1,0.56,0.000575,Sun,9
2026-05-17 10:00:00.000,East,808,65357,80.9,2565.58,3.18,2613.2,0.8225,0.000825,Sun,10
2026-05-17 10:00:00.000,North,914,74233,81.2,3008.4,3.29,2958.7,0.8225,0.000825,Sun,10
2026-05-17 10:00:00.000,South,1122,90844,81,3696.03,3.29,3681.7,0.8225,0.000825,Sun,10
2026-05-17 10:00:00.000,West,1198,97296,81.2,3965.49,3.31,3942.8,0.8225,0.000825,Sun,10
2026-05-17 11:00:00.000,East,808,65373,80.9,2822.03,3.49,2597.4,0,0,Sun,11
2026-05-17 11:00:00.000,North,914,73960,80.9,3312.69,3.62,2940.6,0,0,Sun,11
2026-05-17 11:00:00.000,South,1122,90660,80.8,4056.67,3.62,3593.5,0,0,Sun,11
2026-05-17 11:00:00.000,West,1198,97087,81,4275.98,3.57,3879.6,0,0,Sun,11
2026-05-17 12:00:00.000,East,808,65381,80.9,3100.26,3.84,2623.1,0.98,0.001,Sun,12
2026-05-17 12:00:00.000,North,914,73898,80.9,3796.07,4.15,2981.7,0.98,0.001,Sun,12
2026-05-17 12:00:00.000,South,1122,90775,80.9,4364.32,3.89,3689.8,0.98,0.001,Sun,12
2026-05-17 12:00:00.000,West,1198,96986,81,4753.38,3.97,3856.2,0.98,0.001,Sun,12
2026-05-17 13:00:00.000,East,808,65531,81.1,3396.6,4.2,2605.9,11.31,0.01135,Sun,13
2026-05-17 13:00:00.000,North,914,73935,80.9,3931.7,4.3,2943.9,11.31,0.01135,Sun,13
2026-05-17 13:00:00.000,South,1122,91013,81.1,4847.9,4.32,3652.6,11.31,0.01135,Sun,13
2026-05-17 13:00:00.000,West,1198,97478,81.4,4983.3,4.16,3941.8,11.31,0.01135,Sun,13
2026-05-17 14:00:00.000,East,808,65493,81.1,3139.11,3.89,2625,52.4375,0.052425,Sun,14
2026-05-17 14:00:00.000,North,914,74210,81.2,3641.61,3.98,2993.5,52.4375,0.052425,Sun,14
2026-05-17 14:00:00.000,South,1122,90954,81.1,4395.47,3.92,3685.1,52.4375,0.052425,Sun,14
2026-05-17 14:00:00.000,West,1198,97182,81.1,4650.65,3.88,3887.3,52.4375,0.052425,Sun,14
2026-05-17 15:00:00.000,East,808,44599,55.2,2875.58,3.56,165.8,100.315,0.100325,Sun,15
2026-05-17 15:00:00.000,North,914,50220,54.9,3203.08,3.5,204.4,100.315,0.100325,Sun,15
2026-05-17 15:00:00.000,South,1122,61968,55.2,4080.89,3.64,308.6,100.315,0.100325,Sun,15
2026-05-17 15:00:00.000,West,1198,65701,54.8,4290.51,3.58,314.4,100.315,0.100325,Sun,15
2026-05-17 16:00:00.000,East,808,44436,55,2620.39,3.24,211.5,129.3875,0.129375,Sun,16
2026-05-17 16:00:00.000,North,914,50229,55,3001.07,3.28,247.6,129.3875,0.129375,Sun,16
2026-05-17 16:00:00.000,South,1122,61829,55.1,3538.52,3.15,311.7,129.3875,0.129375,Sun,16
2026-05-17 16:00:00.000,West,1198,66067,55.1,3860.54,3.22,296.1,129.3875,0.129375,Sun,16
2026-05-17 17:00:00.000,East,808,19016,23.5,2285.36,2.83,-2793,143.0675,0.143075,Sun,17
2026-05-17 17:00:00.000,North,914,21416,23.4,2610.08,2.86,-3208,143.0675,0.143075,Sun,17
2026-05-17 17:00:00.000,South,1122,26384,23.5,3161.52,2.82,-3928,143.0675,0.143075,Sun,17
2026-05-17 17:00:00.000,West,1198,28392,23.7,3429.73,2.86,-4239,143.0675,0.143075,Sun,17
2026-05-17 18:00:00.000,East,808,19276,23.9,2067.42,2.56,-2818,155.8,0.1558,Sun,18
2026-05-17 18:00:00.000,North,914,21699,23.7,2233.26,2.44,-3214,155.8,0.1558,Sun,18
2026-05-17 18:00:00.000,South,1122,26362,23.5,2812.2,2.51,-3968,155.8,0.1558,Sun,18
2026-05-17 18:00:00.000,West,1198,28155,23.5,3072.78,2.56,-4213,155.8,0.1558,Sun,18
2026-05-17 19:00:00.000,East,808,19115,23.7,1813.78,2.24,-2810,156.705,0.1567,Sun,19
2026-05-17 19:00:00.000,North,914,21585,23.6,2043.3,2.24,-3225,156.705,0.1567,Sun,19
2026-05-17 19:00:00.000,South,1122,26780,23.9,2520.12,2.25,-3939,156.705,0.1567,Sun,19
2026-05-17 19:00:00.000,West,1198,27891,23.3,2605.06,2.17,-4154,156.705,0.1567,Sun,19
2026-05-17 20:00:00.000,East,808,19295,23.9,1507.03,1.87,-2842,151.3675,0.15135,Sun,20
2026-05-17 20:00:00.000,North,914,21611,23.6,1700.17,1.86,-3184,151.3675,0.15135,Sun,20
2026-05-17 20:00:00.000,South,1122,26778,23.9,2049.48,1.83,-3969,151.3675,0.15135,Sun,20
2026-05-17 20:00:00.000,West,1198,27818,23.2,2156.33,1.8,-4141,151.3675,0.15135,Sun,20
2026-05-17 21:00:00.000,East,808,19015,23.5,0,0,-2784,142.575,0.142575,Sun,21
2026-05-17 21:00:00.000,North,914,21672,23.7,0,0,-3181,142.575,0.142575,Sun,21
2026-05-17 21:00:00.000,South,1122,26429,23.6,0,0,-3916,142.575,0.142575,Sun,21
2026-05-17 21:00:00.000,West,1198,28258,23.6,0,0,-4182,142.575,0.142575,Sun,21
2026-05-17 22:00:00.000,East,808,18983,23.5,0,0,-2785,134.6575,0.134675,Sun,22
2026-05-17 22:00:00.000,North,914,21128,23.1,0,0,-3179,134.6575,0.134675,Sun,22
2026-05-17 22:00:00.000,South,1122,26537,23.7,0,0,-3955,134.6575,0.134675,Sun,22
2026-05-17 22:00:00.000,West,1198,27987,23.4,0,0,-4134,134.6575,0.134675,Sun,22
2026-05-17 23:00:00.000,East,808,44409,55,0,0,238.3,125.9725,0.125975,Sun,23
2026-05-17 23:00:00.000,North,914,50415,55.2,0,0,173.7,125.9725,0.125975,Sun,23
2026-05-17 23:00:00.000,South,1122,61661,55,0,0,322.4,125.9725,0.125975,Sun,23
2026-05-17 23:00:00.000,West,1198,66233,55.3,0,0,355,125.9725,0.125975,Sun,23
2026-05-18 00:00:00.000,East,808,44319,54.9,0,0,214.9,125.9975,0.126,Mon,0
2026-05-18 00:00:00.000,North,914,50337,55.1,0,0,220.9,125.9975,0.126,Mon,0
2026-05-18 00:00:00.000,South,1122,61853,55.1,0,0,274.7,125.9975,0.126,Mon,0
2026-05-18 00:00:00.000,West,1198,66193,55.3,0,0,284.7,125.9975,0.126,Mon,0
2026-05-18 01:00:00.000,East,808,44395,54.9,0,0,210,126.3925,0.1264,Mon,1
2026-05-18 01:00:00.000,North,914,50140,54.9,0,0,176.1,126.3925,0.1264,Mon,1
2026-05-18 01:00:00.000,South,1122,61706,55,0,0,266.4,126.3925,0.1264,Mon,1
2026-05-18 01:00:00.000,West,1198,66078,55.2,0,0,250.9,126.3925,0.1264,Mon,1
2026-05-18 02:00:00.000,East,808,44543,55.1,0,0,213.8,129.36,0.129375,Mon,2
2026-05-18 02:00:00.000,North,914,50607,55.4,0,0,186.3,129.36,0.129375,Mon,2
2026-05-18 02:00:00.000,South,1122,61329,54.7,0,0,257.3,129.36,0.129375,Mon,2
2026-05-18 02:00:00.000,West,1198,65893,55,0,0,276.8,129.36,0.129375,Mon,2
2026-05-18 03:00:00.000,East,808,18996,23.5,0,0,-2868,137.0225,0.137025,Mon,3
2026-05-18 03:00:00.000,North,914,21246,23.2,0,0,-3242,137.0225,0.137025,Mon,3
2026-05-18 03:00:00.000,South,1122,26559,23.7,0,0,-3876,137.0225,0.137025,Mon,3
2026-05-18 03:00:00.000,West,1198,28018,23.4,0,0,-4161,137.0225,0.137025,Mon,3
2026-05-18 04:00:00.000,East,808,19004,23.5,0,0,-2859,152.5175,0.152525,Mon,4
2026-05-18 04:00:00.000,North,914,21762,23.8,0,0,-3219,152.5175,0.152525,Mon,4
2026-05-18 04:00:00.000,South,1122,26578,23.7,0,0,-4026,152.5175,0.152525,Mon,4
2026-05-18 04:00:00.000,West,1198,27938,23.3,0,0,-4129,152.5175,0.152525,Mon,4
2026-05-18 05:00:00.000,East,808,18920,23.4,0,0,-2820,160.075,0.160075,Mon,5
2026-05-18 05:00:00.000,North,914,21541,23.6,0,0,-3236,160.075,0.160075,Mon,5
2026-05-18 05:00:00.000,South,1122,26322,23.5,0,0,-3904,160.075,0.160075,Mon,5
2026-05-18 05:00:00.000,West,1198,27920,23.3,0,0,-4231,160.075,0.160075,Mon,5
2026-05-18 06:00:00.000,East,808,19124,23.7,1507.11,1.87,-2851,152.105,0.152125,Mon,6
2026-05-18 06:00:00.000,North,914,21292,23.3,1715.24,1.88,-3176,152.105,0.152125,Mon,6
2026-05-18 06:00:00.000,South,1122,26199,23.4,2061.52,1.84,-3969,152.105,0.152125,Mon,6
2026-05-18 06:00:00.000,West,1198,28218,23.6,2226.38,1.86,-4169,152.105,0.152125,Mon,6
2026-05-18 07:00:00.000,East,808,44344,54.9,1722.96,2.13,193.4,125.88,0.125875,Mon,7
2026-05-18 07:00:00.000,North,914,50027,54.7,2003.76,2.19,237,125.88,0.125875,Mon,7
2026-05-18 07:00:00.000,South,1122,61519,54.8,2391.78,2.13,318.1,125.88,0.125875,Mon,7
2026-05-18 07:00:00.000,West,1198,66420,55.4,2627.27,2.19,302.4,125.88,0.125875,Mon,7
2026-05-18 08:00:00.000,East,808,44244,54.8,2077.2,2.57,211.3,107.85,0.107875,Mon,8
2026-05-18 08:00:00.000,North,914,50413,55.2,2393.76,2.62,256.3,107.85,0.107875,Mon,8
2026-05-18 08:00:00.000,South,1122,61718,55,2770.56,2.47,269.9,107.85,0.107875,Mon,8
2026-05-18 08:00:00.000,West,1198,65738,54.9,2990.76,2.5,337.9,107.85,0.107875,Mon,8
2026-05-18 09:00:00.000,East,808,43921,54.4,2359.6,2.92,163.5,100.0525,0.10005,Mon,9
2026-05-18 09:00:00.000,North,914,49922,54.6,2670.82,2.92,264.2,100.0525,0.10005,Mon,9
2026-05-18 09:00:00.000,South,1122,62019,55.3,3171.22,2.83,330.1,100.0525,0.10005,Mon,9
2026-05-18 09:00:00.000,West,1198,65832,55,3554.47,2.97,309.6,100.0525,0.10005,Mon,9
2026-05-18 10:00:00.000,East,808,44826,55.5,2677.04,3.31,156.8,94.895,0.0949,Mon,10
2026-05-18 10:00:00.000,North,914,50358,55.1,2951.12,3.23,182.8,94.895,0.0949,Mon,10
2026-05-18 10:00:00.000,South,1122,62036,55.3,3612.11,3.22,272.6,94.895,0.0949,Mon,10
2026-05-18 10:00:00.000,West,1198,65731,54.9,3904.39,3.26,351.8,94.895,0.0949,Mon,10
2026-05-18 11:00:00.000,East,808,44303,54.8,2854.87,3.53,203.3,94.9775,0.094975,Mon,11
2026-05-18 11:00:00.000,North,914,50319,55.1,3248.96,3.55,174.2,94.9775,0.094975,Mon,11
2026-05-18 11:00:00.000,South,1122,61798,55.1,4039.6,3.6,256.3,94.9775,0.094975,Mon,11
2026-05-18 11:00:00.000,West,1198,66565,55.6,4353.99,3.63,279,94.9775,0.094975,Mon,11
2026-05-18 12:00:00.000,East,808,44512,55.1,3148.39,3.9,155.1,96.77,0.096775,Mon,12
2026-05-18 12:00:00.000,North,914,50202,54.9,3505.7,3.84,221.1,96.77,0.096775,Mon,12
2026-05-18 12:00:00.000,South,1122,61612,54.9,4373.72,3.9,207.1,96.77,0.096775,Mon,12
2026-05-18 12:00:00.000,West,1198,65994,55.1,4731.73,3.95,264.4,96.77,0.096775,Mon,12
2026-05-18 13:00:00.000,East,808,44375,54.9,3420,4.23,215.9,102.405,0.1024,Mon,13
2026-05-18 13:00:00.000,North,914,50409,55.2,3863,4.23,235.6,102.405,0.1024,Mon,13
2026-05-18 13:00:00.000,South,1122,61562,54.9,4713.9,4.2,282.1,102.405,0.1024,Mon,13
2026-05-18 13:00:00.000,West,1198,66012,55.1,5113.5,4.27,316.6,102.405,0.1024,Mon,13
2026-05-18 14:00:00.000,East,808,44265,54.8,3220.58,3.99,180.9,113.965,0.113975,Mon,14
2026-05-18 14:00:00.000,North,914,50967,55.8,3681.88,4.03,252.6,113.965,0.113975,Mon,14
2026-05-18 14:00:00.000,South,1122,61398,54.7,4529.59,4.04,267,113.965,0.113975,Mon,14
2026-05-18 14:00:00.000,West,1198,66260,55.3,4638.64,3.87,275.7,113.965,0.113975,Mon,14
2026-05-18 15:00:00.000,East,808,19040,23.6,2876.26,3.56,-2833,134.065,0.134075,Mon,15
2026-05-18 15:00:00.000,North,914,21418,23.4,3295.6,3.61,-3238,134.065,0.134075,Mon,15
2026-05-18 15:00:00.000,South,1122,26397,23.5,3951.84,3.52,-3911,134.065,0.134075,Mon,15
2026-05-18 15:00:00.000,West,1198,28270,23.6,4263.5,3.56,-4218,134.065,0.134075,Mon,15
2026-05-18 16:00:00.000,East,808,18863,23.3,2576.71,3.19,-2794,152.1375,0.15215,Mon,16
2026-05-18 16:00:00.000,North,914,21549,23.6,2949.84,3.23,-3216,152.1375,0.15215,Mon,16
2026-05-18 16:00:00.000,South,1122,26760,23.9,3692.58,3.29,-3977,152.1375,0.15215,Mon,16
2026-05-18 16:00:00.000,West,1198,28263,23.6,3877.65,3.24,-4256,152.1375,0.15215,Mon,16
2026-05-18 17:00:00.000,East,808,18625,23.1,2331.87,2.89,-2845,192.8525,0.19285,Mon,17
2026-05-18 17:00:00.000,North,914,21447,23.5,2573.02,2.82,-3165,192.8525,0.19285,Mon,17
2026-05-18 17:00:00.000,South,1122,26485,23.6,3231.6,2.88,-3846,192.8525,0.19285,Mon,17
2026-05-18 17:00:00.000,West,1198,28206,23.5,3455.52,2.88,-4232,192.8525,0.19285,Mon,17
2026-05-18 18:00:00.000,East,808,19157,23.7,2068.26,2.56,-2849,250.8975,0.250875,Mon,18
2026-05-18 18:00:00.000,North,914,22014,24.1,2359.56,2.58,-3232,250.8975,0.250875,Mon,18
2026-05-18 18:00:00.000,South,1122,26471,23.6,2836.86,2.53,-3851,250.8975,0.250875,Mon,18
2026-05-18 18:00:00.000,West,1198,28212,23.5,2990.16,2.5,-4227,250.8975,0.250875,Mon,18
2026-05-18 19:00:00.000,East,808,19448,24.1,1778.08,2.2,-2814,214.3375,0.21435,Mon,19
2026-05-18 19:00:00.000,North,914,20989,23,2053.33,2.25,-3171,214.3375,0.21435,Mon,19
2026-05-18 19:00:00.000,South,1122,26760,23.9,2574.98,2.29,-3949,214.3375,0.21435,Mon,19
2026-05-18 19:00:00.000,West,1198,28308,23.6,2640.1,2.2,-4217,214.3375,0.21435,Mon,19
2026-05-18 20:00:00.000,East,808,19014,23.5,1537.13,1.9,-2859,160.6475,0.16065,Mon,20
2026-05-18 20:00:00.000,North,914,21227,23.2,1732.92,1.9,-3241,160.6475,0.16065,Mon,20
2026-05-18 20:00:00.000,South,1122,26725,23.8,2079.83,1.85,-3945,160.6475,0.16065,Mon,20
2026-05-18 20:00:00.000,West,1198,27475,22.9,2236.99,1.87,-4239,160.6475,0.16065,Mon,20
2026-05-18 21:00:00.000,East,808,19045,23.6,0,0,-2871,148.895,0.1489,Mon,21
2026-05-18 21:00:00.000,North,914,21716,23.8,0,0,-3174,148.895,0.1489,Mon,21
2026-05-18 21:00:00.000,South,1122,26201,23.4,0,0,-3967,148.895,0.1489,Mon,21
2026-05-18 21:00:00.000,West,1198,28204,23.5,0,0,-4216,148.895,0.1489,Mon,21
2026-05-18 22:00:00.000,East,808,19114,23.7,0,0,-2802,148.2525,0.14825,Mon,22
2026-05-18 22:00:00.000,North,914,21335,23.3,0,0,-3267,148.2525,0.14825,Mon,22
2026-05-18 22:00:00.000,South,1122,26447,23.6,0,0,-3968,148.2525,0.14825,Mon,22
2026-05-18 22:00:00.000,West,1198,27713,23.1,0,0,-4223,148.2525,0.14825,Mon,22
2026-05-18 23:00:00.000,East,808,18889,23.4,0,0,-2814,141.9425,0.14195,Mon,23
2026-05-18 23:00:00.000,North,914,21378,23.4,0,0,-3166,141.9425,0.14195,Mon,23
2026-05-18 23:00:00.000,South,1122,26228,23.4,0,0,-3874,141.9425,0.14195,Mon,23
2026-05-18 23:00:00.000,West,1198,28268,23.6,0,0,-4184,141.9425,0.14195,Mon,23
2026-05-19 00:00:00.000,East,808,19242,23.8,0,0,-2783,139.3225,0.139325,Tue,0
2026-05-19 00:00:00.000,North,914,21732,23.8,0,0,-3198,139.3225,0.139325,Tue,0
2026-05-19 00:00:00.000,South,1122,26403,23.5,0,0,-3914,139.3225,0.139325,Tue,0
2026-05-19 00:00:00.000,West,1198,27752,23.2,0,0,-4171,139.3225,0.139325,Tue,0
2026-05-19 01:00:00.000,East,808,18873,23.4,0,0,-2739,138.54,0.138525,Tue,1
2026-05-19 01:00:00.000,North,914,21574,23.6,0,0,-3226,138.54,0.138525,Tue,1
2026-05-19 01:00:00.000,South,1122,26034,23.2,0,0,-3959,138.54,0.138525,Tue,1
2026-05-19 01:00:00.000,West,1198,28094,23.5,0,0,-4264,138.54,0.138525,Tue,1
2026-05-19 02:00:00.000,East,808,19150,23.7,0,0,-2848,141.5675,0.14155,Tue,2
2026-05-19 02:00:00.000,North,914,21448,23.5,0,0,-3168,141.5675,0.14155,Tue,2
2026-05-19 02:00:00.000,South,1122,26688,23.8,0,0,-3892,141.5675,0.14155,Tue,2
2026-05-19 02:00:00.000,West,1198,28249,23.6,0,0,-4254,141.5675,0.14155,Tue,2
2026-05-19 03:00:00.000,East,808,18840,23.3,0,0,-2817,146.92,0.146925,Tue,3
2026-05-19 03:00:00.000,North,914,21361,23.4,0,0,-3238,146.92,0.146925,Tue,3
2026-05-19 03:00:00.000,South,1122,26656,23.8,0,0,-3944,146.92,0.146925,Tue,3
2026-05-19 03:00:00.000,West,1198,28462,23.8,0,0,-4178,146.92,0.146925,Tue,3
2026-05-19 04:00:00.000,East,808,18660,23.1,0,0,-2857,164.46,0.16445,Tue,4
2026-05-19 04:00:00.000,North,914,21499,23.5,0,0,-3169,164.46,0.16445,Tue,4
2026-05-19 04:00:00.000,South,1122,26642,23.7,0,0,-3875,164.46,0.16445,Tue,4
2026-05-19 04:00:00.000,West,1198,28206,23.5,0,0,-4183,164.46,0.16445,Tue,4
2026-05-19 05:00:00.000,East,808,19106,23.6,0,0,-2870,153.7725,0.153775,Tue,5
2026-05-19 05:00:00.000,North,914,21539,23.6,0,0,-3195,153.7725,0.153775,Tue,5
2026-05-19 05:00:00.000,South,1122,26175,23.3,0,0,-3977,153.7725,0.153775,Tue,5
2026-05-19 05:00:00.000,West,1198,28545,23.8,0,0,-4178,153.7725,0.153775,Tue,5
2026-05-19 06:00:00.000,East,808,19409,24,1484.07,1.84,-2930,131.855,0.1319,Tue,6
2026-05-19 06:00:00.000,North,914,21378,23.4,1714.06,1.88,-3183,131.855,0.1319,Tue,6
2026-05-19 06:00:00.000,South,1122,25989,23.2,2075.82,1.85,-3901,131.855,0.1319,Tue,6
2026-05-19 06:00:00.000,West,1198,28058,23.4,2274.05,1.9,-4208,131.855,0.1319,Tue,6
2026-05-19 07:00:00.000,East,808,44708,55.3,1763.32,2.18,167.9,108.7425,0.108725,Tue,7
2026-05-19 07:00:00.000,North,914,50607,55.4,2035.82,2.23,188.9,108.7425,0.108725,Tue,7
2026-05-19 07:00:00.000,South,1122,61876,55.1,2510.73,2.24,273.3,108.7425,0.108725,Tue,7
2026-05-19 07:00:00.000,West,1198,66476,55.5,2655.86,2.22,372.5,108.7425,0.108725,Tue,7
2026-05-19 08:00:00.000,East,808,44088,54.6,2068.14,2.56,196.9,94.265,0.09425,Tue,8
2026-05-19 08:00:00.000,North,914,49881,54.6,2297.52,2.51,205.7,94.265,0.09425,Tue,8
2026-05-19 08:00:00.000,South,1122,61637,54.9,2887.02,2.57,267.9,94.265,0.09425,Tue,8
2026-05-19 08:00:00.000,West,1198,65473,54.7,3018.9,2.52,345.6,94.265,0.09425,Tue,8
2026-05-19 09:00:00.000,East,808,44661,55.3,2304.9,2.85,167.6,82.085,0.0821,Tue,9
2026-05-19 09:00:00.000,North,914,49956,54.7,2552.08,2.79,200.2,82.085,0.0821,Tue,9
2026-05-19 09:00:00.000,South,1122,62564,55.8,3288.29,2.93,263.5,82.085,0.0821,Tue,9
2026-05-19 09:00:00.000,West,1198,66063,55.1,3492.48,2.92,353,82.085,0.0821,Tue,9
2026-05-19 10:00:00.000,East,808,44411,55,2674.41,3.31,273.5,73.145,0.07315,Tue,10
2026-05-19 10:00:00.000,North,914,50468,55.2,2842.77,3.11,203.6,73.145,0.07315,Tue,10
2026-05-19 10:00:00.000,South,1122,61673,55,3544.1,3.16,227.5,73.145,0.07315,Tue,10
2026-05-19 10:00:00.000,West,1198,65944,55,3858.52,3.22,329.8,73.145,0.07315,Tue,10
2026-05-19 11:00:00.000,East,808,44121,54.6,2970.01,3.68,189.9,73.7375,0.07375,Tue,11
2026-05-19 11:00:00.000,North,914,50296,55,3260.27,3.57,228.2,73.7375,0.07375,Tue,11
2026-05-19 11:00:00.000,South,1122,61471,54.8,4019.54,3.58,305.6,73.7375,0.07375,Tue,11
2026-05-19 11:00:00.000,West,1198,65201,54.4,4329.2,3.61,323.2,73.7375,0.07375,Tue,11
2026-05-19 12:00:00.000,East,808,44153,54.6,3201.5,3.96,179.8,79.81,0.079825,Tue,12
2026-05-19 12:00:00.000,North,914,50363,55.1,3593.9,3.93,233.7,79.81,0.079825,Tue,12
2026-05-19 12:00:00.000,South,1122,61766,55,4352.51,3.88,309.8,79.81,0.079825,Tue,12
2026-05-19 12:00:00.000,West,1198,65527,54.7,4734.27,3.95,280.6,79.81,0.079825,Tue,12
2026-05-19 13:00:00.000,East,808,44710,55.3,3402,4.21,259,87.57,0.0876,Tue,13
2026-05-19 13:00:00.000,North,914,50387,55.1,3939,4.31,184,87.57,0.0876,Tue,13
2026-05-19 13:00:00.000,South,1122,61839,55.1,4766.1,4.25,328.1,87.57,0.0876,Tue,13
2026-05-19 13:00:00.000,West,1198,66233,55.3,5097.3,4.25,326.6,87.57,0.0876,Tue,13
2026-05-19 14:00:00.000,East,808,44734,55.4,3301.1,4.09,161.4,102.25,0.10225,Tue,14
2026-05-19 14:00:00.000,North,914,50731,55.5,3494.22,3.82,228.5,102.25,0.10225,Tue,14
2026-05-19 14:00:00.000,South,1122,61511,54.8,4385.37,3.91,303,102.25,0.10225,Tue,14
2026-05-19 14:00:00.000,West,1198,66167,55.2,4816.86,4.02,283.9,102.25,0.10225,Tue,14
2026-05-19 15:00:00.000,East,808,44214,54.7,2811.6,3.48,248.3,127.2925,0.1273,Tue,15
2026-05-19 15:00:00.000,North,914,50260,55,3273.49,3.58,221.4,127.2925,0.1273,Tue,15
2026-05-19 15:00:00.000,South,1122,61565,54.9,3938.68,3.51,275.7,127.2925,0.1273,Tue,15
2026-05-19 15:00:00.000,West,1198,65821,54.9,4333.01,3.62,333.3,127.2925,0.1273,Tue,15
2026-05-19 16:00:00.000,East,808,18905,23.4,2688.05,3.33,-2821,144.95,0.14495,Tue,16
2026-05-19 16:00:00.000,North,914,21297,23.3,2977.17,3.26,-3187,144.95,0.14495,Tue,16
2026-05-19 16:00:00.000,South,1122,26268,23.4,3549.95,3.16,-4008,144.95,0.14495,Tue,16
2026-05-19 16:00:00.000,West,1198,28204,23.5,3966.8,3.31,-4142,144.95,0.14495,Tue,16
2026-05-19 17:00:00.000,East,808,19050,23.6,2301.78,2.85,-2837,172.485,0.1725,Tue,17
2026-05-19 17:00:00.000,North,914,21554,23.6,2651.29,2.9,-3186,172.485,0.1725,Tue,17
2026-05-19 17:00:00.000,South,1122,26742,23.8,3230.47,2.88,-4003,172.485,0.1725,Tue,17
2026-05-19 17:00:00.000,West,1198,28094,23.5,3495.01,2.92,-4213,172.485,0.1725,Tue,17
2026-05-19 18:00:00.000,East,808,18994,23.5,2060.7,2.55,-2793,180.9025,0.1809,Tue,18
2026-05-19 18:00:00.000,North,914,21266,23.3,2351.16,2.57,-3224,180.9025,0.1809,Tue,18
2026-05-19 18:00:00.000,South,1122,26676,23.8,2808.54,2.5,-3912,180.9025,0.1809,Tue,18
2026-05-19 18:00:00.000,West,1198,28486,23.8,3111.84,2.6,-4216,180.9025,0.1809,Tue,18
2026-05-19 19:00:00.000,East,808,19266,23.8,1810.09,2.24,-2768,163.63,0.16365,Tue,19
2026-05-19 19:00:00.000,North,914,21713,23.8,2027.55,2.22,-3212,163.63,0.16365,Tue,19
2026-05-19 19:00:00.000,South,1122,26181,23.3,2502.73,2.23,-3931,163.63,0.16365,Tue,19
2026-05-19 19:00:00.000,West,1198,28250,23.6,2599.83,2.17,-4132,163.63,0.16365,Tue,19
2026-05-19 20:00:00.000,East,808,18599,23,1458.63,1.81,-2801,145.545,0.14555,Tue,20
2026-05-19 20:00:00.000,North,914,21509,23.5,1705.26,1.87,-3119,145.545,0.14555,Tue,20
2026-05-19 20:00:00.000,South,1122,26708,23.8,2087.57,1.86,-3926,145.545,0.14555,Tue,20
2026-05-19 20:00:00.000,West,1198,27899,23.3,2211.8,1.85,-4204,145.545,0.14555,Tue,20
2026-05-19 21:00:00.000,East,808,18970,23.5,0,0,-2841,131.8025,0.1318,Tue,21
2026-05-19 21:00:00.000,North,914,21428,23.4,0,0,-3189,131.8025,0.1318,Tue,21
2026-05-19 21:00:00.000,South,1122,26314,23.5,0,0,-3934,131.8025,0.1318,Tue,21
2026-05-19 21:00:00.000,West,1198,28334,23.7,0,0,-4244,131.8025,0.1318,Tue,21
2026-05-19 22:00:00.000,East,808,44551,55.1,0,0,209.9,123.73,0.12375,Tue,22
2026-05-19 22:00:00.000,North,914,50204,54.9,0,0,161.5,123.73,0.12375,Tue,22
2026-05-19 22:00:00.000,South,1122,62405,55.6,0,0,297.7,123.73,0.12375,Tue,22
2026-05-19 22:00:00.000,West,1198,65388,54.6,0,0,327,123.73,0.12375,Tue,22
2026-05-19 23:00:00.000,East,808,44182,54.7,0,0,198.5,114.635,0.114625,Tue,23
2026-05-19 23:00:00.000,North,914,50660,55.4,0,0,227.1,114.635,0.114625,Tue,23
2026-05-19 23:00:00.000,South,1122,61308,54.6,0,0,209.7,114.635,0.114625,Tue,23
2026-05-19 23:00:00.000,West,1198,65424,54.6,0,0,291.7,114.635,0.114625,Tue,23
2026-05-20 00:00:00.000,East,808,44806,55.5,0,0,219.5,109.7525,0.10975,Wed,0
2026-05-20 00:00:00.000,North,914,49868,54.6,0,0,280.1,109.7525,0.10975,Wed,0
2026-05-20 00:00:00.000,South,1122,61412,54.7,0,0,318.9,109.7525,0.10975,Wed,0
2026-05-20 00:00:00.000,West,1198,66190,55.3,0,0,271.1,109.7525,0.10975,Wed,0
2026-05-20 01:00:00.000,East,808,44531,55.1,0,0,187.7,109.9725,0.10995,Wed,1
2026-05-20 01:00:00.000,North,914,49980,54.7,0,0,198,109.9725,0.10995,Wed,1
2026-05-20 01:00:00.000,South,1122,61928,55.2,0,0,300.1,109.9725,0.10995,Wed,1
2026-05-20 01:00:00.000,West,1198,65770,54.9,0,0,238.1,109.9725,0.10995,Wed,1
2026-05-20 02:00:00.000,East,808,44700,55.3,0,0,162,110.41,0.1104,Wed,2
2026-05-20 02:00:00.000,North,914,50855,55.6,0,0,239,110.41,0.1104,Wed,2
2026-05-20 02:00:00.000,South,1122,61577,54.9,0,0,264.6,110.41,0.1104,Wed,2
2026-05-20 02:00:00.000,West,1198,65700,54.8,0,0,296.4,110.41,0.1104,Wed,2
2026-05-20 03:00:00.000,East,808,44519,55.1,0,0,159,119.05,0.11905,Wed,3
2026-05-20 03:00:00.000,North,914,50284,55,0,0,208.4,119.05,0.11905,Wed,3
2026-05-20 03:00:00.000,South,1122,61766,55,0,0,268.3,119.05,0.11905,Wed,3
2026-05-20 03:00:00.000,West,1198,65809,54.9,0,0,317,119.05,0.11905,Wed,3
2026-05-20 04:00:00.000,East,808,18764,23.2,0,0,-2783,134.9875,0.134975,Wed,4
2026-05-20 04:00:00.000,North,914,21723,23.8,0,0,-3210,134.9875,0.134975,Wed,4
2026-05-20 04:00:00.000,South,1122,26513,23.6,0,0,-3909,134.9875,0.134975,Wed,4
2026-05-20 04:00:00.000,West,1198,28156,23.5,0,0,-4148,134.9875,0.134975,Wed,4
2026-05-20 05:00:00.000,East,808,18899,23.4,0,0,-2861,136.975,0.136975,Wed,5
2026-05-20 05:00:00.000,North,914,21784,23.8,0,0,-3195,136.975,0.136975,Wed,5
2026-05-20 05:00:00.000,South,1122,26539,23.7,0,0,-3927,136.975,0.136975,Wed,5
2026-05-20 05:00:00.000,West,1198,27779,23.2,0,0,-4155,136.975,0.136975,Wed,5
2026-05-20 06:00:00.000,East,808,44780,55.4,1497.57,1.85,216.8,125.5125,0.1255,Wed,6
2026-05-20 06:00:00.000,North,914,50253,55,1695.75,1.86,189.7,125.5125,0.1255,Wed,6
2026-05-20 06:00:00.000,South,1122,61620,54.9,2056.35,1.83,305,125.5125,0.1255,Wed,6
2026-05-20 06:00:00.000,West,1198,65721,54.9,2238.78,1.87,281.3,125.5125,0.1255,Wed,6
2026-05-20 07:00:00.000,East,808,44211,54.7,1808.05,2.24,281.1,109.06,0.109075,Wed,7
2026-05-20 07:00:00.000,North,914,50121,54.8,2013.98,2.2,193.8,109.06,0.109075,Wed,7
2026-05-20 07:00:00.000,South,1122,61711,55,2414.2,2.15,269.7,109.06,0.109075,Wed,7
2026-05-20 07:00:00.000,West,1198,65798,54.9,2649.42,2.21,264.2,109.06,0.109075,Wed,7
2026-05-20 08:00:00.000,East,808,44483,55.1,2016.18,2.5,172.6,89.7,0.0897,Wed,8
2026-05-20 08:00:00.000,North,914,50447,55.2,2271.18,2.48,259.7,89.7,0.0897,Wed,8
2026-05-20 08:00:00.000,South,1122,62406,55.6,2847.6,2.54,286.3,89.7,0.0897,Wed,8
2026-05-20 08:00:00.000,West,1198,65880,55,3078.3,2.57,258.4,89.7,0.0897,Wed,8
2026-05-20 09:00:00.000,East,808,44127,54.6,2367.23,2.93,241.4,75.4625,0.07545,Wed,9
2026-05-20 09:00:00.000,North,914,50237,55,2635.51,2.88,232.6,75.4625,0.07545,Wed,9
2026-05-20 09:00:00.000,South,1122,62014,55.3,3184.07,2.84,289.7,75.4625,0.07545,Wed,9
2026-05-20 09:00:00.000,West,1198,65988,55.1,3492.95,2.92,242.7,75.4625,0.07545,Wed,9
2026-05-20 10:00:00.000,East,808,65513,81.1,2636.64,3.26,2656.4,64.005,0.064,Wed,10
2026-05-20 10:00:00.000,North,914,74052,81,3018.34,3.3,2974.9,64.005,0.064,Wed,10
2026-05-20 10:00:00.000,South,1122,91303,81.4,3713.09,3.31,3603,64.005,0.064,Wed,10
2026-05-20 10:00:00.000,West,1198,97364,81.3,3886.56,3.24,3885.6,64.005,0.064,Wed,10
2026-05-20 11:00:00.000,East,808,65741,81.4,2787.35,3.45,2613.2,44.9975,0.045,Wed,11
2026-05-20 11:00:00.000,North,914,73955,80.9,3198.23,3.5,3010.1,44.9975,0.045,Wed,11
2026-05-20 11:00:00.000,South,1122,90938,81,4002.31,3.57,3660.2,44.9975,0.045,Wed,11
2026-05-20 11:00:00.000,West,1198,96988,81,4176.6,3.49,3900.2,44.9975,0.045,Wed,11
2026-05-20 12:00:00.000,East,808,65347,80.9,3073.92,3.8,2615.8,33.5125,0.03355,Wed,12
2026-05-20 12:00:00.000,North,914,74103,81.1,3593.01,3.93,2998.4,33.5125,0.03355,Wed,12
2026-05-20 12:00:00.000,South,1122,90861,81,4418.48,3.94,3695.5,33.5125,0.03355,Wed,12
2026-05-20 12:00:00.000,West,1198,96570,80.6,4664.91,3.89,3908.9,33.5125,0.03355,Wed,12
2026-05-20 13:00:00.000,East,808,65335,80.9,3500.2,4.33,2632.7,45.66,0.04565,Wed,13
2026-05-20 13:00:00.000,North,914,74182,81.2,3822.9,4.18,2949.6,45.66,0.04565,Wed,13
2026-05-20 13:00:00.000,South,1122,90652,80.8,4765.1,4.25,3642.5,45.66,0.04565,Wed,13
2026-05-20 13:00:00.000,West,1198,97198,81.1,5059.6,4.22,3906.2,45.66,0.04565,Wed,13
2026-05-20 14:00:00.000,East,808,65586,81.2,3090.13,3.82,2619.8,65.01,0.065,Wed,14
2026-05-20 14:00:00.000,North,914,73905,80.9,3564.21,3.9,2970.8,65.01,0.065,Wed,14
2026-05-20 14:00:00.000,South,1122,90843,81,4332.62,3.86,3652.3,65.01,0.065,Wed,14
2026-05-20 14:00:00.000,West,1198,97095,81,4691.92,3.92,3920.3,65.01,0.065,Wed,14
2026-05-20 15:00:00.000,East,808,44280,54.8,2900.55,3.59,167.1,99.3975,0.0994,Wed,15
2026-05-20 15:00:00.000,North,914,50782,55.6,3246.05,3.55,156.9,99.3975,0.0994,Wed,15
2026-05-20 15:00:00.000,South,1122,61777,55.1,4064.82,3.62,281.1,99.3975,0.0994,Wed,15
2026-05-20 15:00:00.000,West,1198,66118,55.2,4327.82,3.61,345.7,99.3975,0.0994,Wed,15
2026-05-20 16:00:00.000,East,808,44431,55,2596.46,3.21,214.4,130.2125,0.130225,Wed,16
2026-05-20 16:00:00.000,North,914,50171,54.9,2977.68,3.26,221.3,130.2125,0.130225,Wed,16
2026-05-20 16:00:00.000,South,1122,61864,55.1,3576.88,3.19,267.8,130.2125,0.130225,Wed,16
2026-05-20 16:00:00.000,West,1198,65691,54.8,3866.99,3.23,341.7,130.2125,0.130225,Wed,16
2026-05-20 17:00:00.000,East,808,19288,23.9,2295.29,2.84,-2823,149.5675,0.14955,Wed,17
2026-05-20 17:00:00.000,North,914,21191,23.2,2611.86,2.86,-3249,149.5675,0.14955,Wed,17
2026-05-20 17:00:00.000,South,1122,26131,23.3,3177.98,2.83,-3876,149.5675,0.14955,Wed,17
2026-05-20 17:00:00.000,West,1198,28098,23.5,3518.18,2.94,-4227,149.5675,0.14955,Wed,17
2026-05-20 18:00:00.000,East,808,19337,23.9,2043,2.53,-2836,167.9225,0.16795,Wed,18
2026-05-20 18:00:00.000,North,914,21432,23.4,2319.78,2.54,-3221,167.9225,0.16795,Wed,18
2026-05-20 18:00:00.000,South,1122,26458,23.6,2855.46,2.54,-3901,167.9225,0.16795,Wed,18
2026-05-20 18:00:00.000,West,1198,28554,23.8,3002.82,2.51,-4183,167.9225,0.16795,Wed,18
2026-05-20 19:00:00.000,East,808,18963,23.5,1835.33,2.27,-2799,165,0.164975,Wed,19
2026-05-20 19:00:00.000,North,914,21318,23.3,2008.51,2.2,-3234,165,0.164975,Wed,19
2026-05-20 19:00:00.000,South,1122,26029,23.2,2514.4,2.24,-3956,165,0.164975,Wed,19
2026-05-20 19:00:00.000,West,1198,27922,23.3,2620.55,2.19,-4227,165,0.164975,Wed,19
2026-05-20 20:00:00.000,East,808,18926,23.4,1536.32,1.9,-2836,150.02,0.15005,Wed,20
2026-05-20 20:00:00.000,North,914,21366,23.4,1720.28,1.88,-3185,150.02,0.15005,Wed,20
2026-05-20 20:00:00.000,South,1122,26192,23.3,2120.26,1.89,-3902,150.02,0.15005,Wed,20
2026-05-20 20:00:00.000,West,1198,28095,23.5,2267.68,1.89,-4184,150.02,0.15005,Wed,20
2026-05-20 21:00:00.000,East,808,18874,23.4,0,0,-2792,139.0025,0.139,Wed,21
2026-05-20 21:00:00.000,North,914,21604,23.6,0,0,-3180,139.0025,0.139,Wed,21
2026-05-20 21:00:00.000,South,1122,26340,23.5,0,0,-3887,139.0025,0.139,Wed,21
2026-05-20 21:00:00.000,West,1198,28487,23.8,0,0,-4172,139.0025,0.139,Wed,21
2026-05-20 22:00:00.000,East,808,19372,24,0,0,-2826,133.0275,0.133025,Wed,22
2026-05-20 22:00:00.000,North,914,21669,23.7,0,0,-3205,133.0275,0.133025,Wed,22
2026-05-20 22:00:00.000,South,1122,26546,23.7,0,0,-3930,133.0275,0.133025,Wed,22
2026-05-20 22:00:00.000,West,1198,28246,23.6,0,0,-4153,133.0275,0.133025,Wed,22
2026-05-20 23:00:00.000,East,808,44729,55.4,0,0,210.9,121.66,0.12165,Wed,23
2026-05-20 23:00:00.000,North,914,50208,54.9,0,0,237.7,121.66,0.12165,Wed,23
2026-05-20 23:00:00.000,South,1122,61232,54.6,0,0,227.3,121.66,0.12165,Wed,23
2026-05-20 23:00:00.000,West,1198,66091,55.2,0,0,328.2,121.66,0.12165,Wed,23
2026-05-21 00:00:00.000,East,808,44447,55,0,0,227.6,116.0225,0.116025,Thu,0
2026-05-21 00:00:00.000,North,914,50092,54.8,0,0,241.8,116.0225,0.116025,Thu,0
2026-05-21 00:00:00.000,South,1122,61375,54.7,0,0,280.8,116.0225,0.116025,Thu,0
2026-05-21 00:00:00.000,West,1198,66082,55.2,0,0,300.1,116.0225,0.116025,Thu,0
2026-05-21 01:00:00.000,East,808,44374,54.9,0,0,197.2,113.55,0.113575,Thu,1
2026-05-21 01:00:00.000,North,914,50218,54.9,0,0,247.1,113.55,0.113575,Thu,1
2026-05-21 01:00:00.000,South,1122,61478,54.8,0,0,266.2,113.55,0.113575,Thu,1
2026-05-21 01:00:00.000,West,1198,65977,55.1,0,0,278.4,113.55,0.113575,Thu,1
2026-05-21 02:00:00.000,East,808,44094,54.6,0,0,173,116.01,0.116025,Thu,2
2026-05-21 02:00:00.000,North,914,50048,54.8,0,0,226.4,116.01,0.116025,Thu,2
2026-05-21 02:00:00.000,South,1122,61045,54.4,0,0,299.2,116.01,0.116025,Thu,2
2026-05-21 02:00:00.000,West,1198,65884,55,0,0,331,116.01,0.116025,Thu,2
2026-05-21 03:00:00.000,East,808,44150,54.6,0,0,195.7,128.405,0.1284,Thu,3
2026-05-21 03:00:00.000,North,914,50383,55.1,0,0,260.8,128.405,0.1284,Thu,3
2026-05-21 03:00:00.000,South,1122,61983,55.2,0,0,279.1,128.405,0.1284,Thu,3
2026-05-21 03:00:00.000,West,1198,66534,55.5,0,0,320.2,128.405,0.1284,Thu,3
2026-05-21 04:00:00.000,East,808,19069,23.6,0,0,-2833,142.815,0.1428,Thu,4
2026-05-21 04:00:00.000,North,914,21459,23.5,0,0,-3191,142.815,0.1428,Thu,4
2026-05-21 04:00:00.000,South,1122,26503,23.6,0,0,-3895,142.815,0.1428,Thu,4
2026-05-21 04:00:00.000,West,1198,28224,23.6,0,0,-4177,142.815,0.1428,Thu,4
2026-05-21 05:00:00.000,East,808,18956,23.5,0,0,-2843,143.6175,0.143625,Thu,5
2026-05-21 05:00:00.000,North,914,21564,23.6,0,0,-3202,143.6175,0.143625,Thu,5
2026-05-21 05:00:00.000,South,1122,26655,23.8,0,0,-3982,143.6175,0.143625,Thu,5
2026-05-21 05:00:00.000,West,1198,27713,23.1,0,0,-4215,143.6175,0.143625,Thu,5
2026-05-21 06:00:00.000,East,808,19689,24.4,1481.13,1.83,-2856,131.3875,0.1314,Thu,6
2026-05-21 06:00:00.000,North,914,21769,23.8,1692.81,1.85,-3179,131.3875,0.1314,Thu,6
2026-05-21 06:00:00.000,South,1122,26726,23.8,2081.83,1.86,-3903,131.3875,0.1314,Thu,6
2026-05-21 06:00:00.000,West,1198,28619,23.9,2273.34,1.9,-4205,131.3875,0.1314,Thu,6
2026-05-21 07:00:00.000,East,808,44452,55,1725.96,2.14,201.3,104.14,0.104125,Thu,7
2026-05-21 07:00:00.000,North,914,50516,55.3,2006.46,2.2,247.8,104.14,0.104125,Thu,7
2026-05-21 07:00:00.000,South,1122,61694,55,2437.49,2.17,343.7,104.14,0.104125,Thu,7
2026-05-21 07:00:00.000,West,1198,65611,54.8,2629.33,2.19,297.4,104.14,0.104125,Thu,7
2026-05-21 08:00:00.000,East,808,44537,55.1,2021.16,2.5,218.5,81.1975,0.081175,Thu,8
2026-05-21 08:00:00.000,North,914,50231,55,2400.54,2.63,207.4,81.1975,0.081175,Thu,8
2026-05-21 08:00:00.000,South,1122,61565,54.9,2889.3,2.58,287,81.1975,0.081175,Thu,8
2026-05-21 08:00:00.000,West,1198,65494,54.7,3052.26,2.55,281.4,81.1975,0.081175,Thu,8
2026-05-21 09:00:00.000,East,808,65479,81,2310.87,2.86,2658.9,42.7525,0.04275,Thu,9
2026-05-21 09:00:00.000,North,914,73688,80.6,2710.61,2.97,2982.8,42.7525,0.04275,Thu,9
2026-05-21 09:00:00.000,South,1122,91136,81.2,3295.63,2.94,3590.4,42.7525,0.04275,Thu,9
2026-05-21 09:00:00.000,West,1198,96735,80.7,3472.82,2.9,3882.9,42.7525,0.04275,Thu,9
2026-05-21 10:00:00.000,East,808,65482,81,2606.18,3.23,2635.4,12.1375,0.01215,Thu,10
2026-05-21 10:00:00.000,North,914,73912,80.9,2962.11,3.24,2990.3,12.1375,0.01215,Thu,10
2026-05-21 10:00:00.000,South,1122,90752,80.9,3696.24,3.29,3634.4,12.1375,0.01215,Thu,10
2026-05-21 10:00:00.000,West,1198,96500,80.6,3803.29,3.17,3935.9,12.1375,0.01215,Thu,10
2026-05-21 11:00:00.000,East,808,65880,81.5,2923.64,3.62,2629.2,7.37,0.007375,Thu,11
2026-05-21 11:00:00.000,North,914,73997,81,3307.41,3.62,2929.1,7.37,0.007375,Thu,11
2026-05-21 11:00:00.000,South,1122,91090,81.2,4005.08,3.57,3671.9,7.37,0.007375,Thu,11
2026-05-21 11:00:00.000,West,1198,96746,80.8,4247.89,3.55,3865.2,7.37,0.007375,Thu,11
2026-05-21 12:00:00.000,East,808,65520,81.1,3108.95,3.85,2585.8,8.8125,0.0088,Thu,12
2026-05-21 12:00:00.000,North,914,73738,80.7,3631.59,3.97,2978,8.8125,0.0088,Thu,12
2026-05-21 12:00:00.000,South,1122,91205,81.3,4400.96,3.92,3668,8.8125,0.0088,Thu,12
2026-05-21 12:00:00.000,West,1198,96709,80.7,4628.72,3.86,3862,8.8125,0.0088,Thu,12
2026-05-21 13:00:00.000,East,808,65359,80.9,3391.3,4.2,2654.2,35.2,0.0352,Thu,13
2026-05-21 13:00:00.000,North,914,74114,81.1,3819.7,4.18,2961.6,35.2,0.0352,Thu,13
2026-05-21 13:00:00.000,South,1122,90691,80.8,4768.9,4.25,3635.7,35.2,0.0352,Thu,13
2026-05-21 13:00:00.000,West,1198,97208,81.1,5070.9,4.23,3905.3,35.2,0.0352,Thu,13
2026-05-21 14:00:00.000,East,808,44385,54.9,3182.69,3.94,214.3,71.7075,0.071725,Thu,14
2026-05-21 14:00:00.000,North,914,50300,55,3692.6,4.04,237.5,71.7075,0.071725,Thu,14
2026-05-21 14:00:00.000,South,1122,62072,55.3,4386.43,3.91,338.5,71.7075,0.071725,Thu,14
2026-05-21 14:00:00.000,West,1198,65849,55,4895.09,4.09,328,71.7075,0.071725,Thu,14
2026-05-21 15:00:00.000,East,808,44434,55,2968.36,3.67,178.6,104.995,0.105,Thu,15
2026-05-21 15:00:00.000,North,914,50365,55.1,3164.06,3.46,194.6,104.995,0.105,Thu,15
2026-05-21 15:00:00.000,South,1122,61573,54.9,3888.58,3.47,332.6,104.995,0.105,Thu,15
2026-05-21 15:00:00.000,West,1198,65649,54.8,4171.09,3.48,356.1,104.995,0.105,Thu,15
2026-05-21 16:00:00.000,East,808,19018,23.5,2604.08,3.22,-2794,135.8875,0.135875,Thu,16
2026-05-21 16:00:00.000,North,914,21283,23.3,2921.74,3.2,-3229,135.8875,0.135875,Thu,16
2026-05-21 16:00:00.000,South,1122,26240,23.4,3574.93,3.19,-3927,135.8875,0.135875,Thu,16
2026-05-21 16:00:00.000,West,1198,28054,23.4,3839.2,3.2,-4164,135.8875,0.135875,Thu,16
2026-05-21 17:00:00.000,East,808,19211,23.8,2331.41,2.89,-2839,163.355,0.16335,Thu,17
2026-05-21 17:00:00.000,North,914,21448,23.5,2617.85,2.86,-3186,163.355,0.16335,Thu,17
2026-05-21 17:00:00.000,South,1122,26326,23.5,3174.25,2.83,-3955,163.355,0.16335,Thu,17
2026-05-21 17:00:00.000,West,1198,28160,23.5,3431.88,2.86,-4150,163.355,0.16335,Thu,17
2026-05-21 18:00:00.000,East,808,18990,23.5,2036.1,2.52,-2853,204.695,0.2047,Thu,18
2026-05-21 18:00:00.000,North,914,21530,23.6,2301.6,2.52,-3163,204.695,0.2047,Thu,18
2026-05-21 18:00:00.000,South,1122,26292,23.4,2842.68,2.53,-3884,204.695,0.2047,Thu,18
2026-05-21 18:00:00.000,West,1198,27950,23.3,2997.66,2.5,-4150,204.695,0.2047,Thu,18
2026-05-21 19:00:00.000,East,808,18689,23.1,1816.82,2.25,-2826,188.4175,0.188425,Thu,19
2026-05-21 19:00:00.000,North,914,21486,23.5,1990.06,2.18,-3169,188.4175,0.188425,Thu,19
2026-05-21 19:00:00.000,South,1122,26472,23.6,2414.01,2.15,-3976,188.4175,0.188425,Thu,19
2026-05-21 19:00:00.000,West,1198,28389,23.7,2667,2.23,-4230,188.4175,0.188425,Thu,19
2026-05-21 20:00:00.000,East,808,18851,23.3,1528.19,1.89,-2807,166.035,0.16605,Thu,20
2026-05-21 20:00:00.000,North,914,21635,23.7,1680.9,1.84,-3161,166.035,0.16605,Thu,20
2026-05-21 20:00:00.000,South,1122,26512,23.6,2080.54,1.85,-3917,166.035,0.16605,Thu,20
2026-05-21 20:00:00.000,West,1198,27950,23.3,2235.2,1.87,-4223,166.035,0.16605,Thu,20
2026-05-21 21:00:00.000,East,808,19108,23.6,0,0,-2811,146.3925,0.1464,Thu,21
2026-05-21 21:00:00.000,North,914,21716,23.8,0,0,-3201,146.3925,0.1464,Thu,21
2026-05-21 21:00:00.000,South,1122,26353,23.5,0,0,-3962,146.3925,0.1464,Thu,21
2026-05-21 21:00:00.000,West,1198,28258,23.6,0,0,-4078,146.3925,0.1464,Thu,21
2026-05-21 22:00:00.000,East,808,19107,23.6,0,0,-2808,144.315,0.1443,Thu,22
2026-05-21 22:00:00.000,North,914,21553,23.6,0,0,-3196,144.315,0.1443,Thu,22
2026-05-21 22:00:00.000,South,1122,26486,23.6,0,0,-3918,144.315,0.1443,Thu,22
2026-05-21 22:00:00.000,West,1198,28185,23.5,0,0,-4254,144.315,0.1443,Thu,22
2026-05-21 23:00:00.000,East,808,19033,23.6,0,0,-2877,136.9,0.1369,Thu,23
2026-05-21 23:00:00.000,North,914,21305,23.3,0,0,-3179,136.9,0.1369,Thu,23
2026-05-21 23:00:00.000,South,1122,26088,23.3,0,0,-3950,136.9,0.1369,Thu,23
2026-05-21 23:00:00.000,West,1198,28216,23.6,0,0,-4219,136.9,0.1369,Thu,23
2026-05-22 00:00:00.000,East,808,19138,23.7,0,0,-2838,131.6375,0.131625,Fri,0
2026-05-22 00:00:00.000,North,914,21693,23.7,0,0,-3261,131.6375,0.131625,Fri,0
2026-05-22 00:00:00.000,South,1122,26300,23.4,0,0,-3998,131.6375,0.131625,Fri,0
2026-05-22 00:00:00.000,West,1198,27848,23.2,0,0,-4199,131.6375,0.131625,Fri,0
2026-05-22 01:00:00.000,East,808,44785,55.4,0,0,200.8,128.95,0.12895,Fri,1
2026-05-22 01:00:00.000,North,914,50227,55,0,0,272.2,128.95,0.12895,Fri,1
2026-05-22 01:00:00.000,South,1122,61481,54.8,0,0,257.4,128.95,0.12895,Fri,1
2026-05-22 01:00:00.000,West,1198,66127,55.2,0,0,275,128.95,0.12895,Fri,1
2026-05-22 02:00:00.000,East,808,18778,23.2,0,0,-2848,131.4975,0.1315,Fri,2
2026-05-22 02:00:00.000,North,914,21504,23.5,0,0,-3211,131.4975,0.1315,Fri,2
2026-05-22 02:00:00.000,South,1122,25991,23.2,0,0,-3887,131.4975,0.1315,Fri,2
2026-05-22 02:00:00.000,West,1198,28343,23.7,0,0,-4112,131.4975,0.1315,Fri,2
2026-05-22 03:00:00.000,East,808,18784,23.2,0,0,-2823,135.7175,0.135725,Fri,3
2026-05-22 03:00:00.000,North,914,21500,23.5,0,0,-3241,135.7175,0.135725,Fri,3
2026-05-22 03:00:00.000,South,1122,26295,23.4,0,0,-3892,135.7175,0.135725,Fri,3
2026-05-22 03:00:00.000,West,1198,28027,23.4,0,0,-4214,135.7175,0.135725,Fri,3
2026-05-22 04:00:00.000,East,808,18814,23.3,0,0,-2801,144.355,0.144375,Fri,4
2026-05-22 04:00:00.000,North,914,21787,23.8,0,0,-3195,144.355,0.144375,Fri,4
2026-05-22 04:00:00.000,South,1122,26360,23.5,0,0,-3977,144.355,0.144375,Fri,4
2026-05-22 04:00:00.000,West,1198,28165,23.5,0,0,-4145,144.355,0.144375,Fri,4
2026-05-22 05:00:00.000,East,808,19221,23.8,0,0,-2835,138.1775,0.1382,Fri,5
2026-05-22 05:00:00.000,North,914,21517,23.5,0,0,-3210,138.1775,0.1382,Fri,5
2026-05-22 05:00:00.000,South,1122,26249,23.4,0,0,-3935,138.1775,0.1382,Fri,5
2026-05-22 05:00:00.000,West,1198,28147,23.5,0,0,-4211,138.1775,0.1382,Fri,5
2026-05-22 06:00:00.000,East,808,44617,55.2,1517.09,1.88,184,123.135,0.123125,Fri,6
2026-05-22 06:00:00.000,North,914,50026,54.7,1732.46,1.9,176.9,123.135,0.123125,Fri,6
2026-05-22 06:00:00.000,South,1122,61570,54.9,2078.92,1.85,307.1,123.135,0.123125,Fri,6
2026-05-22 06:00:00.000,West,1198,66066,55.1,2228.04,1.86,333,123.135,0.123125,Fri,6
2026-05-22 07:00:00.000,East,808,44209,54.7,1794.47,2.22,232.1,91.8825,0.0919,Fri,7
2026-05-22 07:00:00.000,North,914,49916,54.6,2006.96,2.2,254,91.8825,0.0919,Fri,7
2026-05-22 07:00:00.000,South,1122,61789,55.1,2449.37,2.18,291.4,91.8825,0.0919,Fri,7
2026-05-22 07:00:00.000,West,1198,65513,54.7,2671.32,2.23,319,91.8825,0.0919,Fri,7
2026-05-22 08:00:00.000,East,808,65585,81.2,2065.02,2.56,2629.4,42.48,0.042475,Fri,8
2026-05-22 08:00:00.000,North,914,74170,81.1,2374.62,2.6,2975.5,42.48,0.042475,Fri,8
2026-05-22 08:00:00.000,South,1122,90809,80.9,2916.18,2.6,3638.7,42.48,0.042475,Fri,8
2026-05-22 08:00:00.000,West,1198,96949,80.9,3029.88,2.53,3878.1,42.48,0.042475,Fri,8
2026-05-22 09:00:00.000,East,808,65360,80.9,2366.71,2.93,2629.5,3.94,0.00395,Fri,9
2026-05-22 09:00:00.000,North,914,73912,80.9,2611.05,2.86,2942.8,3.94,0.00395,Fri,9
2026-05-22 09:00:00.000,South,1122,91330,81.4,3193.47,2.85,3637,3.94,0.00395,Fri,9
2026-05-22 09:00:00.000,West,1198,97157,81.1,3521.01,2.94,3876.2,3.94,0.00395,Fri,9
2026-05-22 10:00:00.000,East,808,65950,81.6,2553.96,3.16,2627.9,0.005,0,Fri,10
2026-05-22 10:00:00.000,North,914,74082,81.1,2977.51,3.26,2925.8,0.005,0,Fri,10
2026-05-22 10:00:00.000,South,1122,90725,80.9,3669.87,3.27,3654.6,0.005,0,Fri,10
2026-05-22 10:00:00.000,West,1198,97047,81,3943.07,3.29,3899,0.005,0,Fri,10
2026-05-22 11:00:00.000,East,808,65389,80.9,2908.83,3.6,2653,0,0,Fri,11
2026-05-22 11:00:00.000,North,914,73815,80.8,3281.13,3.59,2941.6,0,0,Fri,11
2026-05-22 11:00:00.000,South,1122,91340,81.4,4035.3,3.6,3629.8,0,0,Fri,11
2026-05-22 11:00:00.000,West,1198,96950,80.9,4382.24,3.66,3862.7,0,0,Fri,11
2026-05-22 12:00:00.000,East,808,65468,81,3091.88,3.83,2600,1,0.001,Fri,12
2026-05-22 12:00:00.000,North,914,74106,81.1,3566.72,3.9,2982.5,1,0.001,Fri,12
2026-05-22 12:00:00.000,South,1122,90803,80.9,4374.5,3.9,3666.8,1,0.001,Fri,12
2026-05-22 12:00:00.000,West,1198,96906,80.9,4658.02,3.89,3881.1,1,0.001,Fri,12
2026-05-22 13:00:00.000,East,808,65597,81.2,3489.6,4.32,2611.4,20.305,0.0203,Fri,13
2026-05-22 13:00:00.000,North,914,74153,81.1,3941,4.31,2985.4,20.305,0.0203,Fri,13
2026-05-22 13:00:00.000,South,1122,90589,80.7,4860.7,4.33,3669.3,20.305,0.0203,Fri,13
2026-05-22 13:00:00.000,West,1198,97229,81.2,5175,4.32,3894.9,20.305,0.0203,Fri,13
2026-05-22 14:00:00.000,East,808,44528,55.1,3092.27,3.83,222.4,70.24,0.070225,Fri,14
2026-05-22 14:00:00.000,North,914,50187,54.9,3657.19,4,202.6,70.24,0.070225,Fri,14
2026-05-22 14:00:00.000,South,1122,61370,54.7,4263.86,3.8,206.3,70.24,0.070225,Fri,14
2026-05-22 14:00:00.000,West,1198,65840,55,4692.73,3.92,281.2,70.24,0.070225,Fri,14
2026-05-22 15:00:00.000,East,808,44297,54.8,2850.31,3.53,185.2,104.195,0.1042,Fri,15
2026-05-22 15:00:00.000,North,914,50633,55.4,3275.31,3.58,230.5,104.195,0.1042,Fri,15
2026-05-22 15:00:00.000,South,1122,61446,54.8,4021.4,3.58,275.8,104.195,0.1042,Fri,15
2026-05-22 15:00:00.000,West,1198,65823,54.9,4320.83,3.61,271.5,104.195,0.1042,Fri,15
2026-05-22 16:00:00.000,East,808,19002,23.5,2532.96,3.13,-2803,134.95,0.13495,Fri,16
2026-05-22 16:00:00.000,North,914,21243,23.2,2863.33,3.13,-3197,134.95,0.13495,Fri,16
2026-05-22 16:00:00.000,South,1122,26886,24,3509.23,3.13,-3932,134.95,0.13495,Fri,16
2026-05-22 16:00:00.000,West,1198,28215,23.6,3871.77,3.23,-4187,134.95,0.13495,Fri,16
2026-05-22 17:00:00.000,East,808,18526,22.9,2355.69,2.92,-2850,161.2225,0.161225,Fri,17
2026-05-22 17:00:00.000,North,914,21516,23.5,2645.05,2.89,-3203,161.2225,0.161225,Fri,17
2026-05-22 17:00:00.000,South,1122,26616,23.7,3259.73,2.91,-3901,161.2225,0.161225,Fri,17
2026-05-22 17:00:00.000,West,1198,27572,23,3345.8,2.79,-4202,161.2225,0.161225,Fri,17
2026-05-22 18:00:00.000,East,808,18962,23.5,2079.78,2.57,-2856,218.4275,0.218425,Fri,18
2026-05-22 18:00:00.000,North,914,21199,23.2,2341.56,2.56,-3279,218.4275,0.218425,Fri,18
2026-05-22 18:00:00.000,South,1122,26857,23.9,2854.56,2.54,-3889,218.4275,0.218425,Fri,18
2026-05-22 18:00:00.000,West,1198,27995,23.4,3066.6,2.56,-4254,218.4275,0.218425,Fri,18
2026-05-22 19:00:00.000,East,808,19229,23.8,1802.49,2.23,-2863,193.6625,0.19365,Fri,19
2026-05-22 19:00:00.000,North,914,21665,23.7,2038.99,2.23,-3234,193.6625,0.19365,Fri,19
2026-05-22 19:00:00.000,South,1122,26462,23.6,2472.67,2.2,-3964,193.6625,0.19365,Fri,19
2026-05-22 19:00:00.000,West,1198,28456,23.8,2646.39,2.21,-4220,193.6625,0.19365,Fri,19
2026-05-22 20:00:00.000,East,808,19069,23.6,1527.02,1.89,-2882,154.635,0.154625,Fri,20
2026-05-22 20:00:00.000,North,914,21502,23.5,1670.12,1.83,-3163,154.635,0.154625,Fri,20
2026-05-22 20:00:00.000,South,1122,26283,23.4,2115.03,1.89,-3898,154.635,0.154625,Fri,20
2026-05-22 20:00:00.000,West,1198,27736,23.2,2219.41,1.85,-4213,154.635,0.154625,Fri,20
2026-05-22 21:00:00.000,East,808,18939,23.4,0,0,-2862,140.735,0.140725,Fri,21
2026-05-22 21:00:00.000,North,914,20880,22.8,0,0,-3178,140.735,0.140725,Fri,21
2026-05-22 21:00:00.000,South,1122,26668,23.8,0,0,-3962,140.735,0.140725,Fri,21
2026-05-22 21:00:00.000,West,1198,28250,23.6,0,0,-4219,140.735,0.140725,Fri,21
2026-05-22 22:00:00.000,East,808,19203,23.8,0,0,-2856,136.76,0.13675,Fri,22
2026-05-22 22:00:00.000,North,914,22002,24.1,0,0,-3149,136.76,0.13675,Fri,22
2026-05-22 22:00:00.000,South,1122,26344,23.5,0,0,-3871,136.76,0.13675,Fri,22
2026-05-22 22:00:00.000,West,1198,28057,23.4,0,0,-4188,136.76,0.13675,Fri,22
2026-05-22 23:00:00.000,East,808,44297,54.8,0,0,163.9,130,0.129975,Fri,23
2026-05-22 23:00:00.000,North,914,50625,55.4,0,0,250.7,130,0.129975,Fri,23
2026-05-22 23:00:00.000,South,1122,61902,55.2,0,0,257.4,130,0.129975,Fri,23
2026-05-22 23:00:00.000,West,1198,66182,55.2,0,0,335,130,0.129975,Fri,23
2026-05-23 00:00:00.000,East,808,44256,54.8,0,0,254.2,125.8675,0.12585,Sat,0
2026-05-23 00:00:00.000,North,914,50577,55.3,0,0,204.9,125.8675,0.12585,Sat,0
2026-05-23 00:00:00.000,South,1122,61893,55.2,0,0,316,125.8675,0.12585,Sat,0
2026-05-23 00:00:00.000,West,1198,65941,55,0,0,323.5,125.8675,0.12585,Sat,0
2026-05-23 01:00:00.000,East,808,44219,54.7,0,0,175,125.3675,0.1254,Sat,1
2026-05-23 01:00:00.000,North,914,50231,55,0,0,206.4,125.3675,0.1254,Sat,1
2026-05-23 01:00:00.000,South,1122,61385,54.7,0,0,308.7,125.3675,0.1254,Sat,1
2026-05-23 01:00:00.000,West,1198,65997,55.1,0,0,317.1,125.3675,0.1254,Sat,1
2026-05-23 02:00:00.000,East,808,44427,55,0,0,232.8,121.7325,0.121725,Sat,2
2026-05-23 02:00:00.000,North,914,50089,54.8,0,0,224.2,121.7325,0.121725,Sat,2
2026-05-23 02:00:00.000,South,1122,62004,55.3,0,0,303.8,121.7325,0.121725,Sat,2
2026-05-23 02:00:00.000,West,1198,65405,54.6,0,0,330.8,121.7325,0.121725,Sat,2
2026-05-23 03:00:00.000,East,808,44659,55.3,0,0,141.1,119.26,0.11925,Sat,3
2026-05-23 03:00:00.000,North,914,50266,55,0,0,238.2,119.26,0.11925,Sat,3
2026-05-23 03:00:00.000,South,1122,62195,55.4,0,0,192.8,119.26,0.11925,Sat,3
2026-05-23 03:00:00.000,West,1198,65941,55,0,0,254,119.26,0.11925,Sat,3
2026-05-23 04:00:00.000,East,808,44891,55.6,0,0,180.3,116.3675,0.116375,Sat,4
2026-05-23 04:00:00.000,North,914,50738,55.5,0,0,254.7,116.3675,0.116375,Sat,4
2026-05-23 04:00:00.000,South,1122,61592,54.9,0,0,244.8,116.3675,0.116375,Sat,4
2026-05-23 04:00:00.000,West,1198,66308,55.3,0,0,286.6,116.3675,0.116375,Sat,4
2026-05-23 05:00:00.000,East,808,44191,54.7,0,0,198.9,97.085,0.097075,Sat,5
2026-05-23 05:00:00.000,North,914,50708,55.5,0,0,176.1,97.085,0.097075,Sat,5
2026-05-23 05:00:00.000,South,1122,61964,55.2,0,0,335.5,97.085,0.097075,Sat,5
2026-05-23 05:00:00.000,West,1198,66079,55.2,0,0,247.5,97.085,0.097075,Sat,5
2026-05-23 06:00:00.000,East,808,65660,81.3,1487.49,1.84,2597.3,49.8625,0.04985,Sat,6
2026-05-23 06:00:00.000,North,914,73924,80.9,1651.03,1.81,2951.9,49.8625,0.04985,Sat,6
2026-05-23 06:00:00.000,South,1122,90747,80.9,2144.32,1.91,3661,49.8625,0.04985,Sat,6
2026-05-23 06:00:00.000,West,1198,96935,80.9,2209.51,1.84,3917.3,49.8625,0.04985,Sat,6
2026-05-23 07:00:00.000,East,808,65576,81.2,1765.8,2.19,2674.9,1.6,0.0016,Sat,7
2026-05-23 07:00:00.000,North,914,74235,81.2,2023.57,2.21,2981.2,1.6,0.0016,Sat,7
2026-05-23 07:00:00.000,South,1122,90752,80.9,2466.32,2.2,3654.6,1.6,0.0016,Sat,7
2026-05-23 07:00:00.000,West,1198,97480,81.4,2645.81,2.21,3916.3,1.6,0.0016,Sat,7
2026-05-23 08:00:00.000,East,808,72597,89.8,2047.98,2.53,3443,-0.3325,-0.000325,Sat,8
2026-05-23 08:00:00.000,North,914,82301,90,2291.34,2.51,3886,-0.3325,-0.000325,Sat,8
2026-05-23 08:00:00.000,South,1122,100824,89.9,2908.02,2.59,4788.5,-0.3325,-0.000325,Sat,8
2026-05-23 08:00:00.000,West,1198,107754,89.9,3103.08,2.59,5097.5,-0.3325,-0.000325,Sat,8
2026-05-23 09:00:00.000,East,808,72642,89.9,2342.27,2.9,3417.2,-3.9,-0.0039,Sat,9
2026-05-23 09:00:00.000,North,914,82211,89.9,2588.81,2.83,3894.6,-3.9,-0.0039,Sat,9
2026-05-23 09:00:00.000,South,1122,101007,90,3264.21,2.91,4773,-3.9,-0.0039,Sat,9
2026-05-23 09:00:00.000,West,1198,107767,90,3492.27,2.92,5096,-3.9,-0.0039,Sat,9
2026-05-23 10:00:00.000,East,808,72814,90.1,2631.51,3.26,3432.5,-12.3925,-0.012375,Sat,10
2026-05-23 10:00:00.000,North,914,82130,89.9,2929.68,3.21,3899.9,-12.3925,-0.012375,Sat,10
2026-05-23 10:00:00.000,South,1122,101089,90.1,3543.28,3.16,4763.7,-12.3925,-0.012375,Sat,10
2026-05-23 10:00:00.000,West,1198,107754,89.9,3891.97,3.25,5112.6,-12.3925,-0.012375,Sat,10
2026-05-23 11:00:00.000,East,808,72754,90,2929.76,3.63,3434.4,-31.8175,-0.031825,Sat,11
2026-05-23 11:00:00.000,North,914,82180,89.9,3330.69,3.64,3868.6,-31.8175,-0.031825,Sat,11
2026-05-23 11:00:00.000,South,1122,100829,89.9,3862.75,3.44,4773.4,-31.8175,-0.031825,Sat,11
2026-05-23 11:00:00.000,West,1198,107704,89.9,4326.73,3.61,5098.6,-31.8175,-0.031825,Sat,11
2026-05-23 12:00:00.000,East,808,72740,90,3029.69,3.75,3415.1,-18.42,-0.018425,Sat,12
2026-05-23 12:00:00.000,North,914,82332,90.1,3531.38,3.86,3887.9,-18.42,-0.018425,Sat,12
2026-05-23 12:00:00.000,South,1122,100969,90,4338.29,3.87,4770.6,-18.42,-0.018425,Sat,12
2026-05-23 12:00:00.000,West,1198,107761,90,4656.14,3.89,5086.7,-18.42,-0.018425,Sat,12
2026-05-23 13:00:00.000,East,808,72665,89.9,3330.2,4.12,3452.6,-4,-0.004,Sat,13
2026-05-23 13:00:00.000,North,914,82259,90,3906.9,4.27,3867.6,-4,-0.004,Sat,13
2026-05-23 13:00:00.000,South,1122,101116,90.1,4802.9,4.28,4747.9,-4,-0.004,Sat,13
2026-05-23 13:00:00.000,West,1198,107707,89.9,5071,4.23,5087.4,-4,-0.004,Sat,13
2026-05-23 14:00:00.000,East,808,72736,90,3188.12,3.95,3425,-0.2875,-0.0003,Sat,14
2026-05-23 14:00:00.000,North,914,82358,90.1,3618.03,3.96,3873.1,-0.2875,-0.0003,Sat,14
2026-05-23 14:00:00.000,South,1122,100857,89.9,4331.62,3.86,4735.1,-0.2875,-0.0003,Sat,14
2026-05-23 14:00:00.000,West,1198,107673,89.9,4678.7,3.91,5073.2,-0.2875,-0.0003,Sat,14
2026-05-23 15:00:00.000,East,808,65407,80.9,2907.65,3.6,2611.7,44.4475,0.04445,Sat,15
2026-05-23 15:00:00.000,North,914,74078,81,3273.61,3.58,2967.8,44.4475,0.04445,Sat,15
2026-05-23 15:00:00.000,South,1122,90759,80.9,4039.22,3.6,3604.8,44.4475,0.04445,Sat,15
2026-05-23 15:00:00.000,West,1198,97111,81.1,4273.32,3.57,3904.1,44.4475,0.04445,Sat,15
2026-05-23 16:00:00.000,East,808,44120,54.6,2641.22,3.27,185.4,120.7625,0.120775,Sat,16
2026-05-23 16:00:00.000,North,914,50346,55.1,2996.46,3.28,227.8,120.7625,0.120775,Sat,16
2026-05-23 16:00:00.000,South,1122,61657,55,3553.17,3.17,290.5,120.7625,0.120775,Sat,16
2026-05-23 16:00:00.000,West,1198,65493,54.7,3858.5,3.22,313.8,120.7625,0.120775,Sat,16
2026-05-23 17:00:00.000,East,808,19303,23.9,2349.8,2.91,-2807,149.6575,0.14965,Sat,17
2026-05-23 17:00:00.000,North,914,21422,23.4,2642.97,2.89,-3162,149.6575,0.14965,Sat,17
2026-05-23 17:00:00.000,South,1122,26227,23.4,3163.18,2.82,-3912,149.6575,0.14965,Sat,17
2026-05-23 17:00:00.000,West,1198,28012,23.4,3450.47,2.88,-4146,149.6575,0.14965,Sat,17
2026-05-23 18:00:00.000,East,808,18989,23.5,2061.6,2.55,-2874,174.52,0.174525,Sat,18
2026-05-23 18:00:00.000,North,914,21614,23.6,2319.72,2.54,-3261,174.52,0.174525,Sat,18
2026-05-23 18:00:00.000,South,1122,26512,23.6,2870.88,2.56,-3915,174.52,0.174525,Sat,18
2026-05-23 18:00:00.000,West,1198,28198,23.5,3055.44,2.55,-4188,174.52,0.174525,Sat,18
2026-05-23 19:00:00.000,East,808,19248,23.8,1798.88,2.23,-2837,171.065,0.17105,Sat,19
2026-05-23 19:00:00.000,North,914,21540,23.6,2038.09,2.23,-3156,171.065,0.17105,Sat,19
2026-05-23 19:00:00.000,South,1122,26352,23.5,2519.04,2.25,-3933,171.065,0.17105,Sat,19
2026-05-23 19:00:00.000,West,1198,28423,23.7,2620.6,2.19,-4220,171.065,0.17105,Sat,19
2026-05-23 20:00:00.000,East,808,18973,23.5,1501.58,1.86,-2792,156.915,0.156925,Sat,20
2026-05-23 20:00:00.000,North,914,21789,23.8,1678.27,1.84,-3246,156.915,0.156925,Sat,20
2026-05-23 20:00:00.000,South,1122,26786,23.9,2088.93,1.86,-3923,156.915,0.156925,Sat,20
2026-05-23 20:00:00.000,West,1198,28091,23.4,2277.29,1.9,-4197,156.915,0.156925,Sat,20
2026-05-23 21:00:00.000,East,808,18966,23.5,0,0,-2764,144.6525,0.14465,Sat,21
2026-05-23 21:00:00.000,North,914,21565,23.6,0,0,-3184,144.6525,0.14465,Sat,21
2026-05-23 21:00:00.000,South,1122,25963,23.1,0,0,-3881,144.6525,0.14465,Sat,21
2026-05-23 21:00:00.000,West,1198,28090,23.4,0,0,-4212,144.6525,0.14465,Sat,21
2026-05-23 22:00:00.000,East,808,19000,23.5,0,0,-2864,143.8025,0.143825,Sat,22
2026-05-23 22:00:00.000,North,914,21395,23.4,0,0,-3181,143.8025,0.143825,Sat,22
2026-05-23 22:00:00.000,South,1122,26445,23.6,0,0,-3832,143.8025,0.143825,Sat,22
2026-05-23 22:00:00.000,West,1198,28239,23.6,0,0,-4169,143.8025,0.143825,Sat,22
2026-05-23 23:00:00.000,East,808,18836,23.3,0,0,-2838,133.3775,0.133375,Sat,23
2026-05-23 23:00:00.000,North,914,21681,23.7,0,0,-3164,133.3775,0.133375,Sat,23
2026-05-23 23:00:00.000,South,1122,26190,23.3,0,0,-3965,133.3775,0.133375,Sat,23
2026-05-23 23:00:00.000,West,1198,28330,23.6,0,0,-4226,133.3775,0.133375,Sat,23
2026-05-24 00:00:00.000,East,808,19083,23.6,0,0,-2775,136.885,0.136875,Sun,0
2026-05-24 00:00:00.000,North,914,21548,23.6,0,0,-3216,136.885,0.136875,Sun,0
2026-05-24 00:00:00.000,South,1122,26308,23.4,0,0,-3894,136.885,0.136875,Sun,0
2026-05-24 00:00:00.000,West,1198,28077,23.4,0,0,-4258,136.885,0.136875,Sun,0
2026-05-24 01:00:00.000,East,808,44726,55.4,0,0,265,125.44,0.12545,Sun,1
2026-05-24 01:00:00.000,North,914,50096,54.8,0,0,150.4,125.44,0.12545,Sun,1
2026-05-24 01:00:00.000,South,1122,62141,55.4,0,0,266.4,125.44,0.12545,Sun,1
2026-05-24 01:00:00.000,West,1198,65590,54.7,0,0,274.7,125.44,0.12545,Sun,1
2026-05-24 02:00:00.000,East,808,44258,54.8,0,0,202.1,122.89,0.1229,Sun,2
2026-05-24 02:00:00.000,North,914,50211,54.9,0,0,183.7,122.89,0.1229,Sun,2
2026-05-24 02:00:00.000,South,1122,61339,54.7,0,0,310.7,122.89,0.1229,Sun,2
2026-05-24 02:00:00.000,West,1198,65740,54.9,0,0,311.8,122.89,0.1229,Sun,2
2026-05-24 03:00:00.000,East,808,44515,55.1,0,0,204.3,117.7225,0.117725,Sun,3
2026-05-24 03:00:00.000,North,914,49912,54.6,0,0,204.5,117.7225,0.117725,Sun,3
2026-05-24 03:00:00.000,South,1122,62378,55.6,0,0,306.3,117.7225,0.117725,Sun,3
2026-05-24 03:00:00.000,West,1198,66172,55.2,0,0,366.8,117.7225,0.117725,Sun,3
2026-05-24 04:00:00.000,East,808,44387,54.9,0,0,266.2,108.795,0.1088,Sun,4
2026-05-24 04:00:00.000,North,914,50509,55.3,0,0,222.9,108.795,0.1088,Sun,4
2026-05-24 04:00:00.000,South,1122,61793,55.1,0,0,295.6,108.795,0.1088,Sun,4
2026-05-24 04:00:00.000,West,1198,66015,55.1,0,0,274.7,108.795,0.1088,Sun,4
2026-05-24 05:00:00.000,East,808,44215,54.7,0,0,140.4,88.4625,0.088475,Sun,5
2026-05-24 05:00:00.000,North,914,50099,54.8,0,0,222.8,88.4625,0.088475,Sun,5
2026-05-24 05:00:00.000,South,1122,61646,54.9,0,0,238.8,88.4625,0.088475,Sun,5
2026-05-24 05:00:00.000,West,1198,65854,55,0,0,283.3,88.4625,0.088475,Sun,5
2026-05-24 06:00:00.000,East,808,65275,80.8,1491.23,1.85,2640.5,16.3675,0.016375,Sun,6
2026-05-24 06:00:00.000,North,914,74352,81.3,1713.59,1.87,2933,16.3675,0.016375,Sun,6
2026-05-24 06:00:00.000,South,1122,90730,80.9,2097.32,1.87,3645.2,16.3675,0.016375,Sun,6
2026-05-24 06:00:00.000,West,1198,97089,81,2227.79,1.86,3909.5,16.3675,0.016375,Sun,6
2026-05-24 07:00:00.000,East,808,72648,89.9,1773.59,2.2,3421,-0.0275,-2.5e-05,Sun,7
2026-05-24 07:00:00.000,North,914,82272,90,2014.02,2.2,3879.9,-0.0275,-2.5e-05,Sun,7
2026-05-24 07:00:00.000,South,1122,100920,89.9,2476.98,2.21,4785.5,-0.0275,-2.5e-05,Sun,7
2026-05-24 07:00:00.000,West,1198,107789,90,2668.57,2.23,5075.5,-0.0275,-2.5e-05,Sun,7
2026-05-24 08:00:00.000,East,808,72767,90.1,2087.34,2.58,3454,-2.5025,-0.0025,Sun,8
2026-05-24 08:00:00.000,North,914,82175,89.9,2351.88,2.57,3882.5,-2.5025,-0.0025,Sun,8
2026-05-24 08:00:00.000,South,1122,100864,89.9,2838.12,2.53,4754.2,-2.5025,-0.0025,Sun,8
2026-05-24 08:00:00.000,West,1198,107899,90.1,3041.16,2.54,5074.6,-2.5025,-0.0025,Sun,8
2026-05-24 09:00:00.000,East,808,72954,90.3,2263.96,2.8,3423.9,-13.8325,-0.013825,Sun,9
2026-05-24 09:00:00.000,North,914,82313,90.1,2578.48,2.82,3889.5,-13.8325,-0.013825,Sun,9
2026-05-24 09:00:00.000,South,1122,101040,90.1,3172.09,2.83,4749.7,-13.8325,-0.013825,Sun,9
2026-05-24 09:00:00.000,West,1198,107949,90.1,3527.48,2.94,5082.5,-13.8325,-0.013825,Sun,9
2026-05-24 10:00:00.000,East,808,72734,90,2580.39,3.19,3433.7,-37.6125,-0.037625,Sun,10
2026-05-24 10:00:00.000,North,914,82224,90,2929.67,3.21,3881.3,-37.6125,-0.037625,Sun,10
2026-05-24 10:00:00.000,South,1122,100737,89.8,3722.4,3.32,4761.4,-37.6125,-0.037625,Sun,10
2026-05-24 10:00:00.000,West,1198,107814,90,3820.26,3.19,5061,-37.6125,-0.037625,Sun,10
2026-05-24 11:00:00.000,East,808,72752,90,2860.44,3.54,3420.8,-75.9375,-0.075925,Sun,11
2026-05-24 11:00:00.000,North,914,82315,90.1,3269.51,3.58,3877.7,-75.9375,-0.075925,Sun,11
2026-05-24 11:00:00.000,South,1122,101164,90.2,4013.12,3.58,4777.7,-75.9375,-0.075925,Sun,11
2026-05-24 11:00:00.000,West,1198,107951,90.1,4199.29,3.51,5085.2,-75.9375,-0.075925,Sun,11
2026-05-24 12:00:00.000,East,808,72870,90.2,3118.71,3.86,3441,-61.7525,-0.06175,Sun,12
2026-05-24 12:00:00.000,North,914,82314,90.1,3557.65,3.89,3875.4,-61.7525,-0.06175,Sun,12
2026-05-24 12:00:00.000,South,1122,100812,89.9,4426.74,3.95,4753.3,-61.7525,-0.06175,Sun,12
2026-05-24 12:00:00.000,West,1198,107719,89.9,4614.85,3.85,5126.1,-61.7525,-0.06175,Sun,12
2026-05-24 13:00:00.000,East,808,72729,90,3531,4.37,3427.7,-23.4925,-0.0235,Sun,13
2026-05-24 13:00:00.000,North,914,82200,89.9,3873.3,4.24,3860.7,-23.4925,-0.0235,Sun,13
2026-05-24 13:00:00.000,South,1122,100939,90,4814.6,4.29,4782.8,-23.4925,-0.0235,Sun,13
2026-05-24 13:00:00.000,West,1198,107772,90,5087.8,4.25,5061,-23.4925,-0.0235,Sun,13
2026-05-24 14:00:00.000,East,808,72554,89.8,3130.9,3.87,3449.2,-1.9575,-0.00195,Sun,14
2026-05-24 14:00:00.000,North,914,82134,89.9,3639.55,3.98,3901.9,-1.9575,-0.00195,Sun,14
2026-05-24 14:00:00.000,South,1122,101010,90,4216.09,3.76,4761.5,-1.9575,-0.00195,Sun,14
2026-05-24 14:00:00.000,West,1198,107788,90,4652.24,3.88,5099.9,-1.9575,-0.00195,Sun,14
2026-05-24 15:00:00.000,East,808,65696,81.3,2867.29,3.55,2651.8,14.375,0.0144,Sun,15
2026-05-24 15:00:00.000,North,914,74071,81,3273.64,3.58,2982.8,14.375,0.0144,Sun,15
2026-05-24 15:00:00.000,South,1122,90865,81,4047.35,3.61,3670.4,14.375,0.0144,Sun,15
2026-05-24 15:00:00.000,West,1198,96617,80.6,4245.85,3.54,3915.5,14.375,0.0144,Sun,15
2026-05-24 16:00:00.000,East,808,44317,54.8,2642.82,3.27,150.7,96.3775,0.0964,Sun,16
2026-05-24 16:00:00.000,North,914,50133,54.9,2868.87,3.14,230,96.3775,0.0964,Sun,16
2026-05-24 16:00:00.000,South,1122,61833,55.1,3726.41,3.32,301.5,96.3775,0.0964,Sun,16
2026-05-24 16:00:00.000,West,1198,65492,54.7,3869.82,3.23,338.9,96.3775,0.0964,Sun,16
2026-05-24 17:00:00.000,East,808,19043,23.6,2302.8,2.85,-2801,133.2175,0.133225,Sun,17
2026-05-24 17:00:00.000,North,914,21466,23.5,2613.93,2.86,-3236,133.2175,0.133225,Sun,17
2026-05-24 17:00:00.000,South,1122,26564,23.7,3209.91,2.86,-3966,133.2175,0.133225,Sun,17
2026-05-24 17:00:00.000,West,1198,28174,23.5,3491.15,2.91,-4217,133.2175,0.133225,Sun,17
2026-05-24 18:00:00.000,East,808,19307,23.9,2061.18,2.55,-2863,151.0175,0.151025,Sun,18
2026-05-24 18:00:00.000,North,914,21636,23.7,2262.06,2.47,-3178,151.0175,0.151025,Sun,18
2026-05-24 18:00:00.000,South,1122,26471,23.6,2956.14,2.63,-3946,151.0175,0.151025,Sun,18
2026-05-24 18:00:00.000,West,1198,28122,23.5,3071.22,2.56,-4212,151.0175,0.151025,Sun,18
2026-05-24 19:00:00.000,East,808,18828,23.3,1758.53,2.18,-2846,153.2275,0.153225,Sun,19
2026-05-24 19:00:00.000,North,914,21241,23.2,2013.23,2.2,-3172,153.2275,0.153225,Sun,19
2026-05-24 19:00:00.000,South,1122,26260,23.4,2554.25,2.28,-3854,153.2275,0.153225,Sun,19
2026-05-24 19:00:00.000,West,1198,28031,23.4,2632.73,2.2,-4193,153.2275,0.153225,Sun,19
2026-05-24 20:00:00.000,East,808,18922,23.4,1490.39,1.84,-2817,144.42,0.144425,Sun,20
2026-05-24 20:00:00.000,North,914,21352,23.4,1723.38,1.89,-3264,144.42,0.144425,Sun,20
2026-05-24 20:00:00.000,South,1122,26363,23.5,2147.08,1.91,-3945,144.42,0.144425,Sun,20
2026-05-24 20:00:00.000,West,1198,28243,23.6,2269.18,1.89,-4186,144.42,0.144425,Sun,20
2026-05-24 21:00:00.000,East,808,19112,23.7,0,0,-2828,132.1,0.132125,Sun,21
2026-05-24 21:00:00.000,North,914,21379,23.4,0,0,-3209,132.1,0.132125,Sun,21
2026-05-24 21:00:00.000,South,1122,25770,23,0,0,-3905,132.1,0.132125,Sun,21
2026-05-24 21:00:00.000,West,1198,28145,23.5,0,0,-4200,132.1,0.132125,Sun,21
2026-05-24 22:00:00.000,East,808,18864,23.3,0,0,-2834,130.8675,0.130875,Sun,22
2026-05-24 22:00:00.000,North,914,21324,23.3,0,0,-3282,130.8675,0.130875,Sun,22
2026-05-24 22:00:00.000,South,1122,26207,23.4,0,0,-3902,130.8675,0.130875,Sun,22
2026-05-24 22:00:00.000,West,1198,28275,23.6,0,0,-4239,130.8675,0.130875,Sun,22
2026-05-24 23:00:00.000,East,808,44508,55.1,0,0,237.3,125.9825,0.125975,Sun,23
2026-05-24 23:00:00.000,North,914,50332,55.1,0,0,240.2,125.9825,0.125975,Sun,23
2026-05-24 23:00:00.000,South,1122,61782,55.1,0,0,342.3,125.9825,0.125975,Sun,23
2026-05-24 23:00:00.000,West,1198,66359,55.4,0,0,288.6,125.9825,0.125975,Sun,23
2026-05-25 00:00:00.000,East,808,44152,54.6,0,0,218.5,125.24,0.12525,Mon,0
2026-05-25 00:00:00.000,North,914,50172,54.9,0,0,175.1,125.24,0.12525,Mon,0
2026-05-25 00:00:00.000,South,1122,61737,55,0,0,313.4,125.24,0.12525,Mon,0
2026-05-25 00:00:00.000,West,1198,65895,55,0,0,224.6,125.24,0.12525,Mon,0
2026-05-25 01:00:00.000,East,808,44377,54.9,0,0,232.1,126.0125,0.126025,Mon,1
2026-05-25 01:00:00.000,North,914,50637,55.4,0,0,234.4,126.0125,0.126025,Mon,1
2026-05-25 01:00:00.000,South,1122,61784,55.1,0,0,189.6,126.0125,0.126025,Mon,1
2026-05-25 01:00:00.000,West,1198,65668,54.8,0,0,283.5,126.0125,0.126025,Mon,1
2026-05-25 02:00:00.000,East,808,43972,54.4,0,0,202.4,129.3125,0.129325,Mon,2
2026-05-25 02:00:00.000,North,914,50371,55.1,0,0,221.5,129.3125,0.129325,Mon,2
2026-05-25 02:00:00.000,South,1122,61437,54.8,0,0,233.4,129.3125,0.129325,Mon,2
2026-05-25 02:00:00.000,West,1198,65818,54.9,0,0,332.1,129.3125,0.129325,Mon,2
2026-05-25 03:00:00.000,East,808,19019,23.5,0,0,-2841,131.995,0.132025,Mon,3
2026-05-25 03:00:00.000,North,914,21671,23.7,0,0,-3163,131.995,0.132025,Mon,3
2026-05-25 03:00:00.000,South,1122,26688,23.8,0,0,-3935,131.995,0.132025,Mon,3
2026-05-25 03:00:00.000,West,1198,28419,23.7,0,0,-4135,131.995,0.132025,Mon,3
2026-05-25 04:00:00.000,East,808,44604,55.2,0,0,254.5,130.195,0.1302,Mon,4
2026-05-25 04:00:00.000,North,914,50450,55.2,0,0,221.5,130.195,0.1302,Mon,4
2026-05-25 04:00:00.000,South,1122,61513,54.8,0,0,241.9,130.195,0.1302,Mon,4
2026-05-25 04:00:00.000,West,1198,65938,55,0,0,299,130.195,0.1302,Mon,4
2026-05-25 05:00:00.000,East,808,44180,54.7,0,0,170.1,117.8775,0.117875,Mon,5
2026-05-25 05:00:00.000,North,914,50176,54.9,0,0,206.2,117.8775,0.117875,Mon,5
2026-05-25 05:00:00.000,South,1122,61845,55.1,0,0,246.6,117.8775,0.117875,Mon,5
2026-05-25 05:00:00.000,West,1198,65361,54.6,0,0,365,117.8775,0.117875,Mon,5
2026-05-25 06:00:00.000,East,808,44909,55.6,1526.37,1.89,217.1,77.68,0.0777,Mon,6
2026-05-25 06:00:00.000,North,914,50013,54.7,1688.64,1.85,226.7,77.68,0.0777,Mon,6
2026-05-25 06:00:00.000,South,1122,61858,55.1,2068.48,1.84,232.1,77.68,0.0777,Mon,6
2026-05-25 06:00:00.000,West,1198,65855,55,2186.26,1.82,302.5,77.68,0.0777,Mon,6
2026-05-25 07:00:00.000,East,808,65209,80.7,1747.27,2.16,2649.3,5,0.005,Mon,7
2026-05-25 07:00:00.000,North,914,74153,81.1,1985.78,2.17,2960.4,5,0.005,Mon,7
2026-05-25 07:00:00.000,South,1122,90540,80.7,2473.37,2.2,3688.5,5,0.005,Mon,7
2026-05-25 07:00:00.000,West,1198,96967,80.9,2654.89,2.22,3918,5,0.005,Mon,7
2026-05-25 08:00:00.000,East,808,72871,90.2,2039.16,2.52,3440,-0.1675,-0.000175,Mon,8
2026-05-25 08:00:00.000,North,914,82206,89.9,2331.42,2.55,3905.5,-0.1675,-0.000175,Mon,8
2026-05-25 08:00:00.000,South,1122,101088,90.1,2866.44,2.55,4757.3,-0.1675,-0.000175,Mon,8
2026-05-25 08:00:00.000,West,1198,107754,89.9,2990.4,2.5,5119.7,-0.1675,-0.000175,Mon,8
2026-05-25 09:00:00.000,East,808,72641,89.9,2356.67,2.92,3420.3,-5.2625,-0.00525,Mon,9
2026-05-25 09:00:00.000,North,914,82344,90.1,2559.59,2.8,3891.9,-5.2625,-0.00525,Mon,9
2026-05-25 09:00:00.000,South,1122,100920,89.9,3232.66,2.88,4758.9,-5.2625,-0.00525,Mon,9
2026-05-25 09:00:00.000,West,1198,107793,90,3528.29,2.95,5058.4,-5.2625,-0.00525,Mon,9
2026-05-25 10:00:00.000,East,808,72704,90,2585.5,3.2,3445.5,-12.7125,-0.012725,Mon,10
2026-05-25 10:00:00.000,North,914,82419,90.2,2902.9,3.18,3879.8,-12.7125,-0.012725,Mon,10
2026-05-25 10:00:00.000,South,1122,101075,90.1,3593.33,3.2,4776,-12.7125,-0.012725,Mon,10
2026-05-25 10:00:00.000,West,1198,107669,89.9,3889.77,3.25,5083.1,-12.7125,-0.012725,Mon,10
2026-05-25 11:00:00.000,East,808,72636,89.9,2871.74,3.55,3413.8,-29.295,-0.029325,Mon,11
2026-05-25 11:00:00.000,North,914,82249,90,3238.21,3.54,3875.6,-29.295,-0.029325,Mon,11
2026-05-25 11:00:00.000,South,1122,101026,90,3992.11,3.56,4762.2,-29.295,-0.029325,Mon,11
2026-05-25 11:00:00.000,West,1198,107884,90.1,4363.03,3.64,5093.8,-29.295,-0.029325,Mon,11
2026-05-25 12:00:00.000,East,808,72980,90.3,3120.97,3.86,3437.7,-27.1825,-0.0272,Mon,12
2026-05-25 12:00:00.000,North,914,82286,90,3503.38,3.83,3896.8,-27.1825,-0.0272,Mon,12
2026-05-25 12:00:00.000,South,1122,101075,90.1,4347.66,3.87,4742.6,-27.1825,-0.0272,Mon,12
2026-05-25 12:00:00.000,West,1198,107944,90.1,4616.61,3.85,5075.3,-27.1825,-0.0272,Mon,12
2026-05-25 13:00:00.000,East,808,72823,90.1,3505.3,4.34,3447.1,-10.05,-0.01005,Mon,13
2026-05-25 13:00:00.000,North,914,82251,90,3784.2,4.14,3882,-10.05,-0.01005,Mon,13
2026-05-25 13:00:00.000,South,1122,100943,90,4858.2,4.33,4773.5,-10.05,-0.01005,Mon,13
2026-05-25 13:00:00.000,West,1198,108008,90.2,5082.7,4.24,5093.7,-10.05,-0.01005,Mon,13
2026-05-25 14:00:00.000,East,808,72761,90.1,3073.4,3.8,3418.4,-2.915,-0.002925,Mon,14
2026-05-25 14:00:00.000,North,914,82296,90,3589.52,3.93,3880.8,-2.915,-0.002925,Mon,14
2026-05-25 14:00:00.000,South,1122,100919,89.9,4416.48,3.94,4759.5,-2.915,-0.002925,Mon,14
2026-05-25 14:00:00.000,West,1198,107771,90,4644.45,3.88,5104.3,-2.915,-0.002925,Mon,14
2026-05-25 15:00:00.000,East,808,65605,81.2,2906.78,3.6,2626.2,31.95,0.03195,Mon,15
2026-05-25 15:00:00.000,North,914,74386,81.4,3222.35,3.53,3003.2,31.95,0.03195,Mon,15
2026-05-25 15:00:00.000,South,1122,91017,81.1,3973.4,3.54,3638.1,31.95,0.03195,Mon,15
2026-05-25 15:00:00.000,West,1198,96995,81,4269.35,3.56,3916.3,31.95,0.03195,Mon,15
2026-05-25 16:00:00.000,East,808,44702,55.3,2624.85,3.25,266.9,118.8225,0.11885,Mon,16
2026-05-25 16:00:00.000,North,914,50187,54.9,3041.58,3.33,239,118.8225,0.11885,Mon,16
2026-05-25 16:00:00.000,South,1122,61588,54.9,3685.76,3.28,330.2,118.8225,0.11885,Mon,16
2026-05-25 16:00:00.000,West,1198,66602,55.6,3913.14,3.27,319.2,118.8225,0.11885,Mon,16
2026-05-25 17:00:00.000,East,808,19172,23.7,2334.26,2.89,-2816,150.575,0.1506,Mon,17
2026-05-25 17:00:00.000,North,914,21576,23.6,2660.31,2.91,-3226,150.575,0.1506,Mon,17
2026-05-25 17:00:00.000,South,1122,26434,23.6,3245.1,2.89,-3928,150.575,0.1506,Mon,17
2026-05-25 17:00:00.000,West,1198,28274,23.6,3537.07,2.95,-4250,150.575,0.1506,Mon,17
2026-05-25 18:00:00.000,East,808,18816,23.3,2096.1,2.59,-2781,172.185,0.1722,Mon,18
2026-05-25 18:00:00.000,North,914,21946,24,2341.44,2.56,-3242,172.185,0.1722,Mon,18
2026-05-25 18:00:00.000,South,1122,26015,23.2,2807.52,2.5,-3867,172.185,0.1722,Mon,18
2026-05-25 18:00:00.000,West,1198,27969,23.3,3048.54,2.54,-4189,172.185,0.1722,Mon,18
2026-05-25 19:00:00.000,East,808,18917,23.4,1760.67,2.18,-2850,170.25,0.17025,Mon,19
2026-05-25 19:00:00.000,North,914,21544,23.6,2006.27,2.2,-3226,170.25,0.17025,Mon,19
2026-05-25 19:00:00.000,South,1122,26143,23.3,2509.89,2.24,-3888,170.25,0.17025,Mon,19
2026-05-25 19:00:00.000,West,1198,28651,23.9,2640.94,2.2,-4249,170.25,0.17025,Mon,19
2026-05-25 20:00:00.000,East,808,18433,22.8,1533.75,1.9,-2791,157.3325,0.15735,Mon,20
2026-05-25 20:00:00.000,North,914,21065,23,1726.93,1.89,-3202,157.3325,0.15735,Mon,20
2026-05-25 20:00:00.000,South,1122,26216,23.4,2110.4,1.88,-3894,157.3325,0.15735,Mon,20
2026-05-25 20:00:00.000,West,1198,28317,23.6,2235.56,1.87,-4170,157.3325,0.15735,Mon,20
2026-05-25 21:00:00.000,East,808,19071,23.6,0,0,-2861,141.025,0.141025,Mon,21
2026-05-25 21:00:00.000,North,914,21141,23.1,0,0,-3176,141.025,0.141025,Mon,21
2026-05-25 21:00:00.000,South,1122,26445,23.6,0,0,-3935,141.025,0.141025,Mon,21
2026-05-25 21:00:00.000,West,1198,28738,24,0,0,-4138,141.025,0.141025,Mon,21
2026-05-25 22:00:00.000,East,808,19222,23.8,0,0,-2835,136.36,0.136375,Mon,22
2026-05-25 22:00:00.000,North,914,21433,23.4,0,0,-3164,136.36,0.136375,Mon,22
2026-05-25 22:00:00.000,South,1122,26633,23.7,0,0,-3973,136.36,0.136375,Mon,22
2026-05-25 22:00:00.000,West,1198,28026,23.4,0,0,-4208,136.36,0.136375,Mon,22
2026-05-25 23:00:00.000,East,808,44446,55,0,0,228.5,125.6475,0.125625,Mon,23
2026-05-25 23:00:00.000,North,914,50573,55.3,0,0,224.8,125.6475,0.125625,Mon,23
2026-05-25 23:00:00.000,South,1122,62050,55.3,0,0,351.7,125.6475,0.125625,Mon,23
2026-05-25 23:00:00.000,West,1198,65871,55,0,0,284.1,125.6475,0.125625,Mon,23
2026-05-26 00:00:00.000,East,808,44274,54.8,0,0,252.2,120.645,0.120625,Tue,0
2026-05-26 00:00:00.000,North,914,50018,54.7,0,0,227,120.645,0.120625,Tue,0
2026-05-26 00:00:00.000,South,1122,61472,54.8,0,0,270.6,120.645,0.120625,Tue,0
2026-05-26 00:00:00.000,West,1198,65578,54.7,0,0,250.5,120.645,0.120625,Tue,0
2026-05-26 01:00:00.000,East,808,44375,54.9,0,0,184.9,121.18,0.1212,Tue,1
2026-05-26 01:00:00.000,North,914,50291,55,0,0,234.3,121.18,0.1212,Tue,1
2026-05-26 01:00:00.000,South,1122,62356,55.6,0,0,245,121.18,0.1212,Tue,1
2026-05-26 01:00:00.000,West,1198,65818,54.9,0,0,362.9,121.18,0.1212,Tue,1
2026-05-26 02:00:00.000,East,808,44091,54.6,0,0,242.9,119.53,0.1195,Tue,2
2026-05-26 02:00:00.000,North,914,50815,55.6,0,0,254.1,119.53,0.1195,Tue,2
2026-05-26 02:00:00.000,South,1122,61589,54.9,0,0,276.2,119.53,0.1195,Tue,2
2026-05-26 02:00:00.000,West,1198,65919,55,0,0,376.3,119.53,0.1195,Tue,2
2026-05-26 03:00:00.000,East,808,45011,55.7,0,0,193.4,128.91,0.1289,Tue,3
2026-05-26 03:00:00.000,North,914,50232,55,0,0,197.3,128.91,0.1289,Tue,3
2026-05-26 03:00:00.000,South,1122,61934,55.2,0,0,321.3,128.91,0.1289,Tue,3
2026-05-26 03:00:00.000,West,1198,66110,55.2,0,0,355.8,128.91,0.1289,Tue,3
2026-05-26 04:00:00.000,East,808,19030,23.6,0,0,-2802,143.105,0.1431,Tue,4
2026-05-26 04:00:00.000,North,914,21665,23.7,0,0,-3203,143.105,0.1431,Tue,4
2026-05-26 04:00:00.000,South,1122,25998,23.2,0,0,-3942,143.105,0.1431,Tue,4
2026-05-26 04:00:00.000,West,1198,28595,23.9,0,0,-4259,143.105,0.1431,Tue,4
2026-05-26 05:00:00.000,East,808,19100,23.6,0,0,-2800,141.54,0.14155,Tue,5
2026-05-26 05:00:00.000,North,914,21751,23.8,0,0,-3234,141.54,0.14155,Tue,5
2026-05-26 05:00:00.000,South,1122,26380,23.5,0,0,-3950,141.54,0.14155,Tue,5
2026-05-26 05:00:00.000,West,1198,27906,23.3,0,0,-4190,141.54,0.14155,Tue,5
2026-05-26 06:00:00.000,East,808,44311,54.8,1492.15,1.85,201.6,122.045,0.12205,Tue,6
2026-05-26 06:00:00.000,North,914,50169,54.9,1717.41,1.88,264.5,122.045,0.12205,Tue,6
2026-05-26 06:00:00.000,South,1122,62151,55.4,2098.78,1.87,295.1,122.045,0.12205,Tue,6
2026-05-26 06:00:00.000,West,1198,65716,54.9,2240.35,1.87,226.6,122.045,0.12205,Tue,6
2026-05-26 07:00:00.000,East,808,43991,54.4,1812.51,2.24,186,78.8,0.0788,Tue,7
2026-05-26 07:00:00.000,North,914,49874,54.6,2061.79,2.26,256.5,78.8,0.0788,Tue,7
2026-05-26 07:00:00.000,South,1122,61488,54.8,2542.04,2.27,337.2,78.8,0.0788,Tue,7
2026-05-26 07:00:00.000,West,1198,66059,55.1,2583.7,2.16,340,78.8,0.0788,Tue,7
2026-05-26 08:00:00.000,East,808,65086,80.6,2082.48,2.58,2599,6.52,0.006525,Tue,8
2026-05-26 08:00:00.000,North,914,74190,81.2,2353.14,2.57,2995.7,6.52,0.006525,Tue,8
2026-05-26 08:00:00.000,South,1122,91346,81.4,2858.1,2.55,3666,6.52,0.006525,Tue,8
2026-05-26 08:00:00.000,West,1198,96771,80.8,3020.1,2.52,3858,6.52,0.006525,Tue,8
2026-05-26 09:00:00.000,East,808,72732,90,2364.59,2.93,3392.8,-0.0075,0,Tue,9
2026-05-26 09:00:00.000,North,914,82117,89.8,2627.85,2.88,3882.7,-0.0075,0,Tue,9
2026-05-26 09:00:00.000,South,1122,101139,90.1,3238.8,2.89,4783,-0.0075,0,Tue,9
2026-05-26 09:00:00.000,West,1198,107780,90,3453.83,2.88,5062.6,-0.0075,0,Tue,9
2026-05-26 10:00:00.000,East,808,72526,89.8,2572.07,3.18,3429.8,-1.825,-0.00185,Tue,10
2026-05-26 10:00:00.000,North,914,82315,90.1,2958.68,3.24,3886.7,-1.825,-0.00185,Tue,10
2026-05-26 10:00:00.000,South,1122,101058,90.1,3594.58,3.2,4750.5,-1.825,-0.00185,Tue,10
2026-05-26 10:00:00.000,West,1198,107987,90.1,3913.81,3.27,5074.7,-1.825,-0.00185,Tue,10
2026-05-26 11:00:00.000,East,808,72755,90,2846.38,3.52,3440.5,-2.5,-0.0025,Tue,11
2026-05-26 11:00:00.000,North,914,82175,89.9,3221.15,3.52,3885.8,-2.5,-0.0025,Tue,11
2026-05-26 11:00:00.000,South,1122,101082,90.1,4133.58,3.68,4770.4,-2.5,-0.0025,Tue,11
2026-05-26 11:00:00.000,West,1198,107991,90.1,4209.32,3.51,5076.6,-2.5,-0.0025,Tue,11
2026-05-26 12:00:00.000,East,808,72739,90,3190.04,3.95,3419.9,-0.835,-0.000825,Tue,12
2026-05-26 12:00:00.000,North,914,82341,90.1,3637.27,3.98,3868.5,-0.835,-0.000825,Tue,12
2026-05-26 12:00:00.000,South,1122,100926,90,4466.84,3.98,4761,-0.835,-0.000825,Tue,12
2026-05-26 12:00:00.000,West,1198,107798,90,4619.63,3.86,5090.4,-0.835,-0.000825,Tue,12
2026-05-26 13:00:00.000,East,808,72695,90,3365.9,4.17,3443.6,-0.015,0,Tue,13
2026-05-26 13:00:00.000,North,914,82258,90,3900.7,4.27,3888.7,-0.015,0,Tue,13
2026-05-26 13:00:00.000,South,1122,100844,89.9,4735,4.22,4772.3,-0.015,0,Tue,13
2026-05-26 13:00:00.000,West,1198,107817,90,5027.9,4.2,5115,-0.015,0,Tue,13
2026-05-26 14:00:00.000,East,808,65445,81,3161,3.91,2596.5,13.115,0.013125,Tue,14
2026-05-26 14:00:00.000,North,914,73879,80.8,3603.83,3.94,2966.7,13.115,0.013125,Tue,14
2026-05-26 14:00:00.000,South,1122,90934,81,4310.91,3.84,3649.6,13.115,0.013125,Tue,14
2026-05-26 14:00:00.000,West,1198,96983,81,4518.6,3.77,3864.1,13.115,0.013125,Tue,14
2026-05-26 15:00:00.000,East,808,44429,55,2862.82,3.54,192.7,89.685,0.0897,Tue,15
2026-05-26 15:00:00.000,North,914,50465,55.2,3315.4,3.63,195.6,89.685,0.0897,Tue,15
2026-05-26 15:00:00.000,South,1122,62122,55.4,4001.46,3.57,240.6,89.685,0.0897,Tue,15
2026-05-26 15:00:00.000,West,1198,66087,55.2,4358.38,3.64,280.2,89.685,0.0897,Tue,15
2026-05-26 16:00:00.000,East,808,19024,23.5,2752.9,3.41,-2845,134.7875,0.1348,Tue,16
2026-05-26 16:00:00.000,North,914,21360,23.4,3022.33,3.31,-3190,134.7875,0.1348,Tue,16
2026-05-26 16:00:00.000,South,1122,26217,23.4,3702.6,3.3,-3974,134.7875,0.1348,Tue,16
2026-05-26 16:00:00.000,West,1198,28035,23.4,3861.08,3.22,-4147,134.7875,0.1348,Tue,16
2026-05-26 17:00:00.000,East,808,19319,23.9,2228.52,2.76,-2853,185.1025,0.185125,Tue,17
2026-05-26 17:00:00.000,North,914,21877,23.9,2698.07,2.95,-3258,185.1025,0.185125,Tue,17
2026-05-26 17:00:00.000,South,1122,26630,23.7,3264.78,2.91,-3927,185.1025,0.185125,Tue,17
2026-05-26 17:00:00.000,West,1198,28071,23.4,3451.58,2.88,-4215,185.1025,0.185125,Tue,17
2026-05-26 18:00:00.000,East,808,18712,23.2,2087.52,2.58,-2822,217.9475,0.217975,Tue,18
2026-05-26 18:00:00.000,North,914,21789,23.8,2338.14,2.56,-3155,217.9475,0.217975,Tue,18
2026-05-26 18:00:00.000,South,1122,26099,23.3,2864.58,2.55,-3927,217.9475,0.217975,Tue,18
2026-05-26 18:00:00.000,West,1198,28202,23.5,3141.36,2.62,-4140,217.9475,0.217975,Tue,18
2026-05-26 19:00:00.000,East,808,19110,23.7,1758.94,2.18,-2832,184.785,0.18475,Tue,19
2026-05-26 19:00:00.000,North,914,21530,23.6,2023.35,2.21,-3212,184.785,0.18475,Tue,19
2026-05-26 19:00:00.000,South,1122,26453,23.6,2359.98,2.1,-3926,184.785,0.18475,Tue,19
2026-05-26 19:00:00.000,West,1198,28017,23.4,2673.21,2.23,-4170,184.785,0.18475,Tue,19
2026-05-26 20:00:00.000,East,808,19042,23.6,1535.73,1.9,-2781,153.775,0.1538,Tue,20
2026-05-26 20:00:00.000,North,914,21328,23.3,1676.72,1.83,-3175,153.775,0.1538,Tue,20
2026-05-26 20:00:00.000,South,1122,26775,23.9,2090.22,1.86,-3854,153.775,0.1538,Tue,20
2026-05-26 20:00:00.000,West,1198,28134,23.5,2228.77,1.86,-4185,153.775,0.1538,Tue,20
2026-05-26 21:00:00.000,East,808,44369,54.9,0,0,167.7,130.5325,0.13055,Tue,21
2026-05-26 21:00:00.000,North,914,50020,54.7,0,0,200.1,130.5325,0.13055,Tue,21
2026-05-26 21:00:00.000,South,1122,61627,54.9,0,0,243.1,130.5325,0.13055,Tue,21
2026-05-26 21:00:00.000,West,1198,65469,54.6,0,0,274.2,130.5325,0.13055,Tue,21
2026-05-26 22:00:00.000,East,808,18790,23.3,0,0,-2793,134.7875,0.134775,Tue,22
2026-05-26 22:00:00.000,North,914,21804,23.9,0,0,-3282,134.7875,0.134775,Tue,22
2026-05-26 22:00:00.000,South,1122,26473,23.6,0,0,-3842,134.7875,0.134775,Tue,22
2026-05-26 22:00:00.000,West,1198,27846,23.2,0,0,-4277,134.7875,0.134775,Tue,22
2026-05-26 23:00:00.000,East,808,43902,54.3,0,0,195,127.5175,0.127525,Tue,23
2026-05-26 23:00:00.000,North,914,50875,55.7,0,0,238.6,127.5175,0.127525,Tue,23
2026-05-26 23:00:00.000,South,1122,61995,55.3,0,0,320.5,127.5175,0.127525,Tue,23
2026-05-26 23:00:00.000,West,1198,65933,55,0,0,243.7,127.5175,0.127525,Tue,23
2026-05-27 00:00:00.000,East,808,44392,54.9,0,0,166.4,120.5425,0.12055,Wed,0
2026-05-27 00:00:00.000,North,914,50738,55.5,0,0,210,120.5425,0.12055,Wed,0
2026-05-27 00:00:00.000,South,1122,61359,54.7,0,0,303.9,120.5425,0.12055,Wed,0
2026-05-27 00:00:00.000,West,1198,66043,55.1,0,0,342.4,120.5425,0.12055,Wed,0
2026-05-27 01:00:00.000,East,808,44489,55.1,0,0,188.1,118.87,0.1189,Wed,1
2026-05-27 01:00:00.000,North,914,49998,54.7,0,0,249.3,118.87,0.1189,Wed,1
2026-05-27 01:00:00.000,South,1122,61481,54.8,0,0,322.8,118.87,0.1189,Wed,1
2026-05-27 01:00:00.000,West,1198,65695,54.8,0,0,308.2,118.87,0.1189,Wed,1
2026-05-27 02:00:00.000,East,808,44851,55.5,0,0,218.5,119.0475,0.11905,Wed,2
2026-05-27 02:00:00.000,North,914,50748,55.5,0,0,226,119.0475,0.11905,Wed,2
2026-05-27 02:00:00.000,South,1122,61623,54.9,0,0,258.5,119.0475,0.11905,Wed,2
2026-05-27 02:00:00.000,West,1198,65346,54.5,0,0,312.2,119.0475,0.11905,Wed,2
2026-05-27 03:00:00.000,East,808,44425,55,0,0,185.6,121.235,0.121225,Wed,3
2026-05-27 03:00:00.000,North,914,50132,54.8,0,0,213.7,121.235,0.121225,Wed,3
2026-05-27 03:00:00.000,South,1122,61547,54.9,0,0,265.8,121.235,0.121225,Wed,3
2026-05-27 03:00:00.000,West,1198,66214,55.3,0,0,232.9,121.235,0.121225,Wed,3
2026-05-27 04:00:00.000,East,808,19118,23.7,0,0,-2829,134.2,0.1342,Wed,4
2026-05-27 04:00:00.000,North,914,21484,23.5,0,0,-3235,134.2,0.1342,Wed,4
2026-05-27 04:00:00.000,South,1122,26149,23.3,0,0,-3906,134.2,0.1342,Wed,4
2026-05-27 04:00:00.000,West,1198,28228,23.6,0,0,-4211,134.2,0.1342,Wed,4
2026-05-27 05:00:00.000,East,808,19041,23.6,0,0,-2841,131.1,0.1311,Wed,5
2026-05-27 05:00:00.000,North,914,21447,23.5,0,0,-3282,131.1,0.1311,Wed,5
2026-05-27 05:00:00.000,South,1122,26519,23.6,0,0,-3957,131.1,0.1311,Wed,5
2026-05-27 05:00:00.000,West,1198,27722,23.1,0,0,-4214,131.1,0.1311,Wed,5
2026-05-27 06:00:00.000,East,808,44923,55.6,1524.42,1.89,223.9,106.4525,0.10645,Wed,6
2026-05-27 06:00:00.000,North,914,50401,55.1,1724.34,1.89,170.4,106.4525,0.10645,Wed,6
2026-05-27 06:00:00.000,South,1122,62138,55.4,2092.97,1.87,297.6,106.4525,0.10645,Wed,6
2026-05-27 06:00:00.000,West,1198,66009,55.1,2284.18,1.91,277.2,106.4525,0.10645,Wed,6
2026-05-27 07:00:00.000,East,808,65310,80.8,1788.62,2.21,2637.7,48.235,0.04825,Wed,7
2026-05-27 07:00:00.000,North,914,74298,81.3,2018.2,2.21,2929.1,48.235,0.04825,Wed,7
2026-05-27 07:00:00.000,South,1122,90868,81,2502.56,2.23,3683.8,48.235,0.04825,Wed,7
2026-05-27 07:00:00.000,West,1198,96725,80.7,2628.36,2.19,3863.9,48.235,0.04825,Wed,7
2026-05-27 08:00:00.000,East,808,65588,81.2,2087.1,2.58,2610.6,3.425,0.00345,Wed,8
2026-05-27 08:00:00.000,North,914,73851,80.8,2414.34,2.64,2998.2,3.425,0.00345,Wed,8
2026-05-27 08:00:00.000,South,1122,91008,81.1,2908.62,2.59,3659.4,3.425,0.00345,Wed,8
2026-05-27 08:00:00.000,West,1198,97081,81,3145.26,2.63,3885.7,3.425,0.00345,Wed,8
2026-05-27 09:00:00.000,East,808,72878,90.2,2365.59,2.93,3430.1,-0.27,-0.000275,Wed,9
2026-05-27 09:00:00.000,North,914,82181,89.9,2601.63,2.85,3907.1,-0.27,-0.000275,Wed,9
2026-05-27 09:00:00.000,South,1122,100918,89.9,3244.7,2.89,4756.9,-0.27,-0.000275,Wed,9
2026-05-27 09:00:00.000,West,1198,107984,90.1,3404.53,2.84,5089.8,-0.27,-0.000275,Wed,9
2026-05-27 10:00:00.000,East,808,72671,89.9,2642.36,3.27,3447.4,-1.05,-0.00105,Wed,10
2026-05-27 10:00:00.000,North,914,82272,90,2930.13,3.21,3892.5,-1.05,-0.00105,Wed,10
2026-05-27 10:00:00.000,South,1122,100918,89.9,3601.98,3.21,4756.6,-1.05,-0.00105,Wed,10
2026-05-27 10:00:00.000,West,1198,108034,90.2,3824.59,3.19,5098.3,-1.05,-0.00105,Wed,10
2026-05-27 11:00:00.000,East,808,72746,90,2865.61,3.55,3441.8,-1.635,-0.00165,Wed,11
2026-05-27 11:00:00.000,North,914,82210,89.9,3221.32,3.52,3879.1,-1.635,-0.00165,Wed,11
2026-05-27 11:00:00.000,South,1122,101083,90.1,3986.24,3.55,4796.7,-1.635,-0.00165,Wed,11
2026-05-27 11:00:00.000,West,1198,107837,90,4241.33,3.54,5096.2,-1.635,-0.00165,Wed,11
2026-05-27 12:00:00.000,East,808,72879,90.2,3096.31,3.83,3447.9,-1.645,-0.00165,Wed,12
2026-05-27 12:00:00.000,North,914,82007,89.7,3582.11,3.92,3883.8,-1.645,-0.00165,Wed,12
2026-05-27 12:00:00.000,South,1122,101116,90.1,4474.1,3.99,4754.4,-1.645,-0.00165,Wed,12
2026-05-27 12:00:00.000,West,1198,107936,90.1,4631.15,3.87,5093,-1.645,-0.00165,Wed,12
2026-05-27 13:00:00.000,East,808,72790,90.1,3402.9,4.21,3439.2,-1.7025,-0.0017,Wed,13
2026-05-27 13:00:00.000,North,914,82147,89.9,3918,4.29,3909.5,-1.7025,-0.0017,Wed,13
2026-05-27 13:00:00.000,South,1122,101076,90.1,4776.6,4.26,4754.1,-1.7025,-0.0017,Wed,13
2026-05-27 13:00:00.000,West,1198,107788,90,5013.4,4.18,5068.8,-1.7025,-0.0017,Wed,13
2026-05-27 14:00:00.000,East,808,72630,89.9,3137.36,3.88,3423.3,-0.4225,-0.000425,Wed,14
2026-05-27 14:00:00.000,North,914,82214,89.9,3569.01,3.9,3866.9,-0.4225,-0.000425,Wed,14
2026-05-27 14:00:00.000,South,1122,101031,90,4299.21,3.83,4799,-0.4225,-0.000425,Wed,14
2026-05-27 14:00:00.000,West,1198,107754,89.9,4554.97,3.8,5089.1,-0.4225,-0.000425,Wed,14
2026-05-27 15:00:00.000,East,808,65383,80.9,2897.45,3.59,2629,32.2075,0.032225,Wed,15
2026-05-27 15:00:00.000,North,914,74408,81.4,3325.65,3.64,2947.1,32.2075,0.032225,Wed,15
2026-05-27 15:00:00.000,South,1122,90801,80.9,3971.98,3.54,3663.2,32.2075,0.032225,Wed,15
2026-05-27 15:00:00.000,West,1198,96584,80.6,4234.03,3.53,3918.8,32.2075,0.032225,Wed,15
2026-05-27 16:00:00.000,East,808,44177,54.7,2666.51,3.3,200,97.8475,0.097875,Wed,16
2026-05-27 16:00:00.000,North,914,50456,55.2,2937.18,3.21,295.4,97.8475,0.097875,Wed,16
2026-05-27 16:00:00.000,South,1122,61246,54.6,3638.88,3.24,275.1,97.8475,0.097875,Wed,16
2026-05-27 16:00:00.000,West,1198,65572,54.7,3821.74,3.19,381.5,97.8475,0.097875,Wed,16
2026-05-27 17:00:00.000,East,808,18809,23.3,2343.19,2.9,-2809,136.5175,0.136525,Wed,17
2026-05-27 17:00:00.000,North,914,21441,23.5,2590.14,2.83,-3199,136.5175,0.136525,Wed,17
2026-05-27 17:00:00.000,South,1122,26303,23.4,3279.56,2.92,-3915,136.5175,0.136525,Wed,17
2026-05-27 17:00:00.000,West,1198,28121,23.5,3468.33,2.9,-4169,136.5175,0.136525,Wed,17
2026-05-27 18:00:00.000,East,808,18965,23.5,2050.68,2.54,-2835,156.6775,0.1567,Wed,18
2026-05-27 18:00:00.000,North,914,21522,23.5,2345.46,2.57,-3173,156.6775,0.1567,Wed,18
2026-05-27 18:00:00.000,South,1122,26181,23.3,2844.54,2.54,-3945,156.6775,0.1567,Wed,18
2026-05-27 18:00:00.000,West,1198,28047,23.4,2993.04,2.5,-4182,156.6775,0.1567,Wed,18
2026-05-27 19:00:00.000,East,808,18996,23.5,1787.61,2.21,-2873,157.53,0.157525,Wed,19
2026-05-27 19:00:00.000,North,914,21411,23.4,2010.05,2.2,-3217,157.53,0.157525,Wed,19
2026-05-27 19:00:00.000,South,1122,26275,23.4,2477.78,2.21,-3941,157.53,0.157525,Wed,19
2026-05-27 19:00:00.000,West,1198,28621,23.9,2759.01,2.3,-4159,157.53,0.157525,Wed,19
2026-05-27 20:00:00.000,East,808,19318,23.9,1517.64,1.88,-2832,144.16,0.144175,Wed,20
2026-05-27 20:00:00.000,North,914,21685,23.7,1747.65,1.91,-3186,144.16,0.144175,Wed,20
2026-05-27 20:00:00.000,South,1122,26705,23.8,2118.8,1.89,-3848,144.16,0.144175,Wed,20
2026-05-27 20:00:00.000,West,1198,28064,23.4,2213.23,1.85,-4189,144.16,0.144175,Wed,20
2026-05-27 21:00:00.000,East,808,19053,23.6,0,0,-2827,133.455,0.13345,Wed,21
2026-05-27 21:00:00.000,North,914,21439,23.5,0,0,-3155,133.455,0.13345,Wed,21
2026-05-27 21:00:00.000,South,1122,26733,23.8,0,0,-3932,133.455,0.13345,Wed,21
2026-05-27 21:00:00.000,West,1198,28315,23.6,0,0,-4182,133.455,0.13345,Wed,21
2026-05-27 22:00:00.000,East,808,18812,23.3,0,0,-2837,132.945,0.132925,Wed,22
2026-05-27 22:00:00.000,North,914,21466,23.5,0,0,-3211,132.945,0.132925,Wed,22
2026-05-27 22:00:00.000,South,1122,26628,23.7,0,0,-3926,132.945,0.132925,Wed,22
2026-05-27 22:00:00.000,West,1198,28152,23.5,0,0,-4208,132.945,0.132925,Wed,22
2026-05-27 23:00:00.000,East,808,44523,55.1,0,0,191,129.5375,0.12955,Wed,23
2026-05-27 23:00:00.000,North,914,50408,55.2,0,0,187.7,129.5375,0.12955,Wed,23
2026-05-27 23:00:00.000,South,1122,61955,55.2,0,0,305.2,129.5375,0.12955,Wed,23
2026-05-27 23:00:00.000,West,1198,66101,55.2,0,0,287.1,129.5375,0.12955,Wed,23
2026-05-28 00:00:00.000,East,808,44130,54.6,0,0,193.7,127.2375,0.12725,Thu,0
2026-05-28 00:00:00.000,North,914,49878,54.6,0,0,258,127.2375,0.12725,Thu,0
2026-05-28 00:00:00.000,South,1122,61876,55.1,0,0,279.4,127.2375,0.12725,Thu,0
2026-05-28 00:00:00.000,West,1198,65306,54.5,0,0,359.9,127.2375,0.12725,Thu,0
2026-05-28 01:00:00.000,East,808,44794,55.4,0,0,257.4,127.3625,0.12735,Thu,1
2026-05-28 01:00:00.000,North,914,50285,55,0,0,209.9,127.3625,0.12735,Thu,1
2026-05-28 01:00:00.000,South,1122,61862,55.1,0,0,217.2,127.3625,0.12735,Thu,1
2026-05-28 01:00:00.000,West,1198,65472,54.7,0,0,315.3,127.3625,0.12735,Thu,1
2026-05-28 02:00:00.000,East,808,44240,54.8,0,0,167.1,130.09,0.1301,Thu,2
2026-05-28 02:00:00.000,North,914,49964,54.7,0,0,235.8,130.09,0.1301,Thu,2
2026-05-28 02:00:00.000,South,1122,61678,55,0,0,283.3,130.09,0.1301,Thu,2
2026-05-28 02:00:00.000,West,1198,65235,54.5,0,0,323.9,130.09,0.1301,Thu,2
2026-05-28 03:00:00.000,East,808,18605,23,0,0,-2825,135.5025,0.135525,Thu,3
2026-05-28 03:00:00.000,North,914,21902,24,0,0,-3165,135.5025,0.135525,Thu,3
2026-05-28 03:00:00.000,South,1122,26409,23.5,0,0,-3892,135.5025,0.135525,Thu,3
2026-05-28 03:00:00.000,West,1198,28155,23.5,0,0,-4219,135.5025,0.135525,Thu,3
2026-05-28 04:00:00.000,East,808,19267,23.8,0,0,-2805,148.4525,0.14845,Thu,4
2026-05-28 04:00:00.000,North,914,21307,23.3,0,0,-3211,148.4525,0.14845,Thu,4
2026-05-28 04:00:00.000,South,1122,26346,23.5,0,0,-3980,148.4525,0.14845,Thu,4
2026-05-28 04:00:00.000,West,1198,28159,23.5,0,0,-4224,148.4525,0.14845,Thu,4
2026-05-28 05:00:00.000,East,808,18749,23.2,0,0,-2804,138.155,0.13815,Thu,5
2026-05-28 05:00:00.000,North,914,21544,23.6,0,0,-3198,138.155,0.13815,Thu,5
2026-05-28 05:00:00.000,South,1122,26562,23.7,0,0,-3923,138.155,0.13815,Thu,5
2026-05-28 05:00:00.000,West,1198,28029,23.4,0,0,-4178,138.155,0.13815,Thu,5
2026-05-28 06:00:00.000,East,808,44515,55.1,1514.44,1.87,184.4,123.4025,0.1234,Thu,6
2026-05-28 06:00:00.000,North,914,50519,55.3,1680.01,1.84,228.5,123.4025,0.1234,Thu,6
2026-05-28 06:00:00.000,South,1122,61664,55,2110.34,1.88,269.8,123.4025,0.1234,Thu,6
2026-05-28 06:00:00.000,West,1198,65983,55.1,2238.62,1.87,310,123.4025,0.1234,Thu,6
2026-05-28 07:00:00.000,East,808,44677,55.3,1761.92,2.18,190.8,87.5425,0.087575,Thu,7
2026-05-28 07:00:00.000,North,914,50434,55.2,2030.16,2.22,213.2,87.5425,0.087575,Thu,7
2026-05-28 07:00:00.000,South,1122,61728,55,2491.84,2.22,257.9,87.5425,0.087575,Thu,7
2026-05-28 07:00:00.000,West,1198,65591,54.8,2576.91,2.15,340.4,87.5425,0.087575,Thu,7
2026-05-28 08:00:00.000,East,808,65379,80.9,2087.22,2.58,2638.9,19.3075,0.0193,Thu,8
2026-05-28 08:00:00.000,North,914,73842,80.8,2278.92,2.49,2982.3,19.3075,0.0193,Thu,8
2026-05-28 08:00:00.000,South,1122,91080,81.2,2879.4,2.57,3675.2,19.3075,0.0193,Thu,8
2026-05-28 08:00:00.000,West,1198,96620,80.7,3117.42,2.6,3883.1,19.3075,0.0193,Thu,8
2026-05-28 09:00:00.000,East,808,65608,81.2,2276.64,2.82,2615.5,0.5675,0.000575,Thu,9
2026-05-28 09:00:00.000,North,914,74116,81.1,2661.87,2.91,2958.8,0.5675,0.000575,Thu,9
2026-05-28 09:00:00.000,South,1122,90936,81,3277.97,2.92,3646.5,0.5675,0.000575,Thu,9
2026-05-28 09:00:00.000,West,1198,96644,80.7,3423.79,2.86,3913.1,0.5675,0.000575,Thu,9
2026-05-28 10:00:00.000,East,808,65423,81,2518.1,3.12,2627.1,0.0025,0,Thu,10
2026-05-28 10:00:00.000,North,914,73873,80.8,2936.45,3.21,2986.7,0.0025,0,Thu,10
2026-05-28 10:00:00.000,South,1122,90914,81,3495.2,3.12,3622.1,0.0025,0,Thu,10
2026-05-28 10:00:00.000,West,1198,96806,80.8,3897.7,3.25,3875.6,0.0025,0,Thu,10
2026-05-28 11:00:00.000,East,808,72561,89.8,2893.84,3.58,3442.2,-0.0125,0,Thu,11
2026-05-28 11:00:00.000,North,914,82316,90.1,3277.15,3.59,3887.5,-0.0125,0,Thu,11
2026-05-28 11:00:00.000,South,1122,101009,90,4031.67,3.59,4785.1,-0.0125,0,Thu,11
2026-05-28 11:00:00.000,West,1198,107719,89.9,4263.45,3.56,5095.5,-0.0125,0,Thu,11
2026-05-28 12:00:00.000,East,808,65877,81.5,3116.46,3.86,2616.9,0,0,Thu,12
2026-05-28 12:00:00.000,North,914,73675,80.6,3694.4,4.04,3015.2,0,0,Thu,12
2026-05-28 12:00:00.000,South,1122,90704,80.8,4439.58,3.96,3658.8,0,0,Thu,12
2026-05-28 12:00:00.000,West,1198,96487,80.5,4704.08,3.93,3905,0,0,Thu,12
2026-05-28 13:00:00.000,East,808,65381,80.9,3492.6,4.32,2599.1,1.2975,0.001275,Thu,13
2026-05-28 13:00:00.000,North,914,74079,81,3890.6,4.26,2920.1,1.2975,0.001275,Thu,13
2026-05-28 13:00:00.000,South,1122,90701,80.8,4840.4,4.31,3668.2,1.2975,0.001275,Thu,13
2026-05-28 13:00:00.000,West,1198,96994,81,5218.6,4.36,3878,1.2975,0.001275,Thu,13
2026-05-28 14:00:00.000,East,808,65095,80.6,3191.96,3.95,2629.2,39.645,0.039625,Thu,14
2026-05-28 14:00:00.000,North,914,74113,81.1,3500.9,3.83,2969.7,39.645,0.039625,Thu,14
2026-05-28 14:00:00.000,South,1122,90528,80.7,4341.63,3.87,3614.8,39.645,0.039625,Thu,14
2026-05-28 14:00:00.000,West,1198,97206,81.1,4633.11,3.87,3883,39.645,0.039625,Thu,14
2026-05-28 15:00:00.000,East,808,44577,55.2,2931.54,3.63,182.8,101.2575,0.10125,Thu,15
2026-05-28 15:00:00.000,North,914,50127,54.8,3203.12,3.5,203.9,101.2575,0.10125,Thu,15
2026-05-28 15:00:00.000,South,1122,61947,55.2,4062.28,3.62,267.9,101.2575,0.10125,Thu,15
2026-05-28 15:00:00.000,West,1198,65682,54.8,4304.34,3.59,374.3,101.2575,0.10125,Thu,15
2026-05-28 16:00:00.000,East,808,19235,23.8,2666.03,3.3,-2840,138.25,0.13825,Thu,16
2026-05-28 16:00:00.000,North,914,21301,23.3,2963.55,3.24,-3186,138.25,0.13825,Thu,16
2026-05-28 16:00:00.000,South,1122,26333,23.5,3594.55,3.2,-3955,138.25,0.13825,Thu,16
2026-05-28 16:00:00.000,West,1198,28092,23.4,3813.37,3.18,-4139,138.25,0.13825,Thu,16
2026-05-28 17:00:00.000,East,808,18941,23.4,2397.53,2.97,-2852,217.6025,0.217625,Thu,17
2026-05-28 17:00:00.000,North,914,21650,23.7,2730.01,2.99,-3236,217.6025,0.217625,Thu,17
2026-05-28 17:00:00.000,South,1122,26790,23.9,3338.3,2.98,-3912,217.6025,0.217625,Thu,17
2026-05-28 17:00:00.000,West,1198,28402,23.7,3522.31,2.94,-4217,217.6025,0.217625,Thu,17
2026-05-28 18:00:00.000,East,808,18688,23.1,2028.24,2.51,-2835,393.935,0.393925,Thu,18
2026-05-28 18:00:00.000,North,914,22062,24.1,2313.36,2.53,-3246,393.935,0.393925,Thu,18
2026-05-28 18:00:00.000,South,1122,26597,23.7,2896.86,2.58,-3917,393.935,0.393925,Thu,18
2026-05-28 18:00:00.000,West,1198,27742,23.2,3131.52,2.61,-4174,393.935,0.393925,Thu,18
2026-05-28 19:00:00.000,East,808,19373,24,1751.18,2.17,-2877,368.0175,0.368025,Thu,19
2026-05-28 19:00:00.000,North,914,21322,23.3,2041.43,2.23,-3166,368.0175,0.368025,Thu,19
2026-05-28 19:00:00.000,South,1122,26265,23.4,2479.27,2.21,-3926,368.0175,0.368025,Thu,19
2026-05-28 19:00:00.000,West,1198,28038,23.4,2606.06,2.18,-4179,368.0175,0.368025,Thu,19
2026-05-28 20:00:00.000,East,808,19116,23.7,1496.34,1.85,-2789,215.75,0.21575,Thu,20
2026-05-28 20:00:00.000,North,914,21077,23.1,1725.4,1.89,-3194,215.75,0.21575,Thu,20
2026-05-28 20:00:00.000,South,1122,26313,23.5,2092.82,1.87,-3972,215.75,0.21575,Thu,20
2026-05-28 20:00:00.000,West,1198,28162,23.5,2248.54,1.88,-4164,215.75,0.21575,Thu,20
2026-05-28 21:00:00.000,East,808,19091,23.6,0,0,-2882,159.7975,0.1598,Thu,21
2026-05-28 21:00:00.000,North,914,21695,23.7,0,0,-3186,159.7975,0.1598,Thu,21
2026-05-28 21:00:00.000,South,1122,26245,23.4,0,0,-3955,159.7975,0.1598,Thu,21
2026-05-28 21:00:00.000,West,1198,28352,23.7,0,0,-4257,159.7975,0.1598,Thu,21
2026-05-28 22:00:00.000,East,808,19309,23.9,0,0,-2817,144.4425,0.144425,Thu,22
2026-05-28 22:00:00.000,North,914,21566,23.6,0,0,-3180,144.4425,0.144425,Thu,22
2026-05-28 22:00:00.000,South,1122,26614,23.7,0,0,-3927,144.4425,0.144425,Thu,22
2026-05-28 22:00:00.000,West,1198,28175,23.5,0,0,-4194,144.4425,0.144425,Thu,22
2026-05-28 23:00:00.000,East,808,18877,23.4,0,0,-2796,133.9275,0.13395,Thu,23
2026-05-28 23:00:00.000,North,914,21488,23.5,0,0,-3225,133.9275,0.13395,Thu,23
2026-05-28 23:00:00.000,South,1122,26587,23.7,0,0,-3888,133.9275,0.13395,Thu,23
2026-05-28 23:00:00.000,West,1198,28534,23.8,0,0,-4231,133.9275,0.13395,Thu,23
2026-05-29 00:00:00.000,East,808,44323,54.9,0,0,176.7,127.975,0.127975,Fri,0
2026-05-29 00:00:00.000,North,914,50389,55.1,0,0,222.6,127.975,0.127975,Fri,0
2026-05-29 00:00:00.000,South,1122,61505,54.8,0,0,330.8,127.975,0.127975,Fri,0
2026-05-29 00:00:00.000,West,1198,65871,55,0,0,345.6,127.975,0.127975,Fri,0
2026-05-29 01:00:00.000,East,808,44103,54.6,0,0,193.3,126.1925,0.1262,Fri,1
2026-05-29 01:00:00.000,North,914,50299,55,0,0,205.9,126.1925,0.1262,Fri,1
2026-05-29 01:00:00.000,South,1122,61811,55.1,0,0,308.8,126.1925,0.1262,Fri,1
2026-05-29 01:00:00.000,West,1198,66022,55.1,0,0,296.4,126.1925,0.1262,Fri,1
2026-05-29 02:00:00.000,East,808,44098,54.6,0,0,108.3,125.2775,0.125275,Fri,2
2026-05-29 02:00:00.000,North,914,50041,54.7,0,0,214.9,125.2775,0.125275,Fri,2
2026-05-29 02:00:00.000,South,1122,62036,55.3,0,0,250.5,125.2775,0.125275,Fri,2
2026-05-29 02:00:00.000,West,1198,66080,55.2,0,0,302.6,125.2775,0.125275,Fri,2
2026-05-29 03:00:00.000,East,808,43709,54.1,0,0,226.1,125.495,0.1255,Fri,3
2026-05-29 03:00:00.000,North,914,50229,55,0,0,215.8,125.495,0.1255,Fri,3
2026-05-29 03:00:00.000,South,1122,62162,55.4,0,0,287.4,125.495,0.1255,Fri,3
2026-05-29 03:00:00.000,West,1198,66272,55.3,0,0,284.7,125.495,0.1255,Fri,3
2026-05-29 04:00:00.000,East,808,19229,23.8,0,0,-2861,131.885,0.1319,Fri,4
2026-05-29 04:00:00.000,North,914,21679,23.7,0,0,-3156,131.885,0.1319,Fri,4
2026-05-29 04:00:00.000,South,1122,26312,23.5,0,0,-3874,131.885,0.1319,Fri,4
2026-05-29 04:00:00.000,West,1198,28188,23.5,0,0,-4123,131.885,0.1319,Fri,4
2026-05-29 05:00:00.000,East,808,44773,55.4,0,0,140.6,125.995,0.126025,Fri,5
2026-05-29 05:00:00.000,North,914,50553,55.3,0,0,295,125.995,0.126025,Fri,5
2026-05-29 05:00:00.000,South,1122,61091,54.4,0,0,332.3,125.995,0.126025,Fri,5
2026-05-29 05:00:00.000,West,1198,65785,54.9,0,0,284.6,125.995,0.126025,Fri,5
2026-05-29 06:00:00.000,East,808,44589,55.2,1525.89,1.89,211.2,113.565,0.11355,Fri,6
2026-05-29 06:00:00.000,North,914,50440,55.2,1654.3,1.81,248.5,113.565,0.11355,Fri,6
2026-05-29 06:00:00.000,South,1122,61078,54.4,2075.41,1.85,275.4,113.565,0.11355,Fri,6
2026-05-29 06:00:00.000,West,1198,65882,55,2269.81,1.89,294,113.565,0.11355,Fri,6
2026-05-29 07:00:00.000,East,808,44513,55.1,1752.54,2.17,250.6,71.9075,0.071875,Fri,7
2026-05-29 07:00:00.000,North,914,50093,54.8,2048.09,2.24,181.8,71.9075,0.071875,Fri,7
2026-05-29 07:00:00.000,South,1122,61244,54.6,2469.8,2.2,291.6,71.9075,0.071875,Fri,7
2026-05-29 07:00:00.000,West,1198,65599,54.8,2631.36,2.2,341.6,71.9075,0.071875,Fri,7
2026-05-29 08:00:00.000,East,808,65687,81.3,2061.48,2.55,2580.2,17.0275,0.017025,Fri,8
2026-05-29 08:00:00.000,North,914,74136,81.1,2295,2.51,2956.1,17.0275,0.017025,Fri,8
2026-05-29 08:00:00.000,South,1122,90994,81.1,2841.78,2.53,3652.8,17.0275,0.017025,Fri,8
2026-05-29 08:00:00.000,West,1198,96818,80.8,3144.36,2.62,3924.8,17.0275,0.017025,Fri,8
2026-05-29 09:00:00.000,East,808,65155,80.6,2332.75,2.89,2631.1,0.29,0.0003,Fri,9
2026-05-29 09:00:00.000,North,914,74227,81.2,2594.24,2.84,3026.2,0.29,0.0003,Fri,9
2026-05-29 09:00:00.000,South,1122,90875,81,3232.62,2.88,3657.4,0.29,0.0003,Fri,9
2026-05-29 09:00:00.000,West,1198,97069,81,3431.16,2.86,3893.6,0.29,0.0003,Fri,9
2026-05-29 10:00:00.000,East,808,72674,89.9,2625.94,3.25,3427.7,-0.055,-5e-05,Fri,10
2026-05-29 10:00:00.000,North,914,82493,90.3,3006.58,3.29,3851.7,-0.055,-5e-05,Fri,10
2026-05-29 10:00:00.000,South,1122,101017,90,3571.14,3.18,4777.3,-0.055,-5e-05,Fri,10
2026-05-29 10:00:00.000,West,1198,107932,90.1,3866.74,3.23,5106.3,-0.055,-5e-05,Fri,10
2026-05-29 11:00:00.000,East,808,72592,89.8,2856.94,3.54,3424,-0.035,-2.5e-05,Fri,11
2026-05-29 11:00:00.000,North,914,82254,90,3197.96,3.5,3906.8,-0.035,-2.5e-05,Fri,11
2026-05-29 11:00:00.000,South,1122,101030,90,3975.91,3.54,4796.4,-0.035,-2.5e-05,Fri,11
2026-05-29 11:00:00.000,West,1198,107959,90.1,4214.27,3.52,5073.9,-0.035,-2.5e-05,Fri,11
2026-05-29 12:00:00.000,East,808,65347,80.9,3079.98,3.81,2637.6,0,-1.355252716e-20,Fri,12
2026-05-29 12:00:00.000,North,914,73895,80.8,3501.77,3.83,2989.9,0,-1.355252716e-20,Fri,12
2026-05-29 12:00:00.000,South,1122,90851,81,4441.46,3.96,3675.4,0,-1.355252716e-20,Fri,12
2026-05-29 12:00:00.000,West,1198,96901,80.9,4623.75,3.86,3900.4,0,-1.355252716e-20,Fri,12
2026-05-29 13:00:00.000,East,808,65689,81.3,3433.8,4.25,2608.1,9.41,0.0094,Fri,13
2026-05-29 13:00:00.000,North,914,74214,81.2,3938.3,4.31,3016.1,9.41,0.0094,Fri,13
2026-05-29 13:00:00.000,South,1122,90863,81,4818.4,4.29,3653.1,9.41,0.0094,Fri,13
2026-05-29 13:00:00.000,West,1198,97062,81,5058.9,4.22,3857.5,9.41,0.0094,Fri,13
2026-05-29 14:00:00.000,East,808,64990,80.4,3156.3,3.91,2604,51.61,0.051625,Fri,14
2026-05-29 14:00:00.000,North,914,74044,81,3503.87,3.83,2953.4,51.61,0.051625,Fri,14
2026-05-29 14:00:00.000,South,1122,90601,80.7,4472.47,3.99,3627.9,51.61,0.051625,Fri,14
2026-05-29 14:00:00.000,West,1198,97469,81.4,4585.84,3.83,3865,51.61,0.051625,Fri,14
2026-05-29 15:00:00.000,East,808,44314,54.8,2913.56,3.61,190.7,103.4075,0.1034,Fri,15
2026-05-29 15:00:00.000,North,914,50708,55.5,3274.8,3.58,244,103.4075,0.1034,Fri,15
2026-05-29 15:00:00.000,South,1122,61842,55.1,3967.32,3.54,289.5,103.4075,0.1034,Fri,15
2026-05-29 15:00:00.000,West,1198,66561,55.6,4263.86,3.56,237.9,103.4075,0.1034,Fri,15
2026-05-29 16:00:00.000,East,808,18806,23.3,2590.36,3.21,-2801,136.985,0.137,Fri,16
2026-05-29 16:00:00.000,North,914,21762,23.8,2944.47,3.22,-3174,136.985,0.137,Fri,16
2026-05-29 16:00:00.000,South,1122,26297,23.4,3667.03,3.27,-3918,136.985,0.137,Fri,16
2026-05-29 16:00:00.000,West,1198,28440,23.7,3870.34,3.23,-4177,136.985,0.137,Fri,16
2026-05-29 17:00:00.000,East,808,19085,23.6,2346.1,2.9,-2849,174.9475,0.17495,Fri,17
2026-05-29 17:00:00.000,North,914,21575,23.6,2688.25,2.94,-3202,174.9475,0.17495,Fri,17
2026-05-29 17:00:00.000,South,1122,26255,23.4,3225.58,2.87,-3866,174.9475,0.17495,Fri,17
2026-05-29 17:00:00.000,West,1198,28166,23.5,3493.87,2.92,-4212,174.9475,0.17495,Fri,17
2026-05-29 18:00:00.000,East,808,18912,23.4,2018.7,2.5,-2817,240.61,0.240625,Fri,18
2026-05-29 18:00:00.000,North,914,21655,23.7,2363.7,2.59,-3237,240.61,0.240625,Fri,18
2026-05-29 18:00:00.000,South,1122,26730,23.8,2875.44,2.56,-3928,240.61,0.240625,Fri,18
2026-05-29 18:00:00.000,West,1198,28002,23.4,3021.12,2.52,-4211,240.61,0.240625,Fri,18
2026-05-29 19:00:00.000,East,808,19263,23.8,1852.15,2.29,-2790,201.405,0.201425,Fri,19
2026-05-29 19:00:00.000,North,914,21879,23.9,2002.63,2.19,-3201,201.405,0.201425,Fri,19
2026-05-29 19:00:00.000,South,1122,25988,23.2,2454.11,2.19,-3888,201.405,0.201425,Fri,19
2026-05-29 19:00:00.000,West,1198,28071,23.4,2620.66,2.19,-4125,201.405,0.201425,Fri,19
2026-05-29 20:00:00.000,East,808,19117,23.7,1527.54,1.89,-2851,161.7,0.1617,Fri,20
2026-05-29 20:00:00.000,North,914,21311,23.3,1736.72,1.9,-3179,161.7,0.1617,Fri,20
2026-05-29 20:00:00.000,South,1122,26429,23.6,2113.71,1.88,-3898,161.7,0.1617,Fri,20
2026-05-29 20:00:00.000,West,1198,28356,23.7,2235.7,1.87,-4198,161.7,0.1617,Fri,20
2026-05-29 21:00:00.000,East,808,18809,23.3,0,0,-2761,145.1925,0.1452,Fri,21
2026-05-29 21:00:00.000,North,914,21462,23.5,0,0,-3226,145.1925,0.1452,Fri,21
2026-05-29 21:00:00.000,South,1122,26393,23.5,0,0,-3906,145.1925,0.1452,Fri,21
2026-05-29 21:00:00.000,West,1198,27637,23.1,0,0,-4212,145.1925,0.1452,Fri,21
2026-05-29 22:00:00.000,East,808,18879,23.4,0,0,-2871,135.515,0.135525,Fri,22
2026-05-29 22:00:00.000,North,914,21367,23.4,0,0,-3270,135.515,0.135525,Fri,22
2026-05-29 22:00:00.000,South,1122,26237,23.4,0,0,-3903,135.515,0.135525,Fri,22
2026-05-29 22:00:00.000,West,1198,28388,23.7,0,0,-4272,135.515,0.135525,Fri,22
2026-05-29 23:00:00.000,East,808,44411,55,0,0,189.3,128.45,0.12845,Fri,23
2026-05-29 23:00:00.000,North,914,50289,55,0,0,238,128.45,0.12845,Fri,23
2026-05-29 23:00:00.000,South,1122,61500,54.8,0,0,275.2,128.45,0.12845,Fri,23
2026-05-29 23:00:00.000,West,1198,65527,54.7,0,0,306.9,128.45,0.12845,Fri,23
2026-05-30 00:00:00.000,East,808,44449,55,0,0,170.1,123.7725,0.123775,Sat,0
2026-05-30 00:00:00.000,North,914,50214,54.9,0,0,263.3,123.7725,0.123775,Sat,0
2026-05-30 00:00:00.000,South,1122,61712,55,0,0,262.5,123.7725,0.123775,Sat,0
2026-05-30 00:00:00.000,West,1198,65986,55.1,0,0,296.9,123.7725,0.123775,Sat,0
2026-05-30 01:00:00.000,East,808,44538,55.1,0,0,211.5,121.085,0.1211,Sat,1
2026-05-30 01:00:00.000,North,914,50401,55.1,0,0,208.9,121.085,0.1211,Sat,1
2026-05-30 01:00:00.000,South,1122,61427,54.7,0,0,249.8,121.085,0.1211,Sat,1
2026-05-30 01:00:00.000,West,1198,65945,55,0,0,355.8,121.085,0.1211,Sat,1
2026-05-30 02:00:00.000,East,808,44255,54.8,0,0,232.9,125.3575,0.125375,Sat,2
2026-05-30 02:00:00.000,North,914,50239,55,0,0,203.9,125.3575,0.125375,Sat,2
2026-05-30 02:00:00.000,South,1122,61482,54.8,0,0,240.3,125.3575,0.125375,Sat,2
2026-05-30 02:00:00.000,West,1198,65297,54.5,0,0,281.1,125.3575,0.125375,Sat,2
2026-05-30 03:00:00.000,East,808,44105,54.6,0,0,135.1,125.045,0.12505,Sat,3
2026-05-30 03:00:00.000,North,914,50514,55.3,0,0,230.5,125.045,0.12505,Sat,3
2026-05-30 03:00:00.000,South,1122,61793,55.1,0,0,249.7,125.045,0.12505,Sat,3
2026-05-30 03:00:00.000,West,1198,65784,54.9,0,0,298.6,125.045,0.12505,Sat,3
2026-05-30 04:00:00.000,East,808,44395,54.9,0,0,180.2,118.9925,0.119,Sat,4
2026-05-30 04:00:00.000,North,914,49845,54.5,0,0,205.7,118.9925,0.119,Sat,4
2026-05-30 04:00:00.000,South,1122,61692,55,0,0,277.7,118.9925,0.119,Sat,4
2026-05-30 04:00:00.000,West,1198,65665,54.8,0,0,235.9,118.9925,0.119,Sat,4
2026-05-30 05:00:00.000,East,808,44721,55.3,0,0,180.3,109.095,0.109075,Sat,5
2026-05-30 05:00:00.000,North,914,49844,54.5,0,0,252,109.095,0.109075,Sat,5
2026-05-30 05:00:00.000,South,1122,60969,54.3,0,0,255.2,109.095,0.109075,Sat,5
2026-05-30 05:00:00.000,West,1198,66053,55.1,0,0,333.1,109.095,0.109075,Sat,5
2026-05-30 06:00:00.000,East,808,44727,55.4,1504.95,1.86,188.2,88.8675,0.08885,Sat,6
2026-05-30 06:00:00.000,North,914,50302,55,1655.59,1.81,200.3,88.8675,0.08885,Sat,6
2026-05-30 06:00:00.000,South,1122,61770,55.1,2127.9,1.9,236.3,88.8675,0.08885,Sat,6
2026-05-30 06:00:00.000,West,1198,65332,54.5,2217.4,1.85,357.3,88.8675,0.08885,Sat,6
2026-05-30 07:00:00.000,East,808,65342,80.9,1754.87,2.17,2621.6,36.6825,0.0367,Sat,7
2026-05-30 07:00:00.000,North,914,73905,80.9,2036.73,2.23,2936.2,36.6825,0.0367,Sat,7
2026-05-30 07:00:00.000,South,1122,91025,81.1,2551.12,2.27,3655.4,36.6825,0.0367,Sat,7
2026-05-30 07:00:00.000,West,1198,97380,81.3,2646.63,2.21,3903.8,36.6825,0.0367,Sat,7
2026-05-30 08:00:00.000,East,808,65409,81,2085.24,2.58,2639.1,2.96,0.002975,Sat,8
2026-05-30 08:00:00.000,North,914,74142,81.1,2299.14,2.52,2958.7,2.96,0.002975,Sat,8
2026-05-30 08:00:00.000,South,1122,90594,80.7,2841.84,2.53,3631.7,2.96,0.002975,Sat,8
2026-05-30 08:00:00.000,West,1198,97356,81.3,3115.56,2.6,3907.2,2.96,0.002975,Sat,8
2026-05-30 09:00:00.000,East,808,72699,90,2340.18,2.9,3422.7,-0.005,0,Sat,9
2026-05-30 09:00:00.000,North,914,82333,90.1,2612.39,2.86,3870.9,-0.005,0,Sat,9
2026-05-30 09:00:00.000,South,1122,100965,90,3238.69,2.89,4748.7,-0.005,0,Sat,9
2026-05-30 09:00:00.000,West,1198,107843,90,3416.21,2.85,5070.8,-0.005,0,Sat,9
2026-05-30 10:00:00.000,East,808,72755,90,2660.03,3.29,3443.1,-0.0525,-7.5e-05,Sat,10
2026-05-30 10:00:00.000,North,914,82308,90.1,2888.06,3.16,3899.4,-0.0525,-7.5e-05,Sat,10
2026-05-30 10:00:00.000,South,1122,100871,89.9,3595.17,3.2,4761.9,-0.0525,-7.5e-05,Sat,10
2026-05-30 10:00:00.000,West,1198,107821,90,3898,3.25,5084.4,-0.0525,-7.5e-05,Sat,10
2026-05-30 11:00:00.000,East,808,72735,90,2936.72,3.63,3430.6,-1.4425,-0.001425,Sat,11
2026-05-30 11:00:00.000,North,914,82290,90,3285.74,3.59,3881,-1.4425,-0.001425,Sat,11
2026-05-30 11:00:00.000,South,1122,100860,89.9,4016.69,3.58,4738.9,-1.4425,-0.001425,Sat,11
2026-05-30 11:00:00.000,West,1198,107828,90,4222.44,3.52,5075.7,-1.4425,-0.001425,Sat,11
2026-05-30 12:00:00.000,East,808,72672,89.9,3241.61,4.01,3440.8,-0.7475,-0.00075,Sat,12
2026-05-30 12:00:00.000,North,914,82190,89.9,3526.69,3.86,3892.8,-0.7475,-0.00075,Sat,12
2026-05-30 12:00:00.000,South,1122,100981,90,4336.98,3.87,4777.4,-0.7475,-0.00075,Sat,12
2026-05-30 12:00:00.000,West,1198,107759,89.9,4672.49,3.9,5086.8,-0.7475,-0.00075,Sat,12
2026-05-30 13:00:00.000,East,808,72808,90.1,3425.2,4.24,3429.9,-0.01,0,Sat,13
2026-05-30 13:00:00.000,North,914,82123,89.9,3794,4.15,3890.8,-0.01,0,Sat,13
2026-05-30 13:00:00.000,South,1122,100911,89.9,4769.3,4.25,4780.9,-0.01,0,Sat,13
2026-05-30 13:00:00.000,West,1198,107832,90,5131.8,4.28,5106.7,-0.01,0,Sat,13
2026-05-30 14:00:00.000,East,808,65291,80.8,3058.08,3.78,2654,3.0075,0.003,Sat,14
2026-05-30 14:00:00.000,North,914,74265,81.3,3639.74,3.98,2929.2,3.0075,0.003,Sat,14
2026-05-30 14:00:00.000,South,1122,90710,80.8,4406.35,3.93,3664.2,3.0075,0.003,Sat,14
2026-05-30 14:00:00.000,West,1198,97402,81.3,4693.64,3.92,3942.1,3.0075,0.003,Sat,14
2026-05-30 15:00:00.000,East,808,65603,81.2,2894.98,3.58,2614.3,62.5,0.0625,Sat,15
2026-05-30 15:00:00.000,North,914,73727,80.7,3203.44,3.5,2985.8,62.5,0.0625,Sat,15
2026-05-30 15:00:00.000,South,1122,90714,80.9,3973.37,3.54,3623.1,62.5,0.0625,Sat,15
2026-05-30 15:00:00.000,West,1198,97361,81.3,4315.98,3.6,3906.4,62.5,0.0625,Sat,15
2026-05-30 16:00:00.000,East,808,44366,54.9,2576.51,3.19,154.3,107.0075,0.107025,Sat,16
2026-05-30 16:00:00.000,North,914,50289,55,2942.33,3.22,229.6,107.0075,0.107025,Sat,16
2026-05-30 16:00:00.000,South,1122,61574,54.9,3669.36,3.27,213.9,107.0075,0.107025,Sat,16
2026-05-30 16:00:00.000,West,1198,65799,54.9,3915.38,3.27,288.1,107.0075,0.107025,Sat,16
2026-05-30 17:00:00.000,East,808,18983,23.5,2325.25,2.88,-2818,139.8725,0.139875,Sat,17
2026-05-30 17:00:00.000,North,914,21849,23.9,2648.39,2.9,-3200,139.8725,0.139875,Sat,17
2026-05-30 17:00:00.000,South,1122,26341,23.5,3207.36,2.86,-3963,139.8725,0.139875,Sat,17
2026-05-30 17:00:00.000,West,1198,27962,23.3,3529.93,2.95,-4220,139.8725,0.139875,Sat,17
2026-05-30 18:00:00.000,East,808,18699,23.1,2062.02,2.55,-2851,160.525,0.160525,Sat,18
2026-05-30 18:00:00.000,North,914,21364,23.4,2352.84,2.57,-3225,160.525,0.160525,Sat,18
2026-05-30 18:00:00.000,South,1122,26485,23.6,2867.94,2.56,-3953,160.525,0.160525,Sat,18
2026-05-30 18:00:00.000,West,1198,28358,23.7,3034.8,2.53,-4208,160.525,0.160525,Sat,18
2026-05-30 19:00:00.000,East,808,18818,23.3,1762.93,2.18,-2796,171.845,0.17185,Sat,19
2026-05-30 19:00:00.000,North,914,21839,23.9,2007.55,2.2,-3203,171.845,0.17185,Sat,19
2026-05-30 19:00:00.000,South,1122,26526,23.6,2446.7,2.18,-3933,171.845,0.17185,Sat,19
2026-05-30 19:00:00.000,West,1198,28341,23.7,2633.45,2.2,-4215,171.845,0.17185,Sat,19
2026-05-30 20:00:00.000,East,808,18884,23.4,1477.31,1.83,-2829,159.4025,0.1594,Sat,20
2026-05-30 20:00:00.000,North,914,21543,23.6,1721.89,1.88,-3178,159.4025,0.1594,Sat,20
2026-05-30 20:00:00.000,South,1122,25900,23.1,2140.89,1.91,-3926,159.4025,0.1594,Sat,20
2026-05-30 20:00:00.000,West,1198,28149,23.5,2250.13,1.88,-4187,159.4025,0.1594,Sat,20
2026-05-30 21:00:00.000,East,808,19138,23.7,0,0,-2845,143.04,0.143025,Sat,21
2026-05-30 21:00:00.000,North,914,21639,23.7,0,0,-3225,143.04,0.143025,Sat,21
2026-05-30 21:00:00.000,South,1122,26408,23.5,0,0,-3955,143.04,0.143025,Sat,21
2026-05-30 21:00:00.000,West,1198,28206,23.5,0,0,-4196,143.04,0.143025,Sat,21
2026-05-30 22:00:00.000,East,808,18909,23.4,0,0,-2817,136.4125,0.136425,Sat,22
2026-05-30 22:00:00.000,North,914,21742,23.8,0,0,-3160,136.4125,0.136425,Sat,22
2026-05-30 22:00:00.000,South,1122,26598,23.7,0,0,-3970,136.4125,0.136425,Sat,22
2026-05-30 22:00:00.000,West,1198,28142,23.5,0,0,-4168,136.4125,0.136425,Sat,22
2026-05-30 23:00:00.000,East,808,44585,55.2,0,0,192.3,129.105,0.129125,Sat,23
2026-05-30 23:00:00.000,North,914,49713,54.4,0,0,249.5,129.105,0.129125,Sat,23
2026-05-30 23:00:00.000,South,1122,61455,54.8,0,0,261.8,129.105,0.129125,Sat,23
2026-05-30 23:00:00.000,West,1198,66026,55.1,0,0,315.8,129.105,0.129125,Sat,23
2026-05-31 00:00:00.000,East,808,44700,55.3,0,0,142.7,125.915,0.125925,Sun,0
2026-05-31 00:00:00.000,North,914,49922,54.6,0,0,204.9,125.915,0.125925,Sun,0
2026-05-31 00:00:00.000,South,1122,61868,55.1,0,0,256.5,125.915,0.125925,Sun,0
2026-05-31 00:00:00.000,West,1198,65663,54.8,0,0,333.1,125.915,0.125925,Sun,0
2026-05-31 01:00:00.000,East,808,44251,54.8,0,0,241.4,125.1975,0.125225,Sun,1
2026-05-31 01:00:00.000,North,914,50320,55.1,0,0,245,125.1975,0.125225,Sun,1
2026-05-31 01:00:00.000,South,1122,61569,54.9,0,0,290,125.1975,0.125225,Sun,1
2026-05-31 01:00:00.000,West,1198,66514,55.5,0,0,263.4,125.1975,0.125225,Sun,1
2026-05-31 02:00:00.000,East,808,44480,55,0,0,224.9,126.95,0.12695,Sun,2
2026-05-31 02:00:00.000,North,914,50118,54.8,0,0,227.9,126.95,0.12695,Sun,2
2026-05-31 02:00:00.000,South,1122,61870,55.1,0,0,280,126.95,0.12695,Sun,2
2026-05-31 02:00:00.000,West,1198,65595,54.8,0,0,271.8,126.95,0.12695,Sun,2
2026-05-31 03:00:00.000,East,808,44752,55.4,0,0,181.7,123.3575,0.123375,Sun,3
2026-05-31 03:00:00.000,North,914,49747,54.4,0,0,225.9,123.3575,0.123375,Sun,3
2026-05-31 03:00:00.000,South,1122,61495,54.8,0,0,217.5,123.3575,0.123375,Sun,3
2026-05-31 03:00:00.000,West,1198,65419,54.6,0,0,282,123.3575,0.123375,Sun,3
2026-05-31 04:00:00.000,East,808,44315,54.8,0,0,227.9,115.0025,0.115,Sun,4
2026-05-31 04:00:00.000,North,914,49922,54.6,0,0,169.7,115.0025,0.115,Sun,4
2026-05-31 04:00:00.000,South,1122,61458,54.8,0,0,308.2,115.0025,0.115,Sun,4
2026-05-31 04:00:00.000,West,1198,66210,55.3,0,0,329.4,115.0025,0.115,Sun,4
2026-05-31 05:00:00.000,East,808,44346,54.9,0,0,175.8,100.56,0.10055,Sun,5
2026-05-31 05:00:00.000,North,914,50402,55.1,0,0,279.1,100.56,0.10055,Sun,5
2026-05-31 05:00:00.000,South,1122,62374,55.6,0,0,309.3,100.56,0.10055,Sun,5
2026-05-31 05:00:00.000,West,1198,66066,55.1,0,0,243.2,100.56,0.10055,Sun,5
2026-05-31 06:00:00.000,East,808,44224,54.7,1512.91,1.87,226.9,90.4375,0.09045,Sun,6
2026-05-31 06:00:00.000,North,914,50229,55,1702.76,1.86,180,90.4375,0.09045,Sun,6
2026-05-31 06:00:00.000,South,1122,61338,54.7,2094.26,1.87,242.4,90.4375,0.09045,Sun,6
2026-05-31 06:00:00.000,West,1198,65880,55,2268.68,1.89,281,90.4375,0.09045,Sun,6
2026-05-31 07:00:00.000,East,808,65065,80.5,1771.7,2.19,2635,56.29,0.056275,Sun,7
2026-05-31 07:00:00.000,North,914,73885,80.8,2017.66,2.21,3012.8,56.29,0.056275,Sun,7
2026-05-31 07:00:00.000,South,1122,90829,81,2473.99,2.2,3659.6,56.29,0.056275,Sun,7
2026-05-31 07:00:00.000,West,1198,96985,81,2641.33,2.2,3900.3,56.29,0.056275,Sun,7
2026-05-31 08:00:00.000,East,808,65776,81.4,2106.6,2.61,2647.9,7.5675,0.007575,Sun,8
2026-05-31 08:00:00.000,North,914,74226,81.2,2397.96,2.62,2961.9,7.5675,0.007575,Sun,8
2026-05-31 08:00:00.000,South,1122,91145,81.2,2858.46,2.55,3644.3,7.5675,0.007575,Sun,8
2026-05-31 08:00:00.000,West,1198,97144,81.1,3015.3,2.52,3894.9,7.5675,0.007575,Sun,8
2026-05-31 09:00:00.000,East,808,65510,81.1,2331.57,2.89,2640.7,0,0,Sun,9
2026-05-31 09:00:00.000,North,914,73929,80.9,2702.62,2.96,2975.4,0,0,Sun,9
2026-05-31 09:00:00.000,South,1122,90309,80.5,3168.32,2.82,3653.3,0,0,Sun,9
2026-05-31 09:00:00.000,West,1198,97243,81.2,3414.91,2.85,3872,0,0,Sun,9
2026-05-31 10:00:00.000,East,808,72626,89.9,2628.46,3.25,3466,-0.005,0,Sun,10
2026-05-31 10:00:00.000,North,914,82345,90.1,2904.39,3.18,3905.1,-0.005,0,Sun,10
2026-05-31 10:00:00.000,South,1122,101038,90.1,3634.67,3.24,4768.6,-0.005,0,Sun,10
2026-05-31 10:00:00.000,West,1198,107698,89.9,3922.24,3.27,5084.9,-0.005,0,Sun,10
2026-05-31 11:00:00.000,East,808,72585,89.8,2833.06,3.51,3429.7,-0.01,0,Sun,11
2026-05-31 11:00:00.000,North,914,82198,89.9,3296.42,3.61,3880.4,-0.01,0,Sun,11
2026-05-31 11:00:00.000,South,1122,101076,90.1,4004.38,3.57,4772.4,-0.01,0,Sun,11
2026-05-31 11:00:00.000,West,1198,107844,90,4238.08,3.54,5065.3,-0.01,0,Sun,11
2026-05-31 12:00:00.000,East,808,72696,90,3257.25,4.03,3414.4,-0.01,0,Sun,12
2026-05-31 12:00:00.000,North,914,82160,89.9,3422.88,3.74,3876.7,-0.01,0,Sun,12
2026-05-31 12:00:00.000,South,1122,100795,89.8,4420.66,3.94,4781.2,-0.01,0,Sun,12
2026-05-31 12:00:00.000,West,1198,107888,90.1,4772.17,3.98,5076.5,-0.01,0,Sun,12
2026-05-31 13:00:00.000,East,808,65350,80.9,3520.5,4.36,2617.4,0,0,Sun,13
2026-05-31 13:00:00.000,North,914,74013,81,3776.9,4.13,2965.9,0,0,Sun,13
2026-05-31 13:00:00.000,South,1122,90752,80.9,4694.4,4.18,3640,0,0,Sun,13
2026-05-31 13:00:00.000,West,1198,97160,81.1,5140.3,4.29,3870.7,0,0,Sun,13
2026-05-31 14:00:00.000,East,808,65605,81.2,3128.43,3.87,2645.3,49.0025,0.049,Sun,14
2026-05-31 14:00:00.000,North,914,74060,81,3583.05,3.92,3010.2,49.0025,0.049,Sun,14
2026-05-31 14:00:00.000,South,1122,90716,80.9,4412.7,3.93,3653.6,49.0025,0.049,Sun,14
2026-05-31 14:00:00.000,West,1198,96828,80.8,4658.56,3.89,3912.6,49.0025,0.049,Sun,14
2026-05-31 15:00:00.000,East,808,44319,54.9,2952.55,3.65,183.7,95.925,0.0959,Sun,15
2026-05-31 15:00:00.000,North,914,50270,55,3223.34,3.53,249.7,95.925,0.0959,Sun,15
2026-05-31 15:00:00.000,South,1122,62377,55.6,4074.05,3.63,323.1,95.925,0.0959,Sun,15
2026-05-31 15:00:00.000,West,1198,65968,55.1,4281.02,3.57,303.8,95.925,0.0959,Sun,15
2026-05-31 16:00:00.000,East,808,44423,55,2639.54,3.27,213.2,127.265,0.127275,Sun,16
2026-05-31 16:00:00.000,North,914,50414,55.2,3020.74,3.3,284.1,127.265,0.127275,Sun,16
2026-05-31 16:00:00.000,South,1122,61472,54.8,3629.25,3.23,324.7,127.265,0.127275,Sun,16
2026-05-31 16:00:00.000,West,1198,65917,55,3810.87,3.18,312.3,127.265,0.127275,Sun,16
2026-05-31 17:00:00.000,East,808,19084,23.6,2331.71,2.89,-2791,141.37,0.141375,Sun,17
2026-05-31 17:00:00.000,North,914,21568,23.6,2629.66,2.88,-3170,141.37,0.141375,Sun,17
2026-05-31 17:00:00.000,South,1122,26374,23.5,3284.38,2.93,-3914,141.37,0.141375,Sun,17
2026-05-31 17:00:00.000,West,1198,28218,23.6,3393.89,2.83,-4245,141.37,0.141375,Sun,17
2026-05-31 18:00:00.000,East,808,18559,23,2021.16,2.5,-2899,152.7625,0.1528,Sun,18
2026-05-31 18:00:00.000,North,914,21381,23.4,2331.18,2.55,-3165,152.7625,0.1528,Sun,18
2026-05-31 18:00:00.000,South,1122,26020,23.2,2862.48,2.55,-3945,152.7625,0.1528,Sun,18
2026-05-31 18:00:00.000,West,1198,28363,23.7,3055.98,2.55,-4088,152.7625,0.1528,Sun,18
2026-05-31 19:00:00.000,East,808,18890,23.4,1819.33,2.25,-2900,156.035,0.15605,Sun,19
2026-05-31 19:00:00.000,North,914,21514,23.5,2035.55,2.23,-3218,156.035,0.15605,Sun,19
2026-05-31 19:00:00.000,South,1122,26744,23.8,2518.77,2.24,-3870,156.035,0.15605,Sun,19
2026-05-31 19:00:00.000,West,1198,28331,23.6,2686.29,2.24,-4092,156.035,0.15605,Sun,19
2026-05-31 20:00:00.000,East,808,19078,23.6,1449.79,1.79,-2827,153.1275,0.15315,Sun,20
2026-05-31 20:00:00.000,North,914,21107,23.1,1684.89,1.84,-3177,153.1275,0.15315,Sun,20
2026-05-31 20:00:00.000,South,1122,26614,23.7,2087.16,1.86,-3865,153.1275,0.15315,Sun,20
2026-05-31 20:00:00.000,West,1198,28130,23.5,2265.19,1.89,-4162,153.1275,0.15315,Sun,20
2026-05-31 21:00:00.000,East,808,18903,23.4,0,0,-2814,145.3475,0.14535,Sun,21
2026-05-31 21:00:00.000,North,914,21646,23.7,0,0,-3208,145.3475,0.14535,Sun,21
2026-05-31 21:00:00.000,South,1122,26538,23.7,0,0,-4030,145.3475,0.14535,Sun,21
2026-05-31 21:00:00.000,West,1198,27980,23.4,0,0,-4225,145.3475,0.14535,Sun,21
2026-05-31 22:00:00.000,East,808,18873,23.4,0,0,-2885,141.0075,0.141,Sun,22
2026-05-31 22:00:00.000,North,914,21657,23.7,0,0,-3234,141.0075,0.141,Sun,22
2026-05-31 22:00:00.000,South,1122,26210,23.4,0,0,-3939,141.0075,0.141,Sun,22
2026-05-31 22:00:00.000,West,1198,28282,23.6,0,0,-4153,141.0075,0.141,Sun,22
2026-05-31 23:00:00.000,East,808,44241,54.8,0,0,163.7,128.255,0.12825,Sun,23
2026-05-31 23:00:00.000,North,914,50606,55.4,0,0,184.6,128.255,0.12825,Sun,23
2026-05-31 23:00:00.000,South,1122,61258,54.6,0,0,299,128.255,0.12825,Sun,23
2026-05-31 23:00:00.000,West,1198,65335,54.5,0,0,250.4,128.255,0.12825,Sun,23
2026-06-01 00:00:00.000,East,808,44275,54.8,0,0,255.8,123.1375,0.123125,Mon,0
2026-06-01 00:00:00.000,North,914,50462,55.2,0,0,226.1,123.1375,0.123125,Mon,0
2026-06-01 00:00:00.000,South,1122,61596,54.9,0,0,318,123.1375,0.123125,Mon,0
2026-06-01 00:00:00.000,West,1198,66210,55.3,0,0,375.5,123.1375,0.123125,Mon,0
2026-06-01 01:00:00.000,East,808,44265,54.8,0,0,223.1,120.295,0.1203,Mon,1
2026-06-01 01:00:00.000,North,914,50045,54.8,0,0,237.3,120.295,0.1203,Mon,1
2026-06-01 01:00:00.000,South,1122,61863,55.1,0,0,306.2,120.295,0.1203,Mon,1
2026-06-01 01:00:00.000,West,1198,66214,55.3,0,0,352.3,120.295,0.1203,Mon,1
2026-06-01 02:00:00.000,East,808,44629,55.2,0,0,200.3,124.4875,0.1245,Mon,2
2026-06-01 02:00:00.000,North,914,50170,54.9,0,0,266.2,124.4875,0.1245,Mon,2
2026-06-01 02:00:00.000,South,1122,61528,54.8,0,0,330.5,124.4875,0.1245,Mon,2
2026-06-01 02:00:00.000,West,1198,65548,54.7,0,0,316.5,124.4875,0.1245,Mon,2
2026-06-01 03:00:00.000,East,808,18785,23.2,0,0,-2823,135.0925,0.1351,Mon,3
2026-06-01 03:00:00.000,North,914,21416,23.4,0,0,-3188,135.0925,0.1351,Mon,3
2026-06-01 03:00:00.000,South,1122,26316,23.5,0,0,-3890,135.0925,0.1351,Mon,3
2026-06-01 03:00:00.000,West,1198,28283,23.6,0,0,-4146,135.0925,0.1351,Mon,3
2026-06-01 04:00:00.000,East,808,19270,23.8,0,0,-2803,164.03,0.16405,Mon,4
2026-06-01 04:00:00.000,North,914,21974,24,0,0,-3245,164.03,0.16405,Mon,4
2026-06-01 04:00:00.000,South,1122,26434,23.6,0,0,-3851,164.03,0.16405,Mon,4
2026-06-01 04:00:00.000,West,1198,28257,23.6,0,0,-4142,164.03,0.16405,Mon,4
2026-06-01 05:00:00.000,East,808,19051,23.6,0,0,-2844,160,0.160025,Mon,5
2026-06-01 05:00:00.000,North,914,21349,23.4,0,0,-3193,160,0.160025,Mon,5
2026-06-01 05:00:00.000,South,1122,26515,23.6,0,0,-3929,160,0.160025,Mon,5
2026-06-01 05:00:00.000,West,1198,27616,23.1,0,0,-4188,160,0.160025,Mon,5
2026-06-01 06:00:00.000,East,808,18893,23.4,1503.46,1.86,-2874,151.715,0.1517,Mon,6
2026-06-01 06:00:00.000,North,914,21503,23.5,1725.14,1.89,-3201,151.715,0.1517,Mon,6
2026-06-01 06:00:00.000,South,1122,26267,23.4,2123.5,1.89,-3892,151.715,0.1517,Mon,6
2026-06-01 06:00:00.000,West,1198,28030,23.4,2308.57,1.93,-4186,151.715,0.1517,Mon,6
2026-06-01 07:00:00.000,East,808,19007,23.5,1779.14,2.2,-2847,133.2,0.133175,Mon,7
2026-06-01 07:00:00.000,North,914,21414,23.4,2059.25,2.25,-3157,133.2,0.133175,Mon,7
2026-06-01 07:00:00.000,South,1122,26381,23.5,2496.78,2.23,-3975,133.2,0.133175,Mon,7
2026-06-01 07:00:00.000,West,1198,28309,23.6,2615.62,2.18,-4187,133.2,0.133175,Mon,7
2026-06-01 08:00:00.000,East,808,44317,54.8,2131.68,2.64,159.8,117.66,0.11765,Mon,8
2026-06-01 08:00:00.000,North,914,50207,54.9,2311.26,2.53,219.8,117.66,0.11765,Mon,8
2026-06-01 08:00:00.000,South,1122,62282,55.5,2893.5,2.58,257.3,117.66,0.11765,Mon,8
2026-06-01 08:00:00.000,West,1198,65187,54.4,3038.52,2.54,324.7,117.66,0.11765,Mon,8
2026-06-01 09:00:00.000,East,808,44022,54.5,2313.13,2.86,201.6,108.1425,0.10815,Mon,9
2026-06-01 09:00:00.000,North,914,50099,54.8,2660.51,2.91,164.8,108.1425,0.10815,Mon,9
2026-06-01 09:00:00.000,South,1122,61240,54.6,3225.88,2.88,284.4,108.1425,0.10815,Mon,9
2026-06-01 09:00:00.000,West,1198,65549,54.7,3462.22,2.89,354.8,108.1425,0.10815,Mon,9
2026-06-01 10:00:00.000,East,808,43959,54.4,2596.36,3.21,226.2,93.0825,0.093075,Mon,10
2026-06-01 10:00:00.000,North,914,50318,55.1,2932.89,3.21,216.6,93.0825,0.093075,Mon,10
2026-06-01 10:00:00.000,South,1122,61870,55.1,3662.62,3.26,265.6,93.0825,0.093075,Mon,10
2026-06-01 10:00:00.000,West,1198,66082,55.2,3843.35,3.21,278.3,93.0825,0.093075,Mon,10
2026-06-01 11:00:00.000,East,808,44274,54.8,2855.76,3.53,255.2,89.9075,0.089925,Mon,11
2026-06-01 11:00:00.000,North,914,49545,54.2,3263.86,3.57,221.2,89.9075,0.089925,Mon,11
2026-06-01 11:00:00.000,South,1122,62106,55.4,3947.02,3.52,259.3,89.9075,0.089925,Mon,11
2026-06-01 11:00:00.000,West,1198,65759,54.9,4276.53,3.57,250.5,89.9075,0.089925,Mon,11
2026-06-01 12:00:00.000,East,808,44309,54.8,3116.41,3.86,222.1,87.4475,0.087475,Mon,12
2026-06-01 12:00:00.000,North,914,50322,55.1,3504.4,3.83,217.6,87.4475,0.087475,Mon,12
2026-06-01 12:00:00.000,South,1122,61882,55.2,4391.51,3.91,275.8,87.4475,0.087475,Mon,12
2026-06-01 12:00:00.000,West,1198,65810,54.9,4705.62,3.93,273.3,87.4475,0.087475,Mon,12
2026-06-01 13:00:00.000,East,808,44094,54.6,3422.7,4.24,234.4,95.0975,0.0951,Mon,13
2026-06-01 13:00:00.000,North,914,50136,54.9,3934.3,4.3,224,95.0975,0.0951,Mon,13
2026-06-01 13:00:00.000,South,1122,61851,55.1,4708.8,4.2,321.5,95.0975,0.0951,Mon,13
2026-06-01 13:00:00.000,West,1198,65814,54.9,5253.7,4.39,264.5,95.0975,0.0951,Mon,13
2026-06-01 14:00:00.000,East,808,44110,54.6,3097.38,3.83,169,106.735,0.106725,Mon,14
2026-06-01 14:00:00.000,North,914,50391,55.1,3545.32,3.88,288.3,106.735,0.106725,Mon,14
2026-06-01 14:00:00.000,South,1122,61700,55,4317.81,3.85,328.6,106.735,0.106725,Mon,14
2026-06-01 14:00:00.000,West,1198,66069,55.1,4653.64,3.88,325.9,106.735,0.106725,Mon,14
2026-06-01 15:00:00.000,East,808,44325,54.9,2872.85,3.56,163.6,125.2425,0.125225,Mon,15
2026-06-01 15:00:00.000,North,914,50696,55.5,3231.89,3.54,181.8,125.2425,0.125225,Mon,15
2026-06-01 15:00:00.000,South,1122,61687,55,4003.87,3.57,299.5,125.2425,0.125225,Mon,15
2026-06-01 15:00:00.000,West,1198,65794,54.9,4363.46,3.64,332.5,125.2425,0.125225,Mon,15
2026-06-01 16:00:00.000,East,808,18831,23.3,2559.5,3.17,-2824,141.4575,0.141475,Mon,16
2026-06-01 16:00:00.000,North,914,21786,23.8,2982.98,3.26,-3206,141.4575,0.141475,Mon,16
2026-06-01 16:00:00.000,South,1122,26484,23.6,3561.91,3.17,-3889,141.4575,0.141475,Mon,16
2026-06-01 16:00:00.000,West,1198,28377,23.7,3772.7,3.15,-4146,141.4575,0.141475,Mon,16
2026-06-01 17:00:00.000,East,808,18935,23.4,2420.09,3,-2838,226.6125,0.2266,Mon,17
2026-06-01 17:00:00.000,North,914,21885,23.9,2622.42,2.87,-3173,226.6125,0.2266,Mon,17
2026-06-01 17:00:00.000,South,1122,26332,23.5,3251.63,2.9,-3953,226.6125,0.2266,Mon,17
2026-06-01 17:00:00.000,West,1198,27757,23.2,3427.6,2.86,-4255,226.6125,0.2266,Mon,17
2026-06-01 18:00:00.000,East,808,19009,23.5,2113.56,2.62,-2874,355.2525,0.355275,Mon,18
2026-06-01 18:00:00.000,North,914,21706,23.7,2395.86,2.62,-3265,355.2525,0.355275,Mon,18
2026-06-01 18:00:00.000,South,1122,26084,23.2,2846.94,2.54,-3912,355.2525,0.355275,Mon,18
2026-06-01 18:00:00.000,West,1198,27843,23.2,3081.42,2.57,-4160,355.2525,0.355275,Mon,18
2026-06-01 19:00:00.000,East,808,18697,23.1,1819.68,2.25,-2867,333.3675,0.333375,Mon,19
2026-06-01 19:00:00.000,North,914,21432,23.4,1942.44,2.13,-3168,333.3675,0.333375,Mon,19
2026-06-01 19:00:00.000,South,1122,26538,23.7,2467.7,2.2,-3859,333.3675,0.333375,Mon,19
2026-06-01 19:00:00.000,West,1198,28085,23.4,2700.83,2.25,-4186,333.3675,0.333375,Mon,19
2026-06-01 20:00:00.000,East,808,19014,23.5,1504.19,1.86,-2835,222.5025,0.222525,Mon,20
2026-06-01 20:00:00.000,North,914,21733,23.8,1709.75,1.87,-3219,222.5025,0.222525,Mon,20
2026-06-01 20:00:00.000,South,1122,26396,23.5,2138.46,1.91,-3911,222.5025,0.222525,Mon,20
2026-06-01 20:00:00.000,West,1198,28505,23.8,2223.5,1.86,-4212,222.5025,0.222525,Mon,20
2026-06-01 21:00:00.000,East,808,19121,23.7,0,0,-2859,161.025,0.161025,Mon,21
2026-06-01 21:00:00.000,North,914,21439,23.5,0,0,-3186,161.025,0.161025,Mon,21
2026-06-01 21:00:00.000,South,1122,26617,23.7,0,0,-3931,161.025,0.161025,Mon,21
2026-06-01 21:00:00.000,West,1198,28301,23.6,0,0,-4224,161.025,0.161025,Mon,21
2026-06-01 22:00:00.000,East,808,19115,23.7,0,0,-2808,142.065,0.142075,Mon,22
2026-06-01 22:00:00.000,North,914,21379,23.4,0,0,-3152,142.065,0.142075,Mon,22
2026-06-01 22:00:00.000,South,1122,26453,23.6,0,0,-3922,142.065,0.142075,Mon,22
2026-06-01 22:00:00.000,West,1198,27824,23.2,0,0,-4202,142.065,0.142075,Mon,22
2026-06-01 23:00:00.000,East,808,18902,23.4,0,0,-2859,131.7225,0.131725,Mon,23
2026-06-01 23:00:00.000,North,914,21586,23.6,0,0,-3171,131.7225,0.131725,Mon,23
2026-06-01 23:00:00.000,South,1122,26248,23.4,0,0,-3895,131.7225,0.131725,Mon,23
2026-06-01 23:00:00.000,West,1198,27997,23.4,0,0,-4226,131.7225,0.131725,Mon,23
2026-06-02 00:00:00.000,East,808,44230,54.7,0,0,226,125.085,0.125075,Tue,0
2026-06-02 00:00:00.000,North,914,50109,54.8,0,0,256,125.085,0.125075,Tue,0
2026-06-02 00:00:00.000,South,1122,61966,55.2,0,0,257,125.085,0.125075,Tue,0
2026-06-02 00:00:00.000,West,1198,65556,54.7,0,0,258.6,125.085,0.125075,Tue,0
2026-06-02 01:00:00.000,East,808,44555,55.1,0,0,233.7,120.915,0.120925,Tue,1
2026-06-02 01:00:00.000,North,914,50456,55.2,0,0,215,120.915,0.120925,Tue,1
2026-06-02 01:00:00.000,South,1122,61787,55.1,0,0,242.9,120.915,0.120925,Tue,1
2026-06-02 01:00:00.000,West,1198,65946,55,0,0,225.4,120.915,0.120925,Tue,1
2026-06-02 02:00:00.000,East,808,44286,54.8,0,0,172.2,120.6275,0.120625,Tue,2
2026-06-02 02:00:00.000,North,914,50357,55.1,0,0,288.4,120.6275,0.120625,Tue,2
2026-06-02 02:00:00.000,South,1122,62111,55.4,0,0,318.2,120.6275,0.120625,Tue,2
2026-06-02 02:00:00.000,West,1198,65713,54.9,0,0,322,120.6275,0.120625,Tue,2
2026-06-02 03:00:00.000,East,808,44211,54.7,0,0,186.6,124.215,0.124225,Tue,3
2026-06-02 03:00:00.000,North,914,50309,55,0,0,160.1,124.215,0.124225,Tue,3
2026-06-02 03:00:00.000,South,1122,61385,54.7,0,0,298.3,124.215,0.124225,Tue,3
2026-06-02 03:00:00.000,West,1198,65665,54.8,0,0,258.3,124.215,0.124225,Tue,3
2026-06-02 04:00:00.000,East,808,18940,23.4,0,0,-2815,131.0275,0.13105,Tue,4
2026-06-02 04:00:00.000,North,914,21293,23.3,0,0,-3204,131.0275,0.13105,Tue,4
2026-06-02 04:00:00.000,South,1122,26479,23.6,0,0,-3962,131.0275,0.13105,Tue,4
2026-06-02 04:00:00.000,West,1198,28129,23.5,0,0,-4147,131.0275,0.13105,Tue,4
2026-06-02 05:00:00.000,East,808,19176,23.7,0,0,-2844,131.795,0.1318,Tue,5
2026-06-02 05:00:00.000,North,914,21517,23.5,0,0,-3224,131.795,0.1318,Tue,5
2026-06-02 05:00:00.000,South,1122,25872,23.1,0,0,-3921,131.795,0.1318,Tue,5
2026-06-02 05:00:00.000,West,1198,28459,23.8,0,0,-4208,131.795,0.1318,Tue,5
2026-06-02 06:00:00.000,East,808,44709,55.3,1482.35,1.83,190.1,121.0825,0.121075,Tue,6
2026-06-02 06:00:00.000,North,914,50358,55.1,1703.44,1.86,220.2,121.0825,0.121075,Tue,6
2026-06-02 06:00:00.000,South,1122,61599,54.9,2077.16,1.85,266.4,121.0825,0.121075,Tue,6
2026-06-02 06:00:00.000,West,1198,65713,54.9,2255.22,1.88,333.5,121.0825,0.121075,Tue,6
2026-06-02 07:00:00.000,East,808,44799,55.4,1781.28,2.2,159.4,105.41,0.1054,Tue,7
2026-06-02 07:00:00.000,North,914,50191,54.9,2003.89,2.19,240.3,105.41,0.1054,Tue,7
2026-06-02 07:00:00.000,South,1122,61528,54.8,2495.71,2.22,312.3,105.41,0.1054,Tue,7
2026-06-02 07:00:00.000,West,1198,65621,54.8,2671.96,2.23,326.2,105.41,0.1054,Tue,7
2026-06-02 08:00:00.000,East,808,44226,54.7,2042.22,2.53,221.6,90.515,0.0905,Tue,8
2026-06-02 08:00:00.000,North,914,50652,55.4,2376.6,2.6,273.4,90.515,0.0905,Tue,8
2026-06-02 08:00:00.000,South,1122,61411,54.7,2869.14,2.56,287,90.515,0.0905,Tue,8
2026-06-02 08:00:00.000,West,1198,66164,55.2,3156.18,2.63,250,90.515,0.0905,Tue,8
2026-06-02 09:00:00.000,East,808,44875,55.5,2419.07,2.99,205.3,84.7,0.084725,Tue,9
2026-06-02 09:00:00.000,North,914,50404,55.1,2632.42,2.88,219.3,84.7,0.084725,Tue,9
2026-06-02 09:00:00.000,South,1122,61423,54.7,3199.62,2.85,306.3,84.7,0.084725,Tue,9
2026-06-02 09:00:00.000,West,1198,65531,54.7,3489.02,2.91,331.2,84.7,0.084725,Tue,9
2026-06-02 10:00:00.000,East,808,44187,54.7,2555.45,3.16,184.2,80.2925,0.0803,Tue,10
2026-06-02 10:00:00.000,North,914,50539,55.3,2847.27,3.12,253.1,80.2925,0.0803,Tue,10
2026-06-02 10:00:00.000,South,1122,61206,54.6,3697.27,3.3,255.4,80.2925,0.0803,Tue,10
2026-06-02 10:00:00.000,West,1198,65963,55.1,3857.81,3.22,283,80.2925,0.0803,Tue,10
2026-06-02 11:00:00.000,East,808,44590,55.2,2904.49,3.59,274.2,84.9575,0.08495,Tue,11
2026-06-02 11:00:00.000,North,914,50114,54.8,3292.7,3.6,264.3,84.9575,0.08495,Tue,11
2026-06-02 11:00:00.000,South,1122,61928,55.2,3987.9,3.55,318.1,84.9575,0.08495,Tue,11
2026-06-02 11:00:00.000,West,1198,65780,54.9,4216.14,3.52,333.2,84.9575,0.08495,Tue,11
2026-06-02 12:00:00.000,East,808,44160,54.7,3145.56,3.89,215,90.7825,0.090775,Tue,12
2026-06-02 12:00:00.000,North,914,50091,54.8,3615.1,3.96,198.7,90.7825,0.090775,Tue,12
2026-06-02 12:00:00.000,South,1122,61763,55,4411.85,3.93,237.6,90.7825,0.090775,Tue,12
2026-06-02 12:00:00.000,West,1198,65498,54.7,4628.47,3.86,284.2,90.7825,0.090775,Tue,12
2026-06-02 13:00:00.000,East,808,44772,55.4,3521.1,4.36,249,99.7375,0.099725,Tue,13
2026-06-02 13:00:00.000,North,914,50308,55,3807.5,4.17,280.7,99.7375,0.099725,Tue,13
2026-06-02 13:00:00.000,South,1122,61836,55.1,4824.8,4.3,211.9,99.7375,0.099725,Tue,13
2026-06-02 13:00:00.000,West,1198,66258,55.3,5160.5,4.31,307.1,99.7375,0.099725,Tue,13
2026-06-02 14:00:00.000,East,808,44245,54.8,3127.14,3.87,239.8,112.2475,0.11225,Tue,14
2026-06-02 14:00:00.000,North,914,50160,54.9,3487.8,3.82,241.7,112.2475,0.11225,Tue,14
2026-06-02 14:00:00.000,South,1122,61853,55.1,4306.96,3.84,262.3,112.2475,0.11225,Tue,14
2026-06-02 14:00:00.000,West,1198,66440,55.5,4847.73,4.05,318.3,112.2475,0.11225,Tue,14
2026-06-02 15:00:00.000,East,808,19067,23.6,2871.84,3.55,-2835,131.1375,0.13115,Tue,15
2026-06-02 15:00:00.000,North,914,21340,23.3,3226.13,3.53,-3254,131.1375,0.13115,Tue,15
2026-06-02 15:00:00.000,South,1122,26422,23.5,3995.89,3.56,-3905,131.1375,0.13115,Tue,15
2026-06-02 15:00:00.000,West,1198,28485,23.8,4292.35,3.58,-4226,131.1375,0.13115,Tue,15
2026-06-02 16:00:00.000,East,808,18907,23.4,2662.08,3.29,-2799,146.9775,0.147,Tue,16
2026-06-02 16:00:00.000,North,914,21199,23.2,2966.91,3.25,-3233,146.9775,0.147,Tue,16
2026-06-02 16:00:00.000,South,1122,26600,23.7,3558.07,3.17,-3992,146.9775,0.147,Tue,16
2026-06-02 16:00:00.000,West,1198,28078,23.4,3936.67,3.29,-4167,146.9775,0.147,Tue,16
2026-06-02 17:00:00.000,East,808,19049,23.6,2289.98,2.83,-2816,167.9375,0.167925,Tue,17
2026-06-02 17:00:00.000,North,914,21247,23.2,2702.06,2.96,-3195,167.9375,0.167925,Tue,17
2026-06-02 17:00:00.000,South,1122,26440,23.6,3252.41,2.9,-3966,167.9375,0.167925,Tue,17
2026-06-02 17:00:00.000,West,1198,27967,23.3,3535.87,2.95,-4305,167.9375,0.167925,Tue,17
2026-06-02 18:00:00.000,East,808,19148,23.7,2053.32,2.54,-2831,167.2725,0.16725,Tue,18
2026-06-02 18:00:00.000,North,914,21729,23.8,2328.48,2.55,-3220,167.2725,0.16725,Tue,18
2026-06-02 18:00:00.000,South,1122,26502,23.6,2823.36,2.52,-3896,167.2725,0.16725,Tue,18
2026-06-02 18:00:00.000,West,1198,28034,23.4,3036.24,2.53,-4242,167.2725,0.16725,Tue,18
2026-06-02 19:00:00.000,East,808,19094,23.6,1787.23,2.21,-2792,152.325,0.152325,Tue,19
2026-06-02 19:00:00.000,North,914,21597,23.6,1963.46,2.15,-3160,152.325,0.152325,Tue,19
2026-06-02 19:00:00.000,South,1122,26293,23.4,2444.15,2.18,-3968,152.325,0.152325,Tue,19
2026-06-02 19:00:00.000,West,1198,28223,23.6,2660.05,2.22,-4203,152.325,0.152325,Tue,19
2026-06-02 20:00:00.000,East,808,18988,23.5,1522.28,1.88,-2827,140.435,0.140425,Tue,20
2026-06-02 20:00:00.000,North,914,21331,23.3,1722.29,1.88,-3198,140.435,0.140425,Tue,20
2026-06-02 20:00:00.000,South,1122,26217,23.4,2069.26,1.84,-3921,140.435,0.140425,Tue,20
2026-06-02 20:00:00.000,West,1198,28559,23.8,2202.4,1.84,-4191,140.435,0.140425,Tue,20
2026-06-02 21:00:00.000,East,808,44530,55.1,0,0,177.3,125.2375,0.125225,Tue,21
2026-06-02 21:00:00.000,North,914,50254,55,0,0,244.3,125.2375,0.125225,Tue,21
2026-06-02 21:00:00.000,South,1122,61836,55.1,0,0,246.5,125.2375,0.125225,Tue,21
2026-06-02 21:00:00.000,West,1198,65169,54.4,0,0,323.7,125.2375,0.125225,Tue,21
2026-06-02 22:00:00.000,East,808,44007,54.5,0,0,243,116.3,0.1163,Tue,22
2026-06-02 22:00:00.000,North,914,49928,54.6,0,0,302.8,116.3,0.1163,Tue,22
2026-06-02 22:00:00.000,South,1122,61659,55,0,0,290.1,116.3,0.1163,Tue,22
2026-06-02 22:00:00.000,West,1198,66202,55.3,0,0,317.9,116.3,0.1163,Tue,22
2026-06-02 23:00:00.000,East,808,44338,54.9,0,0,211.6,111.895,0.1119,Tue,23
2026-06-02 23:00:00.000,North,914,50217,54.9,0,0,246.8,111.895,0.1119,Tue,23
2026-06-02 23:00:00.000,South,1122,61511,54.8,0,0,241.4,111.895,0.1119,Tue,23
2026-06-02 23:00:00.000,West,1198,65843,55,0,0,281.6,111.895,0.1119,Tue,23
2026-06-03 00:00:00.000,East,808,44274,54.8,0,0,183.4,108.0175,0.10805,Wed,0
2026-06-03 00:00:00.000,North,914,50610,55.4,0,0,182.7,108.0175,0.10805,Wed,0
2026-06-03 00:00:00.000,South,1122,62204,55.4,0,0,297.4,108.0175,0.10805,Wed,0
2026-06-03 00:00:00.000,West,1198,66640,55.6,0,0,364.7,108.0175,0.10805,Wed,0
2026-06-03 01:00:00.000,East,808,44390,54.9,0,0,167.1,107.3,0.107275,Wed,1
2026-06-03 01:00:00.000,North,914,50187,54.9,0,0,222.3,107.3,0.107275,Wed,1
2026-06-03 01:00:00.000,South,1122,62091,55.3,0,0,278,107.3,0.107275,Wed,1
2026-06-03 01:00:00.000,West,1198,65894,55,0,0,256.1,107.3,0.107275,Wed,1
2026-06-03 02:00:00.000,East,808,44088,54.6,0,0,230.3,107.19,0.107175,Wed,2
2026-06-03 02:00:00.000,North,914,50564,55.3,0,0,231.3,107.19,0.107175,Wed,2
2026-06-03 02:00:00.000,South,1122,61286,54.6,0,0,355.3,107.19,0.107175,Wed,2
2026-06-03 02:00:00.000,West,1198,65648,54.8,0,0,234.8,107.19,0.107175,Wed,2
2026-06-03 03:00:00.000,East,808,44356,54.9,0,0,231.8,113.275,0.113275,Wed,3
2026-06-03 03:00:00.000,North,914,50289,55,0,0,270.5,113.275,0.113275,Wed,3
2026-06-03 03:00:00.000,South,1122,61573,54.9,0,0,276.8,113.275,0.113275,Wed,3
2026-06-03 03:00:00.000,West,1198,65639,54.8,0,0,265.3,113.275,0.113275,Wed,3
2026-06-03 04:00:00.000,East,808,18509,22.9,0,0,-2841,130.7375,0.130725,Wed,4
2026-06-03 04:00:00.000,North,914,21781,23.8,0,0,-3227,130.7375,0.130725,Wed,4
2026-06-03 04:00:00.000,South,1122,26314,23.5,0,0,-3884,130.7375,0.130725,Wed,4
2026-06-03 04:00:00.000,West,1198,28105,23.5,0,0,-4160,130.7375,0.130725,Wed,4
2026-06-03 05:00:00.000,East,808,18990,23.5,0,0,-2789,136.83,0.1368,Wed,5
2026-06-03 05:00:00.000,North,914,21372,23.4,0,0,-3178,136.83,0.1368,Wed,5
2026-06-03 05:00:00.000,South,1122,26719,23.8,0,0,-3870,136.83,0.1368,Wed,5
2026-06-03 05:00:00.000,West,1198,27931,23.3,0,0,-4218,136.83,0.1368,Wed,5
2026-06-03 06:00:00.000,East,808,18485,22.9,1546.16,1.91,-2830,131.0775,0.131075,Wed,6
2026-06-03 06:00:00.000,North,914,21199,23.2,1685.84,1.84,-3178,131.0775,0.131075,Wed,6
2026-06-03 06:00:00.000,South,1122,26163,23.3,2118.25,1.89,-3982,131.0775,0.131075,Wed,6
2026-06-03 06:00:00.000,West,1198,28250,23.6,2187.61,1.83,-4214,131.0775,0.131075,Wed,6
2026-06-03 07:00:00.000,East,808,44485,55.1,1870.49,2.31,226.3,112.1475,0.112175,Wed,7
2026-06-03 07:00:00.000,North,914,49841,54.5,1969.2,2.15,204.9,112.1475,0.112175,Wed,7
2026-06-03 07:00:00.000,South,1122,61754,55,2535.5,2.26,237.7,112.1475,0.112175,Wed,7
2026-06-03 07:00:00.000,West,1198,65459,54.6,2650.03,2.21,312.5,112.1475,0.112175,Wed,7
2026-06-03 08:00:00.000,East,808,44044,54.5,2041.8,2.53,188.6,94.0925,0.0941,Wed,8
2026-06-03 08:00:00.000,North,914,49902,54.6,2345.82,2.57,222.5,94.0925,0.0941,Wed,8
2026-06-03 08:00:00.000,South,1122,61852,55.1,2954.22,2.63,256.5,94.0925,0.0941,Wed,8
2026-06-03 08:00:00.000,West,1198,66013,55.1,3068.94,2.56,283,94.0925,0.0941,Wed,8
2026-06-03 09:00:00.000,East,808,44563,55.2,2297,2.84,157.7,80.2475,0.08025,Wed,9
2026-06-03 09:00:00.000,North,914,50441,55.2,2589.19,2.83,258.3,80.2475,0.08025,Wed,9
2026-06-03 09:00:00.000,South,1122,61822,55.1,3298.66,2.94,332.7,80.2475,0.08025,Wed,9
2026-06-03 09:00:00.000,West,1198,66165,55.2,3457.7,2.89,285.3,80.2475,0.08025,Wed,9
2026-06-03 10:00:00.000,East,808,65301,80.8,2611.94,3.23,2655.4,58.17,0.058175,Wed,10
2026-06-03 10:00:00.000,North,914,73915,80.9,2941.75,3.22,2951.8,58.17,0.058175,Wed,10
2026-06-03 10:00:00.000,South,1122,90781,80.9,3660.24,3.26,3630.6,58.17,0.058175,Wed,10
2026-06-03 10:00:00.000,West,1198,97059,81,3793.99,3.17,3939.4,58.17,0.058175,Wed,10
2026-06-03 11:00:00.000,East,808,65230,80.7,2840.54,3.52,2622.4,37.8325,0.03785,Wed,11
2026-06-03 11:00:00.000,North,914,74345,81.3,3305.1,3.62,2993.6,37.8325,0.03785,Wed,11
2026-06-03 11:00:00.000,South,1122,90849,81,4009.49,3.57,3645.3,37.8325,0.03785,Wed,11
2026-06-03 11:00:00.000,West,1198,97172,81.1,4265.6,3.56,3853.2,37.8325,0.03785,Wed,11
2026-06-03 12:00:00.000,East,808,65765,81.4,3181.86,3.94,2660.2,38.0425,0.03805,Wed,12
2026-06-03 12:00:00.000,North,914,74275,81.3,3585.56,3.92,2966,38.0425,0.03805,Wed,12
2026-06-03 12:00:00.000,South,1122,91056,81.2,4431.42,3.95,3632,38.0425,0.03805,Wed,12
2026-06-03 12:00:00.000,West,1198,97167,81.1,4579.97,3.82,3862.4,38.0425,0.03805,Wed,12
2026-06-03 13:00:00.000,East,808,65403,80.9,3372.3,4.17,2612.3,47.1,0.047125,Wed,13
2026-06-03 13:00:00.000,North,914,73986,80.9,3966.9,4.34,2959,47.1,0.047125,Wed,13
2026-06-03 13:00:00.000,South,1122,91035,81.1,4785.2,4.26,3651.3,47.1,0.047125,Wed,13
2026-06-03 13:00:00.000,West,1198,96748,80.8,5099.9,4.26,3891.3,47.1,0.047125,Wed,13
2026-06-03 14:00:00.000,East,808,44452,55,3187.21,3.94,190.7,76.9,0.0769,Wed,14
2026-06-03 14:00:00.000,North,914,50937,55.7,3555.81,3.89,239.2,76.9,0.0769,Wed,14
2026-06-03 14:00:00.000,South,1122,61890,55.2,4361.81,3.89,293.4,76.9,0.0769,Wed,14
2026-06-03 14:00:00.000,West,1198,65645,54.8,4707.15,3.93,296.5,76.9,0.0769,Wed,14
2026-06-03 15:00:00.000,East,808,44285,54.8,2813.74,3.48,202.5,95.5325,0.09555,Wed,15
2026-06-03 15:00:00.000,North,914,50442,55.2,3340.88,3.66,230.8,95.5325,0.09555,Wed,15
2026-06-03 15:00:00.000,South,1122,61873,55.1,4010.02,3.57,283.9,95.5325,0.09555,Wed,15
2026-06-03 15:00:00.000,West,1198,65680,54.8,4224.55,3.53,241.7,95.5325,0.09555,Wed,15
2026-06-03 16:00:00.000,East,808,44378,54.9,2510.8,3.11,159,122.1875,0.1222,Wed,16
2026-06-03 16:00:00.000,North,914,50079,54.8,2986.1,3.27,224.9,122.1875,0.1222,Wed,16
2026-06-03 16:00:00.000,South,1122,61865,55.1,3591.48,3.2,314.6,122.1875,0.1222,Wed,16
2026-06-03 16:00:00.000,West,1198,65865,55,3933.11,3.28,272.2,122.1875,0.1222,Wed,16
2026-06-03 17:00:00.000,East,808,18767,23.2,2371.12,2.93,-2827,138.3675,0.138375,Wed,17
2026-06-03 17:00:00.000,North,914,21866,23.9,2607.77,2.85,-3230,138.3675,0.138375,Wed,17
2026-06-03 17:00:00.000,South,1122,26415,23.5,3356.23,2.99,-3926,138.3675,0.138375,Wed,17
2026-06-03 17:00:00.000,West,1198,28228,23.6,3474.1,2.9,-4204,138.3675,0.138375,Wed,17
2026-06-03 18:00:00.000,East,808,19275,23.9,2068.32,2.56,-2814,146.2375,0.146225,Wed,18
2026-06-03 18:00:00.000,North,914,21506,23.5,2274.06,2.49,-3227,146.2375,0.146225,Wed,18
2026-06-03 18:00:00.000,South,1122,26464,23.6,2860.14,2.55,-3833,146.2375,0.146225,Wed,18
2026-06-03 18:00:00.000,West,1198,27909,23.3,3057.78,2.55,-4207,146.2375,0.146225,Wed,18
2026-06-03 19:00:00.000,East,808,18943,23.4,1779.63,2.2,-2889,133.42,0.133425,Wed,19
2026-06-03 19:00:00.000,North,914,21240,23.2,2035.09,2.23,-3229,133.42,0.133425,Wed,19
2026-06-03 19:00:00.000,South,1122,26583,23.7,2459.41,2.19,-3932,133.42,0.133425,Wed,19
2026-06-03 19:00:00.000,West,1198,28272,23.6,2694.71,2.25,-4229,133.42,0.133425,Wed,19
2026-06-03 20:00:00.000,East,808,44352,54.9,1543.71,1.91,212,120.9525,0.12095,Wed,20
2026-06-03 20:00:00.000,North,914,50276,55,1721.25,1.88,215.3,120.9525,0.12095,Wed,20
2026-06-03 20:00:00.000,South,1122,61818,55.1,2121.86,1.89,289.5,120.9525,0.12095,Wed,20
2026-06-03 20:00:00.000,West,1198,65742,54.9,2202.61,1.84,256.9,120.9525,0.12095,Wed,20
2026-06-03 21:00:00.000,East,808,44418,55,0,0,183,99.4075,0.0994,Wed,21
2026-06-03 21:00:00.000,North,914,50364,55.1,0,0,259.8,99.4075,0.0994,Wed,21
2026-06-03 21:00:00.000,South,1122,61332,54.7,0,0,304.4,99.4075,0.0994,Wed,21
2026-06-03 21:00:00.000,West,1198,66376,55.4,0,0,330.7,99.4075,0.0994,Wed,21
2026-06-03 22:00:00.000,East,808,44367,54.9,0,0,200.5,86.205,0.0862,Wed,22
2026-06-03 22:00:00.000,North,914,49836,54.5,0,0,228.8,86.205,0.0862,Wed,22
2026-06-03 22:00:00.000,South,1122,61864,55.1,0,0,257,86.205,0.0862,Wed,22
2026-06-03 22:00:00.000,West,1198,66169,55.2,0,0,335,86.205,0.0862,Wed,22
2026-06-03 23:00:00.000,East,808,44588,55.2,0,0,197.2,75.4875,0.0755,Wed,23
2026-06-03 23:00:00.000,North,914,50055,54.8,0,0,216.1,75.4875,0.0755,Wed,23
2026-06-03 23:00:00.000,South,1122,61427,54.7,0,0,258.5,75.4875,0.0755,Wed,23
2026-06-03 23:00:00.000,West,1198,65269,54.5,0,0,265.8,75.4875,0.0755,Wed,23
2026-06-04 00:00:00.000,East,808,65429,81,0,0,2631.3,66.92,0.06695,Thu,0
2026-06-04 00:00:00.000,North,914,74066,81,0,0,2955.7,66.92,0.06695,Thu,0
2026-06-04 00:00:00.000,South,1122,91187,81.3,0,0,3677.5,66.92,0.06695,Thu,0
2026-06-04 00:00:00.000,West,1198,97395,81.3,0,0,3868.2,66.92,0.06695,Thu,0
2026-06-04 01:00:00.000,East,808,65662,81.3,0,0,2622.8,67.4725,0.067475,Thu,1
2026-06-04 01:00:00.000,North,914,73889,80.8,0,0,2998.4,67.4725,0.067475,Thu,1
2026-06-04 01:00:00.000,South,1122,91128,81.2,0,0,3645.8,67.4725,0.067475,Thu,1
2026-06-04 01:00:00.000,West,1198,96853,80.8,0,0,3929.6,67.4725,0.067475,Thu,1
2026-06-04 02:00:00.000,East,808,64949,80.4,0,0,2610.2,68.2925,0.0683,Thu,2
2026-06-04 02:00:00.000,North,914,74054,81,0,0,2971.8,68.2925,0.0683,Thu,2
2026-06-04 02:00:00.000,South,1122,90911,81,0,0,3609.7,68.2925,0.0683,Thu,2
2026-06-04 02:00:00.000,West,1198,96816,80.8,0,0,3915.7,68.2925,0.0683,Thu,2
2026-06-04 03:00:00.000,East,808,44524,55.1,0,0,174.1,71.185,0.071175,Thu,3
2026-06-04 03:00:00.000,North,914,49976,54.7,0,0,217.9,71.185,0.071175,Thu,3
2026-06-04 03:00:00.000,South,1122,61591,54.9,0,0,324.1,71.185,0.071175,Thu,3
2026-06-04 03:00:00.000,West,1198,65801,54.9,0,0,335.8,71.185,0.071175,Thu,3
2026-06-04 04:00:00.000,East,808,44508,55.1,0,0,166.8,73.97,0.073975,Thu,4
2026-06-04 04:00:00.000,North,914,50026,54.7,0,0,200.9,73.97,0.073975,Thu,4
2026-06-04 04:00:00.000,South,1122,61809,55.1,0,0,263.9,73.97,0.073975,Thu,4
2026-06-04 04:00:00.000,West,1198,66293,55.3,0,0,303.7,73.97,0.073975,Thu,4
2026-06-04 05:00:00.000,East,808,44430,55,0,0,205.2,87.08,0.08705,Thu,5
2026-06-04 05:00:00.000,North,914,50594,55.4,0,0,197.7,87.08,0.08705,Thu,5
2026-06-04 05:00:00.000,South,1122,61672,55,0,0,259.5,87.08,0.08705,Thu,5
2026-06-04 05:00:00.000,West,1198,66121,55.2,0,0,260.3,87.08,0.08705,Thu,5
2026-06-04 06:00:00.000,East,808,44403,55,1485.9,1.84,170.3,75.62,0.075625,Thu,6
2026-06-04 06:00:00.000,North,914,50345,55.1,1719.56,1.88,194.9,75.62,0.075625,Thu,6
2026-06-04 06:00:00.000,South,1122,61967,55.2,2154.04,1.92,346.3,75.62,0.075625,Thu,6
2026-06-04 06:00:00.000,West,1198,66038,55.1,2185.33,1.82,312,75.62,0.075625,Thu,6
2026-06-04 07:00:00.000,East,808,65592,81.2,1778.73,2.2,2603.7,34.125,0.034125,Thu,7
2026-06-04 07:00:00.000,North,914,74173,81.2,2045.34,2.24,2985.5,34.125,0.034125,Thu,7
2026-06-04 07:00:00.000,South,1122,90933,81,2510.23,2.24,3626.3,34.125,0.034125,Thu,7
2026-06-04 07:00:00.000,West,1198,96998,81,2623.2,2.19,3916.6,34.125,0.034125,Thu,7
2026-06-04 08:00:00.000,East,808,65296,80.8,2078.16,2.57,2639.9,4.79,0.004775,Thu,8
2026-06-04 08:00:00.000,North,914,73947,80.9,2351.82,2.57,2951.4,4.79,0.004775,Thu,8
2026-06-04 08:00:00.000,South,1122,91127,81.2,2876.16,2.56,3613.6,4.79,0.004775,Thu,8
2026-06-04 08:00:00.000,West,1198,96969,80.9,2971.2,2.48,3918.7,4.79,0.004775,Thu,8
2026-06-04 09:00:00.000,East,808,72597,89.8,2331.57,2.89,3467.4,-0.0025,0,Thu,9
2026-06-04 09:00:00.000,North,914,82377,90.1,2656.89,2.91,3875.9,-0.0025,0,Thu,9
2026-06-04 09:00:00.000,South,1122,100687,89.7,3219.78,2.87,4773.7,-0.0025,0,Thu,9
2026-06-04 09:00:00.000,West,1198,107721,89.9,3498.8,2.92,5098.8,-0.0025,0,Thu,9
2026-06-04 10:00:00.000,East,808,72708,90,2560.23,3.17,3424.8,-0.025,0,Thu,10
2026-06-04 10:00:00.000,North,914,82287,90,2962.49,3.24,3885.8,-0.025,0,Thu,10
2026-06-04 10:00:00.000,South,1122,100937,90,3608.17,3.22,4786.2,-0.025,0,Thu,10
2026-06-04 10:00:00.000,West,1198,107929,90.1,3861.7,3.22,5114.8,-0.025,0,Thu,10
2026-06-04 11:00:00.000,East,808,72598,89.8,2965.47,3.67,3427,-0.0475,-5e-05,Thu,11
2026-06-04 11:00:00.000,North,914,82367,90.1,3112.51,3.41,3902.4,-0.0475,-5e-05,Thu,11
2026-06-04 11:00:00.000,South,1122,101036,90,4044.46,3.6,4780.5,-0.0475,-5e-05,Thu,11
2026-06-04 11:00:00.000,West,1198,107878,90,4214.62,3.52,5052.4,-0.0475,-5e-05,Thu,11
2026-06-04 12:00:00.000,East,808,72828,90.1,3077.98,3.81,3439.3,-0.035,-2.5e-05,Thu,12
2026-06-04 12:00:00.000,North,914,82309,90.1,3640.1,3.98,3880.4,-0.035,-2.5e-05,Thu,12
2026-06-04 12:00:00.000,South,1122,100945,90,4367.74,3.89,4777.9,-0.035,-2.5e-05,Thu,12
2026-06-04 12:00:00.000,West,1198,107885,90.1,4616.62,3.85,5095.7,-0.035,-2.5e-05,Thu,12
2026-06-04 13:00:00.000,East,808,65448,81,3429.1,4.24,2634.9,1.6175,0.001625,Thu,13
2026-06-04 13:00:00.000,North,914,74020,81,3816.7,4.18,2980.8,1.6175,0.001625,Thu,13
2026-06-04 13:00:00.000,South,1122,90850,81,4799,4.28,3618.6,1.6175,0.001625,Thu,13
2026-06-04 13:00:00.000,West,1198,96920,80.9,5183.2,4.33,3855.2,1.6175,0.001625,Thu,13
2026-06-04 14:00:00.000,East,808,65607,81.2,3206.89,3.97,2637.6,28.6375,0.02865,Thu,14
2026-06-04 14:00:00.000,North,914,73902,80.9,3544.94,3.88,2951.9,28.6375,0.02865,Thu,14
2026-06-04 14:00:00.000,South,1122,90924,81,4306.78,3.84,3651.1,28.6375,0.02865,Thu,14
2026-06-04 14:00:00.000,West,1198,96885,80.9,4659.25,3.89,3905.7,28.6375,0.02865,Thu,14
2026-06-04 15:00:00.000,East,808,44384,54.9,2803.57,3.47,185.9,70.1525,0.07015,Thu,15
2026-06-04 15:00:00.000,North,914,50183,54.9,3233.93,3.54,265.4,70.1525,0.07015,Thu,15
2026-06-04 15:00:00.000,South,1122,61820,55.1,3982.87,3.55,278.1,70.1525,0.07015,Thu,15
2026-06-04 15:00:00.000,West,1198,65791,54.9,4423.33,3.69,298.9,70.1525,0.07015,Thu,15
2026-06-04 16:00:00.000,East,808,44456,55,2626.98,3.25,217.3,101.5025,0.1015,Thu,16
2026-06-04 16:00:00.000,North,914,50156,54.9,2921.48,3.2,254.2,101.5025,0.1015,Thu,16
2026-06-04 16:00:00.000,South,1122,61898,55.2,3603.5,3.21,259.8,101.5025,0.1015,Thu,16
2026-06-04 16:00:00.000,West,1198,66415,55.4,3808.92,3.18,336.1,101.5025,0.1015,Thu,16
2026-06-04 17:00:00.000,East,808,44673,55.3,2326.41,2.88,189.7,114.165,0.114175,Thu,17
2026-06-04 17:00:00.000,North,914,50639,55.4,2607.95,2.85,259.7,114.165,0.114175,Thu,17
2026-06-04 17:00:00.000,South,1122,61972,55.2,3159.1,2.82,294.5,114.165,0.114175,Thu,17
2026-06-04 17:00:00.000,West,1198,65423,54.6,3511.9,2.93,274,114.165,0.114175,Thu,17
2026-06-04 18:00:00.000,East,808,44662,55.3,2022.06,2.5,233.9,117.9625,0.118,Thu,18
2026-06-04 18:00:00.000,North,914,50260,55,2348.34,2.57,237.3,117.9625,0.118,Thu,18
2026-06-04 18:00:00.000,South,1122,62294,55.5,2841.48,2.53,265.5,117.9625,0.118,Thu,18
2026-06-04 18:00:00.000,West,1198,66048,55.1,3148.86,2.63,331.4,117.9625,0.118,Thu,18
2026-06-04 19:00:00.000,East,808,44233,54.7,1801.96,2.23,182.9,115.3725,0.115375,Thu,19
2026-06-04 19:00:00.000,North,914,50126,54.8,1986,2.17,270.5,115.3725,0.115375,Thu,19
2026-06-04 19:00:00.000,South,1122,61951,55.2,2447.17,2.18,258.7,115.3725,0.115375,Thu,19
2026-06-04 19:00:00.000,West,1198,66018,55.1,2666.98,2.23,284.9,115.3725,0.115375,Thu,19
2026-06-04 20:00:00.000,East,808,44177,54.7,1459.73,1.81,184.6,111.69,0.1117,Thu,20
2026-06-04 20:00:00.000,North,914,49583,54.2,1734.14,1.9,286.4,111.69,0.1117,Thu,20
2026-06-04 20:00:00.000,South,1122,61373,54.7,2145.44,1.91,269.6,111.69,0.1117,Thu,20
2026-06-04 20:00:00.000,West,1198,65532,54.7,2198.3,1.83,239.5,111.69,0.1117,Thu,20
2026-06-04 21:00:00.000,East,808,44750,55.4,0,0,181.4,100.05,0.100025,Thu,21
2026-06-04 21:00:00.000,North,914,50102,54.8,0,0,247,100.05,0.100025,Thu,21
2026-06-04 21:00:00.000,South,1122,61558,54.9,0,0,272.7,100.05,0.100025,Thu,21
2026-06-04 21:00:00.000,West,1198,66320,55.4,0,0,286.4,100.05,0.100025,Thu,21
2026-06-04 22:00:00.000,East,808,43527,53.9,0,0,208.7,80.695,0.0807,Thu,22
2026-06-04 22:00:00.000,North,914,50568,55.3,0,0,258.9,80.695,0.0807,Thu,22
2026-06-04 22:00:00.000,South,1122,61825,55.1,0,0,276.9,80.695,0.0807,Thu,22
2026-06-04 22:00:00.000,West,1198,66120,55.2,0,0,387.1,80.695,0.0807,Thu,22
2026-06-04 23:00:00.000,East,808,44543,55.1,0,0,170.9,79.4475,0.079425,Thu,23
2026-06-04 23:00:00.000,North,914,50249,55,0,0,214.3,79.4475,0.079425,Thu,23
2026-06-04 23:00:00.000,South,1122,61937,55.2,0,0,269.6,79.4475,0.079425,Thu,23
2026-06-04 23:00:00.000,West,1198,66107,55.2,0,0,289.7,79.4475,0.079425,Thu,23
2026-06-05 00:00:00.000,East,808,44826,55.5,0,0,237.1,83.4475,0.08345,Fri,0
2026-06-05 00:00:00.000,North,914,50635,55.4,0,0,234.9,83.4475,0.08345,Fri,0
2026-06-05 00:00:00.000,South,1122,61400,54.7,0,0,245.8,83.4475,0.08345,Fri,0
2026-06-05 00:00:00.000,West,1198,65087,54.3,0,0,261.6,83.4475,0.08345,Fri,0
2026-06-05 01:00:00.000,East,808,44526,55.1,0,0,179.1,85.025,0.085025,Fri,1
2026-06-05 01:00:00.000,North,914,50381,55.1,0,0,232.7,85.025,0.085025,Fri,1
2026-06-05 01:00:00.000,South,1122,62254,55.5,0,0,214.1,85.025,0.085025,Fri,1
2026-06-05 01:00:00.000,West,1198,65845,55,0,0,313.1,85.025,0.085025,Fri,1
2026-06-05 02:00:00.000,East,808,44452,55,0,0,185.9,89.8325,0.089825,Fri,2
2026-06-05 02:00:00.000,North,914,50104,54.8,0,0,275.9,89.8325,0.089825,Fri,2
2026-06-05 02:00:00.000,South,1122,61475,54.8,0,0,299.2,89.8325,0.089825,Fri,2
2026-06-05 02:00:00.000,West,1198,66123,55.2,0,0,279.1,89.8325,0.089825,Fri,2
2026-06-05 03:00:00.000,East,808,44541,55.1,0,0,195,97.2575,0.09725,Fri,3
2026-06-05 03:00:00.000,North,914,50373,55.1,0,0,173.2,97.2575,0.09725,Fri,3
2026-06-05 03:00:00.000,South,1122,61174,54.5,0,0,298.9,97.2575,0.09725,Fri,3
2026-06-05 03:00:00.000,West,1198,65539,54.7,0,0,324.2,97.2575,0.09725,Fri,3
2026-06-05 04:00:00.000,East,808,44026,54.5,0,0,194.7,114.8975,0.114925,Fri,4
2026-06-05 04:00:00.000,North,914,50413,55.2,0,0,226.3,114.8975,0.114925,Fri,4
2026-06-05 04:00:00.000,South,1122,61556,54.9,0,0,251.4,114.8975,0.114925,Fri,4
2026-06-05 04:00:00.000,West,1198,65843,55,0,0,260.7,114.8975,0.114925,Fri,4
2026-06-05 05:00:00.000,East,808,44399,54.9,0,0,213.1,118.6175,0.118625,Fri,5
2026-06-05 05:00:00.000,North,914,50492,55.2,0,0,280.8,118.6175,0.118625,Fri,5
2026-06-05 05:00:00.000,South,1122,61350,54.7,0,0,271.3,118.6175,0.118625,Fri,5
2026-06-05 05:00:00.000,West,1198,65809,54.9,0,0,322.4,118.6175,0.118625,Fri,5
2026-06-05 06:00:00.000,East,808,44103,54.6,1481.24,1.83,224.4,113.8175,0.113825,Fri,6
2026-06-05 06:00:00.000,North,914,50222,54.9,1682.32,1.84,225.2,113.8175,0.113825,Fri,6
2026-06-05 06:00:00.000,South,1122,62002,55.3,2083.19,1.86,309.4,113.8175,0.113825,Fri,6
2026-06-05 06:00:00.000,West,1198,65099,54.3,2262.86,1.89,329.9,113.8175,0.113825,Fri,6
2026-06-05 07:00:00.000,East,808,44791,55.4,1840.3,2.28,203.7,98.3,0.0983,Fri,7
2026-06-05 07:00:00.000,North,914,50200,54.9,2038.76,2.23,264.4,98.3,0.0983,Fri,7
2026-06-05 07:00:00.000,South,1122,61714,55,2481.71,2.21,318.1,98.3,0.0983,Fri,7
2026-06-05 07:00:00.000,West,1198,65953,55.1,2632.57,2.2,297.3,98.3,0.0983,Fri,7
2026-06-05 08:00:00.000,East,808,44479,55,2040.6,2.53,186.8,86.115,0.086125,Fri,8
2026-06-05 08:00:00.000,North,914,50193,54.9,2319.42,2.54,225.9,86.115,0.086125,Fri,8
2026-06-05 08:00:00.000,South,1122,61635,54.9,2850.36,2.54,259.6,86.115,0.086125,Fri,8
2026-06-05 08:00:00.000,West,1198,66395,55.4,3033.96,2.53,323.1,86.115,0.086125,Fri,8
2026-06-05 09:00:00.000,East,808,44051,54.5,2410.57,2.98,147.4,70.825,0.070825,Fri,9
2026-06-05 09:00:00.000,North,914,50381,55.1,2594.49,2.84,224.9,70.825,0.070825,Fri,9
2026-06-05 09:00:00.000,South,1122,62240,55.5,3158.95,2.82,294.4,70.825,0.070825,Fri,9
2026-06-05 09:00:00.000,West,1198,65781,54.9,3456.61,2.89,220.6,70.825,0.070825,Fri,9
2026-06-05 10:00:00.000,East,808,65206,80.7,2619.71,3.24,2618.7,45.205,0.0452,Fri,10
2026-06-05 10:00:00.000,North,914,74497,81.5,2883.21,3.15,2971.1,45.205,0.0452,Fri,10
2026-06-05 10:00:00.000,South,1122,91021,81.1,3669.92,3.27,3691.2,45.205,0.0452,Fri,10
2026-06-05 10:00:00.000,West,1198,96880,80.9,3883.8,3.24,3896.1,45.205,0.0452,Fri,10
2026-06-05 11:00:00.000,East,808,65289,80.8,2943.14,3.64,2646.6,34.1775,0.034175,Fri,11
2026-06-05 11:00:00.000,North,914,73871,80.8,3300.92,3.61,3000.9,34.1775,0.034175,Fri,11
2026-06-05 11:00:00.000,South,1122,90751,80.9,4121.68,3.67,3634.1,34.1775,0.034175,Fri,11
2026-06-05 11:00:00.000,West,1198,97137,81.1,4208.3,3.51,3868,34.1775,0.034175,Fri,11
2026-06-05 12:00:00.000,East,808,65482,81,3127.54,3.87,2681.6,27.2,0.0272,Fri,12
2026-06-05 12:00:00.000,North,914,73911,80.9,3421.86,3.74,2933.5,27.2,0.0272,Fri,12
2026-06-05 12:00:00.000,South,1122,91278,81.4,4351.3,3.88,3605.8,27.2,0.0272,Fri,12
2026-06-05 12:00:00.000,West,1198,97185,81.1,4533.13,3.78,3826.6,27.2,0.0272,Fri,12
2026-06-05 13:00:00.000,East,808,65603,81.2,3517.7,4.35,2620.8,38.01,0.038025,Fri,13
2026-06-05 13:00:00.000,North,914,73889,80.8,3855.2,4.22,3002.6,38.01,0.038025,Fri,13
2026-06-05 13:00:00.000,South,1122,90695,80.8,4765.4,4.25,3662.3,38.01,0.038025,Fri,13
2026-06-05 13:00:00.000,West,1198,97313,81.2,5108.9,4.26,3862.6,38.01,0.038025,Fri,13
2026-06-05 14:00:00.000,East,808,44671,55.3,3163.51,3.92,159.4,72.555,0.072575,Fri,14
2026-06-05 14:00:00.000,North,914,49750,54.4,3706.74,4.06,228.7,72.555,0.072575,Fri,14
2026-06-05 14:00:00.000,South,1122,62175,55.4,4268.86,3.8,256.7,72.555,0.072575,Fri,14
2026-06-05 14:00:00.000,West,1198,65829,54.9,4741.65,3.96,290.4,72.555,0.072575,Fri,14
2026-06-05 15:00:00.000,East,808,44776,55.4,2830.53,3.5,167.2,104.2525,0.104275,Fri,15
2026-06-05 15:00:00.000,North,914,50574,55.3,3211.89,3.51,227.3,104.2525,0.104275,Fri,15
2026-06-05 15:00:00.000,South,1122,61219,54.6,4051.69,3.61,242.8,104.2525,0.104275,Fri,15
2026-06-05 15:00:00.000,West,1198,65939,55,4271.5,3.57,286.9,104.2525,0.104275,Fri,15
2026-06-05 16:00:00.000,East,808,44196,54.7,2627.8,3.25,206.2,128.9025,0.1289,Fri,16
2026-06-05 16:00:00.000,North,914,49970,54.7,2989.92,3.27,269.5,128.9025,0.1289,Fri,16
2026-06-05 16:00:00.000,South,1122,61857,55.1,3613.68,3.22,295.8,128.9025,0.1289,Fri,16
2026-06-05 16:00:00.000,West,1198,66056,55.1,3843.79,3.21,400.2,128.9025,0.1289,Fri,16
2026-06-05 17:00:00.000,East,808,19108,23.6,2237.79,2.77,-2803,150.4975,0.1505,Fri,17
2026-06-05 17:00:00.000,North,914,21332,23.3,2645.96,2.89,-3179,150.4975,0.1505,Fri,17
2026-06-05 17:00:00.000,South,1122,26545,23.7,3340.95,2.98,-3968,150.4975,0.1505,Fri,17
2026-06-05 17:00:00.000,West,1198,28502,23.8,3498.65,2.92,-4107,150.4975,0.1505,Fri,17
2026-06-05 18:00:00.000,East,808,18856,23.3,2072.7,2.57,-2885,179.0775,0.179075,Fri,18
2026-06-05 18:00:00.000,North,914,21320,23.3,2324.64,2.54,-3192,179.0775,0.179075,Fri,18
2026-06-05 18:00:00.000,South,1122,26541,23.7,2873.7,2.56,-3887,179.0775,0.179075,Fri,18
2026-06-05 18:00:00.000,West,1198,28130,23.5,3107.1,2.59,-4230,179.0775,0.179075,Fri,18
2026-06-05 19:00:00.000,East,808,19128,23.7,1797.31,2.22,-2814,189.355,0.18935,Fri,19
2026-06-05 19:00:00.000,North,914,21753,23.8,2040.25,2.23,-3185,189.355,0.18935,Fri,19
2026-06-05 19:00:00.000,South,1122,26391,23.5,2463.92,2.2,-3910,189.355,0.18935,Fri,19
2026-06-05 19:00:00.000,West,1198,28059,23.4,2646.44,2.21,-4246,189.355,0.18935,Fri,19
2026-06-05 20:00:00.000,East,808,18906,23.4,1569.18,1.94,-2834,169.135,0.169125,Fri,20
2026-06-05 20:00:00.000,North,914,21697,23.7,1724.03,1.89,-3206,169.135,0.169125,Fri,20
2026-06-05 20:00:00.000,South,1122,26330,23.5,2070.42,1.85,-3955,169.135,0.169125,Fri,20
2026-06-05 20:00:00.000,West,1198,28121,23.5,2242.91,1.87,-4186,169.135,0.169125,Fri,20
2026-06-05 21:00:00.000,East,808,18765,23.2,0,0,-2856,152.06,0.152075,Fri,21
2026-06-05 21:00:00.000,North,914,21393,23.4,0,0,-3182,152.06,0.152075,Fri,21
2026-06-05 21:00:00.000,South,1122,26211,23.4,0,0,-3934,152.06,0.152075,Fri,21
2026-06-05 21:00:00.000,West,1198,27867,23.3,0,0,-4161,152.06,0.152075,Fri,21
2026-06-05 22:00:00.000,East,808,19505,24.1,0,0,-2853,148.2425,0.148225,Fri,22
2026-06-05 22:00:00.000,North,914,21188,23.2,0,0,-3212,148.2425,0.148225,Fri,22
2026-06-05 22:00:00.000,South,1122,26427,23.6,0,0,-3930,148.2425,0.148225,Fri,22
2026-06-05 22:00:00.000,West,1198,28121,23.5,0,0,-4169,148.2425,0.148225,Fri,22
2026-06-05 23:00:00.000,East,808,18664,23.1,0,0,-2837,137.18,0.137175,Fri,23
2026-06-05 23:00:00.000,North,914,21574,23.6,0,0,-3214,137.18,0.137175,Fri,23
2026-06-05 23:00:00.000,South,1122,26712,23.8,0,0,-3986,137.18,0.137175,Fri,23
2026-06-05 23:00:00.000,West,1198,28145,23.5,0,0,-4201,137.18,0.137175,Fri,23
2026-06-06 00:00:00.000,East,808,18920,23.4,0,0,-2811,134.79,0.134775,Sat,0
2026-06-06 00:00:00.000,North,914,21518,23.5,0,0,-3176,134.79,0.134775,Sat,0
2026-06-06 00:00:00.000,South,1122,26579,23.7,0,0,-3896,134.79,0.134775,Sat,0
2026-06-06 00:00:00.000,West,1198,27992,23.4,0,0,-4176,134.79,0.134775,Sat,0
2026-06-06 01:00:00.000,East,808,44622,55.2,0,0,197,116.1675,0.116175,Sat,1
2026-06-06 01:00:00.000,North,914,50449,55.2,0,0,221.9,116.1675,0.116175,Sat,1
2026-06-06 01:00:00.000,South,1122,61961,55.2,0,0,275.9,116.1675,0.116175,Sat,1
2026-06-06 01:00:00.000,West,1198,66011,55.1,0,0,209.9,116.1675,0.116175,Sat,1
2026-06-06 02:00:00.000,East,808,44192,54.7,0,0,191.3,130.1825,0.1302,Sat,2
2026-06-06 02:00:00.000,North,914,50464,55.2,0,0,215.3,130.1825,0.1302,Sat,2
2026-06-06 02:00:00.000,South,1122,61736,55,0,0,288.8,130.1825,0.1302,Sat,2
2026-06-06 02:00:00.000,West,1198,66208,55.3,0,0,329.5,130.1825,0.1302,Sat,2
2026-06-06 03:00:00.000,East,808,44728,55.4,0,0,198.1,126.035,0.126025,Sat,3
2026-06-06 03:00:00.000,North,914,50103,54.8,0,0,196.9,126.035,0.126025,Sat,3
2026-06-06 03:00:00.000,South,1122,61984,55.2,0,0,284.4,126.035,0.126025,Sat,3
2026-06-06 03:00:00.000,West,1198,65519,54.7,0,0,302.1,126.035,0.126025,Sat,3
2026-06-06 04:00:00.000,East,808,44081,54.6,0,0,224,117.69,0.1177,Sat,4
2026-06-06 04:00:00.000,North,914,50541,55.3,0,0,225.4,117.69,0.1177,Sat,4
2026-06-06 04:00:00.000,South,1122,61865,55.1,0,0,304.1,117.69,0.1177,Sat,4
2026-06-06 04:00:00.000,West,1198,65634,54.8,0,0,258.7,117.69,0.1177,Sat,4
2026-06-06 05:00:00.000,East,808,44402,55,0,0,153.2,102.315,0.102325,Sat,5
2026-06-06 05:00:00.000,North,914,50904,55.7,0,0,203.2,102.315,0.102325,Sat,5
2026-06-06 05:00:00.000,South,1122,61780,55.1,0,0,293.4,102.315,0.102325,Sat,5
2026-06-06 05:00:00.000,West,1198,66023,55.1,0,0,288.7,102.315,0.102325,Sat,5
2026-06-06 06:00:00.000,East,808,44891,55.6,1508.75,1.87,159.5,81.0175,0.081025,Sat,6
2026-06-06 06:00:00.000,North,914,50410,55.2,1688.74,1.85,250.6,81.0175,0.081025,Sat,6
2026-06-06 06:00:00.000,South,1122,61820,55.1,2055.15,1.83,318.8,81.0175,0.081025,Sat,6
2026-06-06 06:00:00.000,West,1198,66364,55.4,2293.23,1.91,295.9,81.0175,0.081025,Sat,6
2026-06-06 07:00:00.000,East,808,65333,80.9,1828.33,2.26,2573.3,50,0.049975,Sat,7
2026-06-06 07:00:00.000,North,914,74358,81.4,2039.53,2.23,3002.7,50,0.049975,Sat,7
2026-06-06 07:00:00.000,South,1122,90965,81.1,2476.23,2.21,3660.1,50,0.049975,Sat,7
2026-06-06 07:00:00.000,West,1198,96706,80.7,2600.59,2.17,3896.5,50,0.049975,Sat,7
2026-06-06 08:00:00.000,East,808,65306,80.8,2084.46,2.58,2636.6,14.7425,0.014725,Sat,8
2026-06-06 08:00:00.000,North,914,73933,80.9,2341.8,2.56,2970.6,14.7425,0.014725,Sat,8
2026-06-06 08:00:00.000,South,1122,90961,81.1,2889.72,2.58,3638,14.7425,0.014725,Sat,8
2026-06-06 08:00:00.000,West,1198,97433,81.3,3070.2,2.56,3905.4,14.7425,0.014725,Sat,8
2026-06-06 09:00:00.000,East,808,65561,81.1,2318.79,2.87,2624.2,0.0325,2.5e-05,Sat,9
2026-06-06 09:00:00.000,North,914,74015,81,2650.18,2.9,3004.3,0.0325,2.5e-05,Sat,9
2026-06-06 09:00:00.000,South,1122,90730,80.9,3235.55,2.88,3609,0.0325,2.5e-05,Sat,9
2026-06-06 09:00:00.000,West,1198,97048,81,3441.63,2.87,3875.1,0.0325,2.5e-05,Sat,9
2026-06-06 10:00:00.000,East,808,72818,90.1,2640.17,3.27,3414.6,-0.03,-2.5e-05,Sat,10
2026-06-06 10:00:00.000,North,914,82016,89.7,2952.82,3.23,3883.4,-0.03,-2.5e-05,Sat,10
2026-06-06 10:00:00.000,South,1122,100790,89.8,3575.74,3.19,4746.2,-0.03,-2.5e-05,Sat,10
2026-06-06 10:00:00.000,West,1198,107917,90.1,3865.3,3.23,5114.4,-0.03,-2.5e-05,Sat,10
2026-06-06 11:00:00.000,East,808,72602,89.9,2925.97,3.62,3438.2,-0.025,0,Sat,11
2026-06-06 11:00:00.000,North,914,82175,89.9,3182.62,3.48,3876.1,-0.025,0,Sat,11
2026-06-06 11:00:00.000,South,1122,101003,90,3933.81,3.51,4751.3,-0.025,0,Sat,11
2026-06-06 11:00:00.000,West,1198,107894,90.1,4436.58,3.7,5098.7,-0.025,0,Sat,11
2026-06-06 12:00:00.000,East,808,65613,81.2,3105.95,3.84,2620.2,0.0225,2.5e-05,Sat,12
2026-06-06 12:00:00.000,North,914,74067,81,3626.57,3.97,3026,0.0225,2.5e-05,Sat,12
2026-06-06 12:00:00.000,South,1122,90686,80.8,4325.34,3.86,3633.7,0.0225,2.5e-05,Sat,12
2026-06-06 12:00:00.000,West,1198,97016,81,4720.74,3.94,3876.6,0.0225,2.5e-05,Sat,12
2026-06-06 13:00:00.000,East,808,65328,80.9,3490.6,4.32,2634.9,9.51,0.0095,Sat,13
2026-06-06 13:00:00.000,North,914,74044,81,3804.8,4.16,3018.5,9.51,0.0095,Sat,13
2026-06-06 13:00:00.000,South,1122,91068,81.2,4760.6,4.24,3646,9.51,0.0095,Sat,13
2026-06-06 13:00:00.000,West,1198,96772,80.8,5066.3,4.23,3907.6,9.51,0.0095,Sat,13
2026-06-06 14:00:00.000,East,808,65024,80.5,3227.25,3.99,2663.9,46.105,0.0461,Sat,14
2026-06-06 14:00:00.000,North,914,74141,81.1,3545.57,3.88,2959.2,46.105,0.0461,Sat,14
2026-06-06 14:00:00.000,South,1122,90993,81.1,4370.48,3.9,3627.5,46.105,0.0461,Sat,14
2026-06-06 14:00:00.000,West,1198,97403,81.3,4782.9,3.99,3893.2,46.105,0.0461,Sat,14
2026-06-06 15:00:00.000,East,808,44356,54.9,2935.05,3.63,199.7,93.2825,0.0933,Sat,15
2026-06-06 15:00:00.000,North,914,50343,55.1,3210.66,3.51,251.9,93.2825,0.0933,Sat,15
2026-06-06 15:00:00.000,South,1122,61505,54.8,4006.82,3.57,248.5,93.2825,0.0933,Sat,15
2026-06-06 15:00:00.000,West,1198,66012,55.1,4354.26,3.63,202.4,93.2825,0.0933,Sat,15
2026-06-06 16:00:00.000,East,808,44156,54.6,2589.5,3.2,199.9,121.7875,0.121775,Sat,16
2026-06-06 16:00:00.000,North,914,50651,55.4,2944.86,3.22,206.5,121.7875,0.121775,Sat,16
2026-06-06 16:00:00.000,South,1122,62214,55.4,3651.24,3.25,336,121.7875,0.121775,Sat,16
2026-06-06 16:00:00.000,West,1198,66069,55.1,3888.28,3.25,226,121.7875,0.121775,Sat,16
2026-06-06 17:00:00.000,East,808,18881,23.4,2391.58,2.96,-2837,133.85,0.133875,Sat,17
2026-06-06 17:00:00.000,North,914,21537,23.6,2584.6,2.83,-3234,133.85,0.133875,Sat,17
2026-06-06 17:00:00.000,South,1122,26419,23.5,3256.74,2.9,-3998,133.85,0.133875,Sat,17
2026-06-06 17:00:00.000,West,1198,27957,23.3,3457.51,2.89,-4116,133.85,0.133875,Sat,17
2026-06-06 18:00:00.000,East,808,19189,23.7,2017.38,2.5,-2838,152.4325,0.15245,Sat,18
2026-06-06 18:00:00.000,North,914,21358,23.4,2436.42,2.67,-3230,152.4325,0.15245,Sat,18
2026-06-06 18:00:00.000,South,1122,26328,23.5,2911.56,2.59,-3896,152.4325,0.15245,Sat,18
2026-06-06 18:00:00.000,West,1198,28120,23.5,3047.52,2.54,-4292,152.4325,0.15245,Sat,18
2026-06-06 19:00:00.000,East,808,19184,23.7,1763.7,2.18,-2793,150.9225,0.150925,Sat,19
2026-06-06 19:00:00.000,North,914,21748,23.8,1962.81,2.15,-3227,150.9225,0.150925,Sat,19
2026-06-06 19:00:00.000,South,1122,26387,23.5,2465.5,2.2,-3889,150.9225,0.150925,Sat,19
2026-06-06 19:00:00.000,West,1198,28550,23.8,2707.84,2.26,-4204,150.9225,0.150925,Sat,19
2026-06-06 20:00:00.000,East,808,19011,23.5,1523.12,1.89,-2871,134.3275,0.134325,Sat,20
2026-06-06 20:00:00.000,North,914,21488,23.5,1702.82,1.86,-3167,134.3275,0.134325,Sat,20
2026-06-06 20:00:00.000,South,1122,26135,23.3,2104.12,1.88,-3957,134.3275,0.134325,Sat,20
2026-06-06 20:00:00.000,West,1198,28106,23.5,2281.45,1.9,-4213,134.3275,0.134325,Sat,20
2026-06-06 21:00:00.000,East,808,44241,54.8,0,0,199.1,121.5425,0.12155,Sat,21
2026-06-06 21:00:00.000,North,914,50085,54.8,0,0,294.5,121.5425,0.12155,Sat,21
2026-06-06 21:00:00.000,South,1122,61830,55.1,0,0,301,121.5425,0.12155,Sat,21
2026-06-06 21:00:00.000,West,1198,66188,55.2,0,0,257.9,121.5425,0.12155,Sat,21
2026-06-06 22:00:00.000,East,808,44633,55.2,0,0,208.3,110.7,0.1107,Sat,22
2026-06-06 22:00:00.000,North,914,50474,55.2,0,0,221.8,110.7,0.1107,Sat,22
2026-06-06 22:00:00.000,South,1122,61956,55.2,0,0,281.3,110.7,0.1107,Sat,22
2026-06-06 22:00:00.000,West,1198,66095,55.2,0,0,291,110.7,0.1107,Sat,22
2026-06-06 23:00:00.000,East,808,44118,54.6,0,0,225.6,99.5125,0.099525,Sat,23
2026-06-06 23:00:00.000,North,914,50531,55.3,0,0,148.6,99.5125,0.099525,Sat,23
2026-06-06 23:00:00.000,South,1122,61591,54.9,0,0,255.7,99.5125,0.099525,Sat,23
2026-06-06 23:00:00.000,West,1198,65557,54.7,0,0,276.5,99.5125,0.099525,Sat,23
2026-06-07 00:00:00.000,East,808,44698,55.3,0,0,207.1,92.2075,0.092175,Sun,0
2026-06-07 00:00:00.000,North,914,49975,54.7,0,0,191.9,92.2075,0.092175,Sun,0
2026-06-07 00:00:00.000,South,1122,61803,55.1,0,0,292.1,92.2075,0.092175,Sun,0
2026-06-07 00:00:00.000,West,1198,66031,55.1,0,0,258,92.2075,0.092175,Sun,0
2026-06-07 01:00:00.000,East,808,44457,55,0,0,208.8,81.415,0.081425,Sun,1
2026-06-07 01:00:00.000,North,914,50365,55.1,0,0,220.1,81.415,0.081425,Sun,1
2026-06-07 01:00:00.000,South,1122,61958,55.2,0,0,324.2,81.415,0.081425,Sun,1
2026-06-07 01:00:00.000,West,1198,65534,54.7,0,0,211.5,81.415,0.081425,Sun,1
2026-06-07 02:00:00.000,East,808,65350,80.9,0,0,2594.2,67.0125,0.067,Sun,2
2026-06-07 02:00:00.000,North,914,74092,81.1,0,0,2946.6,67.0125,0.067,Sun,2
2026-06-07 02:00:00.000,South,1122,90819,80.9,0,0,3654.3,67.0125,0.067,Sun,2
2026-06-07 02:00:00.000,West,1198,96805,80.8,0,0,3919.6,67.0125,0.067,Sun,2
2026-06-07 03:00:00.000,East,808,65529,81.1,0,0,2615.6,39.21,0.0392,Sun,3
2026-06-07 03:00:00.000,North,914,73966,80.9,0,0,2954.4,39.21,0.0392,Sun,3
2026-06-07 03:00:00.000,South,1122,90454,80.6,0,0,3629.3,39.21,0.0392,Sun,3
2026-06-07 03:00:00.000,West,1198,96925,80.9,0,0,3894.3,39.21,0.0392,Sun,3
2026-06-07 04:00:00.000,East,808,65384,80.9,0,0,2597.1,5.0475,0.00505,Sun,4
2026-06-07 04:00:00.000,North,914,74024,81,0,0,2956.4,5.0475,0.00505,Sun,4
2026-06-07 04:00:00.000,South,1122,90453,80.6,0,0,3671.1,5.0475,0.00505,Sun,4
2026-06-07 04:00:00.000,West,1198,96952,80.9,0,0,3889,5.0475,0.00505,Sun,4
2026-06-07 05:00:00.000,East,808,65491,81.1,0,0,2615.2,0.46,0.00045,Sun,5
2026-06-07 05:00:00.000,North,914,73900,80.9,0,0,2968.8,0.46,0.00045,Sun,5
2026-06-07 05:00:00.000,South,1122,90783,80.9,0,0,3661.6,0.46,0.00045,Sun,5
2026-06-07 05:00:00.000,West,1198,96895,80.9,0,0,3883.7,0.46,0.00045,Sun,5
2026-06-07 06:00:00.000,East,808,72731,90,1541.71,1.91,3436.9,-0.5525,-0.00055,Sun,6
2026-06-07 06:00:00.000,North,914,82304,90,1682.7,1.84,3890,-0.5525,-0.00055,Sun,6
2026-06-07 06:00:00.000,South,1122,100994,90,2076.88,1.85,4757.5,-0.5525,-0.00055,Sun,6
2026-06-07 06:00:00.000,West,1198,108059,90.2,2225.54,1.86,5094.2,-0.5525,-0.00055,Sun,6
2026-06-07 07:00:00.000,East,808,72828,90.1,1759.69,2.18,3438.9,-5.05,-0.00505,Sun,7
2026-06-07 07:00:00.000,North,914,82247,90,2017.16,2.21,3885.3,-5.05,-0.00505,Sun,7
2026-06-07 07:00:00.000,South,1122,101193,90.2,2513.26,2.24,4789,-5.05,-0.00505,Sun,7
2026-06-07 07:00:00.000,West,1198,107748,89.9,2575.14,2.15,5105.3,-5.05,-0.00505,Sun,7
2026-06-07 08:00:00.000,East,808,72716,90,1983.06,2.45,3444.7,-8,-0.008025,Sun,8
2026-06-07 08:00:00.000,North,914,82303,90,2385.12,2.61,3899.5,-8,-0.008025,Sun,8
2026-06-07 08:00:00.000,South,1122,101038,90.1,2882.28,2.57,4764.6,-8,-0.008025,Sun,8
2026-06-07 08:00:00.000,West,1198,107730,89.9,3120.42,2.6,5084.1,-8,-0.008025,Sun,8
2026-06-07 09:00:00.000,East,808,72518,89.8,2292.15,2.84,3429.4,-14.0525,-0.01405,Sun,9
2026-06-07 09:00:00.000,North,914,82339,90.1,2711.38,2.97,3870.5,-14.0525,-0.01405,Sun,9
2026-06-07 09:00:00.000,South,1122,100938,90,3313.08,2.95,4785.7,-14.0525,-0.01405,Sun,9
2026-06-07 09:00:00.000,West,1198,107928,90.1,3472.45,2.9,5104.9,-14.0525,-0.01405,Sun,9
2026-06-07 10:00:00.000,East,808,72729,90,2673.42,3.31,3422.5,-18.2625,-0.018275,Sun,10
2026-06-07 10:00:00.000,North,914,82198,89.9,2898.78,3.17,3892.8,-18.2625,-0.018275,Sun,10
2026-06-07 10:00:00.000,South,1122,101258,90.2,3508.56,3.13,4782.7,-18.2625,-0.018275,Sun,10
2026-06-07 10:00:00.000,West,1198,107683,89.9,3894.85,3.25,5067.4,-18.2625,-0.018275,Sun,10
2026-06-07 11:00:00.000,East,808,72737,90,2935.76,3.63,3443.2,-35.9375,-0.03595,Sun,11
2026-06-07 11:00:00.000,North,914,82256,90,3322.09,3.63,3895.9,-35.9375,-0.03595,Sun,11
2026-06-07 11:00:00.000,South,1122,101002,90,3919.4,3.49,4773.9,-35.9375,-0.03595,Sun,11
2026-06-07 11:00:00.000,West,1198,107758,89.9,4347.06,3.63,5090.5,-35.9375,-0.03595,Sun,11
2026-06-07 12:00:00.000,East,808,72734,90,3155.54,3.91,3442.6,-44.7375,-0.044725,Sun,12
2026-06-07 12:00:00.000,North,914,82313,90.1,3550.41,3.88,3889.9,-44.7375,-0.044725,Sun,12
2026-06-07 12:00:00.000,South,1122,100987,90,4394.94,3.92,4772.1,-44.7375,-0.044725,Sun,12
2026-06-07 12:00:00.000,West,1198,107953,90.1,4648.5,3.88,5083.9,-44.7375,-0.044725,Sun,12
2026-06-07 13:00:00.000,East,808,72693,90,3486,4.31,3413.9,-36.47,-0.0365,Sun,13
2026-06-07 13:00:00.000,North,914,82176,89.9,3872.3,4.24,3895.3,-36.47,-0.0365,Sun,13
2026-06-07 13:00:00.000,South,1122,100798,89.8,4760.1,4.24,4774.2,-36.47,-0.0365,Sun,13
2026-06-07 13:00:00.000,West,1198,107763,90,5186.5,4.33,5110.2,-36.47,-0.0365,Sun,13
2026-06-07 14:00:00.000,East,808,72528,89.8,3222.11,3.99,3413.3,-15.96,-0.015975,Sun,14
2026-06-07 14:00:00.000,North,914,82247,90,3664.36,4.01,3879.4,-15.96,-0.015975,Sun,14
2026-06-07 14:00:00.000,South,1122,100944,90,4345.06,3.87,4739.1,-15.96,-0.015975,Sun,14
2026-06-07 14:00:00.000,West,1198,107864,90,4666.93,3.9,5085.1,-15.96,-0.015975,Sun,14
2026-06-07 15:00:00.000,East,808,72843,90.2,2853.89,3.53,3424.1,-1.135,-0.001125,Sun,15
2026-06-07 15:00:00.000,North,914,82117,89.8,3132.83,3.43,3861.7,-1.135,-0.001125,Sun,15
2026-06-07 15:00:00.000,South,1122,100946,90,3943.44,3.51,4769.2,-1.135,-0.001125,Sun,15
2026-06-07 15:00:00.000,West,1198,107911,90.1,4325.84,3.61,5076.6,-1.135,-0.001125,Sun,15
2026-06-07 16:00:00.000,East,808,65220,80.7,2560.04,3.17,2619,53.625,0.05365,Sun,16
2026-06-07 16:00:00.000,North,914,74153,81.1,2968.3,3.25,2959.3,53.625,0.05365,Sun,16
2026-06-07 16:00:00.000,South,1122,91141,81.2,3623.83,3.23,3643.3,53.625,0.05365,Sun,16
2026-06-07 16:00:00.000,West,1198,96733,80.7,3926.95,3.28,3864.6,53.625,0.05365,Sun,16
2026-06-07 17:00:00.000,East,808,43976,54.4,2374.29,2.94,183.2,108.0025,0.107975,Sun,17
2026-06-07 17:00:00.000,North,914,50396,55.1,2595.88,2.84,211.1,108.0025,0.107975,Sun,17
2026-06-07 17:00:00.000,South,1122,61568,54.9,3272.47,2.92,314.2,108.0025,0.107975,Sun,17
2026-06-07 17:00:00.000,West,1198,65933,55,3485.68,2.91,311.3,108.0025,0.107975,Sun,17
2026-06-07 18:00:00.000,East,808,44388,54.9,2059.2,2.55,206,128.2675,0.128275,Sun,18
2026-06-07 18:00:00.000,North,914,50038,54.7,2429.1,2.66,322.5,128.2675,0.128275,Sun,18
2026-06-07 18:00:00.000,South,1122,61984,55.2,2826.18,2.52,292.5,128.2675,0.128275,Sun,18
2026-06-07 18:00:00.000,West,1198,65864,55,3070.74,2.56,246.3,128.2675,0.128275,Sun,18
2026-06-07 19:00:00.000,East,808,19390,24,1715.22,2.12,-2848,137.1375,0.13715,Sun,19
2026-06-07 19:00:00.000,North,914,21291,23.3,1961.5,2.15,-3178,137.1375,0.13715,Sun,19
2026-06-07 19:00:00.000,South,1122,26727,23.8,2470.46,2.2,-3899,137.1375,0.13715,Sun,19
2026-06-07 19:00:00.000,West,1198,28116,23.5,2646.57,2.21,-4175,137.1375,0.13715,Sun,19
2026-06-07 20:00:00.000,East,808,18977,23.5,1498.05,1.85,-2908,141.1875,0.141175,Sun,20
2026-06-07 20:00:00.000,North,914,21662,23.7,1683.65,1.84,-3248,141.1875,0.141175,Sun,20
2026-06-07 20:00:00.000,South,1122,26318,23.5,2059.7,1.84,-3838,141.1875,0.141175,Sun,20
2026-06-07 20:00:00.000,West,1198,28202,23.5,2259.41,1.89,-4155,141.1875,0.141175,Sun,20
2026-06-07 21:00:00.000,East,808,19054,23.6,0,0,-2847,140.3425,0.14035,Sun,21
2026-06-07 21:00:00.000,North,914,21213,23.2,0,0,-3210,140.3425,0.14035,Sun,21
2026-06-07 21:00:00.000,South,1122,26463,23.6,0,0,-3923,140.3425,0.14035,Sun,21
2026-06-07 21:00:00.000,West,1198,27803,23.2,0,0,-4200,140.3425,0.14035,Sun,21
2026-06-07 22:00:00.000,East,808,18641,23.1,0,0,-2828,140.43,0.140425,Sun,22
2026-06-07 22:00:00.000,North,914,21512,23.5,0,0,-3205,140.43,0.140425,Sun,22
2026-06-07 22:00:00.000,South,1122,26540,23.7,0,0,-3841,140.43,0.140425,Sun,22
2026-06-07 22:00:00.000,West,1198,28283,23.6,0,0,-4168,140.43,0.140425,Sun,22
2026-06-07 23:00:00.000,East,808,19051,23.6,0,0,-2836,134.2375,0.134225,Sun,23
2026-06-07 23:00:00.000,North,914,21512,23.5,0,0,-3168,134.2375,0.134225,Sun,23
2026-06-07 23:00:00.000,South,1122,26218,23.4,0,0,-3993,134.2375,0.134225,Sun,23
2026-06-07 23:00:00.000,West,1198,28046,23.4,0,0,-4147,134.2375,0.134225,Sun,23
2026-06-08 00:00:00.000,East,808,19109,23.6,0,0,-2867,132.71,0.1327,Mon,0
2026-06-08 00:00:00.000,North,914,21428,23.4,0,0,-3241,132.71,0.1327,Mon,0
2026-06-08 00:00:00.000,South,1122,26356,23.5,0,0,-3874,132.71,0.1327,Mon,0
2026-06-08 00:00:00.000,West,1198,28337,23.7,0,0,-4193,132.71,0.1327,Mon,0
2026-06-08 01:00:00.000,East,808,44390,54.9,0,0,255.5,127.67,0.12765,Mon,1
2026-06-08 01:00:00.000,North,914,50531,55.3,0,0,205.4,127.67,0.12765,Mon,1
2026-06-08 01:00:00.000,South,1122,61691,55,0,0,265.5,127.67,0.12765,Mon,1
2026-06-08 01:00:00.000,West,1198,65071,54.3,0,0,304,127.67,0.12765,Mon,1
2026-06-08 02:00:00.000,East,808,44660,55.3,0,0,184.7,130.175,0.130175,Mon,2
2026-06-08 02:00:00.000,North,914,50710,55.5,0,0,232.2,130.175,0.130175,Mon,2
2026-06-08 02:00:00.000,South,1122,61699,55,0,0,322.4,130.175,0.130175,Mon,2
2026-06-08 02:00:00.000,West,1198,66150,55.2,0,0,298.2,130.175,0.130175,Mon,2
2026-06-08 03:00:00.000,East,808,19022,23.5,0,0,-2846,138.5625,0.138575,Mon,3
2026-06-08 03:00:00.000,North,914,21272,23.3,0,0,-3195,138.5625,0.138575,Mon,3
2026-06-08 03:00:00.000,South,1122,26359,23.5,0,0,-3932,138.5625,0.138575,Mon,3
2026-06-08 03:00:00.000,West,1198,28519,23.8,0,0,-4179,138.5625,0.138575,Mon,3
2026-06-08 04:00:00.000,East,808,18802,23.3,0,0,-2824,150.675,0.150675,Mon,4
2026-06-08 04:00:00.000,North,914,21718,23.8,0,0,-3274,150.675,0.150675,Mon,4
2026-06-08 04:00:00.000,South,1122,26520,23.6,0,0,-3944,150.675,0.150675,Mon,4
2026-06-08 04:00:00.000,West,1198,27945,23.3,0,0,-4175,150.675,0.150675,Mon,4
2026-06-08 05:00:00.000,East,808,19347,23.9,0,0,-2833,145.675,0.145675,Mon,5
2026-06-08 05:00:00.000,North,914,21389,23.4,0,0,-3156,145.675,0.145675,Mon,5
2026-06-08 05:00:00.000,South,1122,26792,23.9,0,0,-3960,145.675,0.145675,Mon,5
2026-06-08 05:00:00.000,West,1198,28455,23.8,0,0,-4176,145.675,0.145675,Mon,5
2026-06-08 06:00:00.000,East,808,44245,54.8,1505.18,1.86,208.3,124.875,0.124875,Mon,6
2026-06-08 06:00:00.000,North,914,50594,55.4,1689.25,1.85,234.3,124.875,0.124875,Mon,6
2026-06-08 06:00:00.000,South,1122,62046,55.3,2095.6,1.87,276.1,124.875,0.124875,Mon,6
2026-06-08 06:00:00.000,West,1198,65758,54.9,2253.36,1.88,243.8,124.875,0.124875,Mon,6
2026-06-08 07:00:00.000,East,808,44369,54.9,1797.67,2.22,226.2,100.9025,0.100925,Mon,7
2026-06-08 07:00:00.000,North,914,49965,54.7,2031.3,2.22,255.2,100.9025,0.100925,Mon,7
2026-06-08 07:00:00.000,South,1122,61170,54.5,2472.85,2.2,251.3,100.9025,0.100925,Mon,7
2026-06-08 07:00:00.000,West,1198,65667,54.8,2668.15,2.23,275.3,100.9025,0.100925,Mon,7
2026-06-08 08:00:00.000,East,808,44646,55.3,2002.26,2.48,203,75.915,0.075925,Mon,8
2026-06-08 08:00:00.000,North,914,50213,54.9,2391.66,2.62,215.5,75.915,0.075925,Mon,8
2026-06-08 08:00:00.000,South,1122,61885,55.2,2882.28,2.57,287.2,75.915,0.075925,Mon,8
2026-06-08 08:00:00.000,West,1198,65824,54.9,3078.96,2.57,261.9,75.915,0.075925,Mon,8
2026-06-08 09:00:00.000,East,808,65404,80.9,2404.53,2.98,2673,55.6425,0.05565,Mon,9
2026-06-08 09:00:00.000,North,914,73962,80.9,2593.63,2.84,2990.2,55.6425,0.05565,Mon,9
2026-06-08 09:00:00.000,South,1122,91042,81.1,3249.56,2.9,3677.1,55.6425,0.05565,Mon,9
2026-06-08 09:00:00.000,West,1198,97165,81.1,3468.58,2.9,3905.1,55.6425,0.05565,Mon,9
2026-06-08 10:00:00.000,East,808,65805,81.4,2505.14,3.1,2585.8,54.4825,0.0545,Mon,10
2026-06-08 10:00:00.000,North,914,73937,80.9,2891.07,3.16,2948.2,54.4825,0.0545,Mon,10
2026-06-08 10:00:00.000,South,1122,90662,80.8,3581.83,3.19,3645.1,54.4825,0.0545,Mon,10
2026-06-08 10:00:00.000,West,1198,96688,80.7,3890.47,3.25,3844.3,54.4825,0.0545,Mon,10
2026-06-08 11:00:00.000,East,808,65269,80.8,2803.58,3.47,2590.7,55.2175,0.055225,Mon,11
2026-06-08 11:00:00.000,North,914,73735,80.7,3181.1,3.48,2955,55.2175,0.055225,Mon,11
2026-06-08 11:00:00.000,South,1122,90912,81,4011.71,3.58,3607.3,55.2175,0.055225,Mon,11
2026-06-08 11:00:00.000,West,1198,97062,81,4246.92,3.55,3868.7,55.2175,0.055225,Mon,11
2026-06-08 12:00:00.000,East,808,44925,55.6,3174.06,3.93,237.3,68.67,0.068675,Mon,12
2026-06-08 12:00:00.000,North,914,50333,55.1,3673,4.02,189.8,68.67,0.068675,Mon,12
2026-06-08 12:00:00.000,South,1122,62100,55.3,4393.11,3.92,261.5,68.67,0.068675,Mon,12
2026-06-08 12:00:00.000,West,1198,66160,55.2,4690.1,3.91,320.4,68.67,0.068675,Mon,12
2026-06-08 13:00:00.000,East,808,44627,55.2,3338.5,4.13,261.5,88.8525,0.08885,Mon,13
2026-06-08 13:00:00.000,North,914,50501,55.3,3854.6,4.22,206.4,88.8525,0.08885,Mon,13
2026-06-08 13:00:00.000,South,1122,61714,55,4780.5,4.26,257.6,88.8525,0.08885,Mon,13
2026-06-08 13:00:00.000,West,1198,65614,54.8,5068.3,4.23,323.2,88.8525,0.08885,Mon,13
2026-06-08 14:00:00.000,East,808,44923,55.6,3313.01,4.1,254.6,102.58,0.102575,Mon,14
2026-06-08 14:00:00.000,North,914,50673,55.4,3603.66,3.94,245.4,102.58,0.102575,Mon,14
2026-06-08 14:00:00.000,South,1122,61814,55.1,4528.89,4.04,315.3,102.58,0.102575,Mon,14
2026-06-08 14:00:00.000,West,1198,65790,54.9,4646.06,3.88,314.9,102.58,0.102575,Mon,14
2026-06-08 15:00:00.000,East,808,44568,55.2,2885.87,3.57,225.3,128.875,0.128875,Mon,15
2026-06-08 15:00:00.000,North,914,50269,55,3323.31,3.64,256.5,128.875,0.128875,Mon,15
2026-06-08 15:00:00.000,South,1122,61590,54.9,4138.28,3.69,255.2,128.875,0.128875,Mon,15
2026-06-08 15:00:00.000,West,1198,65940,55,4316.35,3.6,295.1,128.875,0.128875,Mon,15
2026-06-08 16:00:00.000,East,808,18608,23,2551.75,3.16,-2841,151.33,0.15135,Mon,16
2026-06-08 16:00:00.000,North,914,21524,23.5,2943.66,3.22,-3235,151.33,0.15135,Mon,16
2026-06-08 16:00:00.000,South,1122,26628,23.7,3653.35,3.26,-3914,151.33,0.15135,Mon,16
2026-06-08 16:00:00.000,West,1198,28306,23.6,3904.38,3.26,-4197,151.33,0.15135,Mon,16
2026-06-08 17:00:00.000,East,808,18650,23.1,2359.31,2.92,-2836,199.3225,0.199325,Mon,17
2026-06-08 17:00:00.000,North,914,21731,23.8,2584.35,2.83,-3164,199.3225,0.199325,Mon,17
2026-06-08 17:00:00.000,South,1122,26451,23.6,3224.24,2.87,-3942,199.3225,0.199325,Mon,17
2026-06-08 17:00:00.000,West,1198,28394,23.7,3340.44,2.79,-4243,199.3225,0.199325,Mon,17
2026-06-08 18:00:00.000,East,808,18971,23.5,2015.04,2.49,-2755,208.9025,0.2089,Mon,18
2026-06-08 18:00:00.000,North,914,21759,23.8,2288.52,2.5,-3220,208.9025,0.2089,Mon,18
2026-06-08 18:00:00.000,South,1122,26117,23.3,2851.2,2.54,-3974,208.9025,0.2089,Mon,18
2026-06-08 18:00:00.000,West,1198,28414,23.7,3059.58,2.55,-4184,208.9025,0.2089,Mon,18
2026-06-08 19:00:00.000,East,808,19024,23.5,1804.76,2.23,-2781,185.75,0.185775,Mon,19
2026-06-08 19:00:00.000,North,914,21573,23.6,2004.76,2.19,-3221,185.75,0.185775,Mon,19
2026-06-08 19:00:00.000,South,1122,26952,24,2455.57,2.19,-3896,185.75,0.185775,Mon,19
2026-06-08 19:00:00.000,West,1198,28207,23.5,2687.3,2.24,-4237,185.75,0.185775,Mon,19
2026-06-08 20:00:00.000,East,808,19280,23.9,1506.69,1.86,-2857,152.3675,0.15235,Mon,20
2026-06-08 20:00:00.000,North,914,21655,23.7,1711.99,1.87,-3182,152.3675,0.15235,Mon,20
2026-06-08 20:00:00.000,South,1122,26472,23.6,2134.12,1.9,-3933,152.3675,0.15235,Mon,20
2026-06-08 20:00:00.000,West,1198,27741,23.2,2229.85,1.86,-4168,152.3675,0.15235,Mon,20
2026-06-08 21:00:00.000,East,808,44186,54.7,0,0,262.9,128.205,0.128225,Mon,21
2026-06-08 21:00:00.000,North,914,49872,54.6,0,0,314.3,128.205,0.128225,Mon,21
2026-06-08 21:00:00.000,South,1122,61828,55.1,0,0,239.6,128.205,0.128225,Mon,21
2026-06-08 21:00:00.000,West,1198,65797,54.9,0,0,331.7,128.205,0.128225,Mon,21
2026-06-08 22:00:00.000,East,808,40942,50.7,0,0,787,NULL,NULL,,NULL
2026-06-08 22:00:00.000,North,914,45986,50.3,0,0,911,NULL,NULL,,NULL
2026-06-08 22:00:00.000,South,1122,56315,50.2,0,0,1142,NULL,NULL,,NULL
2026-06-08 22:00:00.000,West,1198,59285,49.5,0,0,1238,NULL,NULL,,NULL
2026-06-08 23:00:00.000,East,808,40194,49.7,0,0,845,NULL,NULL,,NULL
2026-06-08 23:00:00.000,North,914,45604,49.9,0,0,938,NULL,NULL,,NULL
2026-06-08 23:00:00.000,South,1122,56443,50.3,0,0,1133,NULL,NULL,,NULL
2026-06-08 23:00:00.000,West,1198,60241,50.3,0,0,1207,NULL,NULL,,NULL
